11,11,XHCD4lkSixlWfixT/H/I/wMIXLU=,mQb4CZiaBE1PjU9Zx5mL7CrahaE=
8,11,XHCD4lkSixlWfixT/H/I/wMIXLU=,mQb4CZiaBE1PjU9Zx5mL7CrahaE=
10,11,XHCD4lkSixlWfixT/H/I/wMIXLU=,mQb4CZiaBE1PjU9Zx5mL7CrahaE=
7,14,XHCD4lkSixlWfixT/H/I/wMIXLU=,mQb4CZiaBE1PjU9Zx5mL7CrahaE=
9,11,XHCD4lkSixlWfixT/H/I/wMIXLU=,mQb4CZiaBE1PjU9Zx5mL7CrahaE=
6,14,XHCD4lkSixlWfixT/H/I/wMIXLU=,mQb4CZiaBE1PjU9Zx5mL7CrahaE=
14,14,XHCD4lkSixlWfixT/H/I/wMIXLU=,mQb4CZiaBE1PjU9Zx5mL7CrahaE=
5,14,XHCD4lkSixlWfixT/H/I/wMIXLU=,mQb4CZiaBE1PjU9Zx5mL7CrahaE=
13,14,XHCD4lkSixlWfixT/H/I/wMIXLU=,mQb4CZiaBE1PjU9Zx5mL7CrahaE=
4,14,XHCD4lkSixlWfixT/H/I/wMIXLU=,mQb4CZiaBE1PjU9Zx5mL7CrahaE=
12,14,XHCD4lkSixlWfixT/H/I/wMIXLU=,mQb4CZiaBE1PjU9Zx5mL7CrahaE=
3,14,XHCD4lkSixlWfixT/H/I/wMIXLU=,mQb4CZiaBE1PjU9Zx5mL7CrahaE=
11,14,XHCD4lkSixlWfixT/H/I/wMIXLU=,mQb4CZiaBE1PjU9Zx5mL7CrahaE=
2,14,XHCD4lkSixlWfixT/H/I/wMIXLU=,mQb4CZiaBE1PjU9Zx5mL7CrahaE=
10,14,XHCD4lkSixlWfixT/H/I/wMIXLU=,mQb4CZiaBE1PjU9Zx5mL7CrahaE=
1,14,XHCD4lkSixlWfixT/H/I/wMIXLU=,mQb4CZiaBE1PjU9Zx5mL7CrahaE=
14,10,XHCD4lkSixlWfixT/H/I/wMIXLU=,mQb4CZiaBE1PjU9Zx5mL7CrahaE=
7,13,lxOpbax41guQ9PRcK6QxD5u5yGU=,mQb4CZiaBE1PjU9Zx5mL7CrahaE=
13,10,XHCD4lkSixlWfixT/H/I/wMIXLU=,mQb4CZiaBE1PjU9Zx5mL7CrahaE=
6,13,lxOpbax41guQ9PRcK6QxD5u5yGU=,mQb4CZiaBE1PjU9Zx5mL7CrahaE=
12,10,XHCD4lkSixlWfixT/H/I/wMIXLU=,mQb4CZiaBE1PjU9Zx5mL7CrahaE=
5,13,lxOpbax41guQ9PRcK6QxD5u5yGU=,mQb4CZiaBE1PjU9Zx5mL7CrahaE=
11,10,XHCD4lkSixlWfixT/H/I/wMIXLU=,mQb4CZiaBE1PjU9Zx5mL7CrahaE=
4,13,lxOpbax41guQ9PRcK6QxD5u5yGU=,mQb4CZiaBE1PjU9Zx5mL7CrahaE=
9,14,XHCD4lkSixlWfixT/H/I/wMIXLU=,mQb4CZiaBE1PjU9Zx5mL7CrahaE=
3,13,XHCD4lkSixlWfixT/H/I/wMIXLU=,mQb4CZiaBE1PjU9Zx5mL7CrahaE=
10,10,XHCD4lkSixlWfixT/H/I/wMIXLU=,mQb4CZiaBE1PjU9Zx5mL7CrahaE=
2,13,XHCD4lkSixlWfixT/H/I/wMIXLU=,mQb4CZiaBE1PjU9Zx5mL7CrahaE=
9,10,XHCD4lkSixlWfixT/H/I/wMIXLU=,mQb4CZiaBE1PjU9Zx5mL7CrahaE=
1,13,XHCD4lkSixlWfixT/H/I/wMIXLU=,mQb4CZiaBE1PjU9Zx5mL7CrahaE=
14,13,XHCD4lkSixlWfixT/H/I/wMIXLU=,mQb4CZiaBE1PjU9Zx5mL7CrahaE=
7,12,XHCD4lkSixlWfixT/H/I/wMIXLU=,mQb4CZiaBE1PjU9Zx5mL7CrahaE=
13,13,XHCD4lkSixlWfixT/H/I/wMIXLU=,mQb4CZiaBE1PjU9Zx5mL7CrahaE=
8,14,XHCD4lkSixlWfixT/H/I/wMIXLU=,mQb4CZiaBE1PjU9Zx5mL7CrahaE=
12,13,XHCD4lkSixlWfixT/H/I/wMIXLU=,mQb4CZiaBE1PjU9Zx5mL7CrahaE=
6,12,XHCD4lkSixlWfixT/H/I/wMIXLU=,mQb4CZiaBE1PjU9Zx5mL7CrahaE=
11,5,IuL3RLzMXfppfsflxmdDwGzFs70=,3iOe2+jJKsHewQJ2stUaJKCP3dg=
14,9,XHCD4lkSixlWfixT/H/I/wMIXLU=,mQb4CZiaBE1PjU9Zx5mL7CrahaE=
8,10,XHCD4lkSixlWfixT/H/I/wMIXLU=,mQb4CZiaBE1PjU9Zx5mL7CrahaE=
10,5,IuL3RLzMXfppfsflxmdDwGzFs70=,3iOe2+jJKsHewQJ2stUaJKCP3dg=
13,9,XHCD4lkSixlWfixT/H/I/wMIXLU=,mQb4CZiaBE1PjU9Zx5mL7CrahaE=
5,12,XHCD4lkSixlWfixT/H/I/wMIXLU=,mQb4CZiaBE1PjU9Zx5mL7CrahaE=
9,5,IuL3RLzMXfppfsflxmdDwGzFs70=,3iOe2+jJKsHewQJ2stUaJKCP3dg=
5,6,IuL3RLzMXfppfsflxmdDwGzFs70=,3iOe2+jJKsHewQJ2stUaJKCP3dg=
11,13,XHCD4lkSixlWfixT/H/I/wMIXLU=,mQb4CZiaBE1PjU9Zx5mL7CrahaE=
4,12,XHCD4lkSixlWfixT/H/I/wMIXLU=,mQb4CZiaBE1PjU9Zx5mL7CrahaE=
3,7,IuL3RLzMXfppfsflxmdDwGzFs70=,3iOe2+jJKsHewQJ2stUaJKCP3dg=
14,4,IuL3RLzMXfppfsflxmdDwGzFs70=,3iOe2+jJKsHewQJ2stUaJKCP3dg=
10,13,XHCD4lkSixlWfixT/H/I/wMIXLU=,mQb4CZiaBE1PjU9Zx5mL7CrahaE=
3,12,XHCD4lkSixlWfixT/H/I/wMIXLU=,mQb4CZiaBE1PjU9Zx5mL7CrahaE=
13,4,IuL3RLzMXfppfsflxmdDwGzFs70=,3iOe2+jJKsHewQJ2stUaJKCP3dg=
1,3,IuL3RLzMXfppfsflxmdDwGzFs70=,3iOe2+jJKsHewQJ2stUaJKCP3dg=
9,13,XHCD4lkSixlWfixT/H/I/wMIXLU=,mQb4CZiaBE1PjU9Zx5mL7CrahaE=
2,12,XHCD4lkSixlWfixT/H/I/wMIXLU=,mQb4CZiaBE1PjU9Zx5mL7CrahaE=
12,4,IuL3RLzMXfppfsflxmdDwGzFs70=,3iOe2+jJKsHewQJ2stUaJKCP3dg=
2,7,IuL3RLzMXfppfsflxmdDwGzFs70=,3iOe2+jJKsHewQJ2stUaJKCP3dg=
12,9,XHCD4lkSixlWfixT/H/I/wMIXLU=,mQb4CZiaBE1PjU9Zx5mL7CrahaE=
1,12,XHCD4lkSixlWfixT/H/I/wMIXLU=,mQb4CZiaBE1PjU9Zx5mL7CrahaE=
7,4,IuL3RLzMXfppfsflxmdDwGzFs70=,3iOe2+jJKsHewQJ2stUaJKCP3dg=
11,4,IuL3RLzMXfppfsflxmdDwGzFs70=,3iOe2+jJKsHewQJ2stUaJKCP3dg=
14,12,XHCD4lkSixlWfixT/H/I/wMIXLU=,mQb4CZiaBE1PjU9Zx5mL7CrahaE=
7,11,XHCD4lkSixlWfixT/H/I/wMIXLU=,mQb4CZiaBE1PjU9Zx5mL7CrahaE=
10,4,IuL3RLzMXfppfsflxmdDwGzFs70=,3iOe2+jJKsHewQJ2stUaJKCP3dg=
8,5,IuL3RLzMXfppfsflxmdDwGzFs70=,3iOe2+jJKsHewQJ2stUaJKCP3dg=
13,12,XHCD4lkSixlWfixT/H/I/wMIXLU=,mQb4CZiaBE1PjU9Zx5mL7CrahaE=
6,11,XHCD4lkSixlWfixT/H/I/wMIXLU=,mQb4CZiaBE1PjU9Zx5mL7CrahaE=
4,6,IuL3RLzMXfppfsflxmdDwGzFs70=,3iOe2+jJKsHewQJ2stUaJKCP3dg=
9,4,IuL3RLzMXfppfsflxmdDwGzFs70=,3iOe2+jJKsHewQJ2stUaJKCP3dg=
11,9,XHCD4lkSixlWfixT/H/I/wMIXLU=,mQb4CZiaBE1PjU9Zx5mL7CrahaE=
5,11,XHCD4lkSixlWfixT/H/I/wMIXLU=,mQb4CZiaBE1PjU9Zx5mL7CrahaE=
14,3,IuL3RLzMXfppfsflxmdDwGzFs70=,3iOe2+jJKsHewQJ2stUaJKCP3dg=
6,4,IuL3RLzMXfppfsflxmdDwGzFs70=,3iOe2+jJKsHewQJ2stUaJKCP3dg=
10,9,XHCD4lkSixlWfixT/H/I/wMIXLU=,mQb4CZiaBE1PjU9Zx5mL7CrahaE=
4,11,XHCD4lkSixlWfixT/H/I/wMIXLU=,mQb4CZiaBE1PjU9Zx5mL7CrahaE=
13,3,IuL3RLzMXfppfsflxmdDwGzFs70=,3iOe2+jJKsHewQJ2stUaJKCP3dg=
12,12,XHCD4lkSixlWfixT/H/I/wMIXLU=,mQb4CZiaBE1PjU9Zx5mL7CrahaE=
7,3,IuL3RLzMXfppfsflxmdDwGzFs70=,3iOe2+jJKsHewQJ2stUaJKCP3dg=
3,11,XHCD4lkSixlWfixT/H/I/wMIXLU=,mQb4CZiaBE1PjU9Zx5mL7CrahaE=
12,3,IuL3RLzMXfppfsflxmdDwGzFs70=,3iOe2+jJKsHewQJ2stUaJKCP3dg=
1,7,IuL3RLzMXfppfsflxmdDwGzFs70=,3iOe2+jJKsHewQJ2stUaJKCP3dg=
11,12,XHCD4lkSixlWfixT/H/I/wMIXLU=,mQb4CZiaBE1PjU9Zx5mL7CrahaE=
8,13,lxOpbax41guQ9PRcK6QxD5u5yGU=,mQb4CZiaBE1PjU9Zx5mL7CrahaE=
11,3,IuL3RLzMXfppfsflxmdDwGzFs70=,3iOe2+jJKsHewQJ2stUaJKCP3dg=
7,2,IuL3RLzMXfppfsflxmdDwGzFs70=,3iOe2+jJKsHewQJ2stUaJKCP3dg=
9,9,XHCD4lkSixlWfixT/H/I/wMIXLU=,mQb4CZiaBE1PjU9Zx5mL7CrahaE=
2,11,XHCD4lkSixlWfixT/H/I/wMIXLU=,mQb4CZiaBE1PjU9Zx5mL7CrahaE=
10,3,IuL3RLzMXfppfsflxmdDwGzFs70=,3iOe2+jJKsHewQJ2stUaJKCP3dg=
10,12,XHCD4lkSixlWfixT/H/I/wMIXLU=,mQb4CZiaBE1PjU9Zx5mL7CrahaE=
3,1,IuL3RLzMXfppfsflxmdDwGzFs70=,3iOe2+jJKsHewQJ2stUaJKCP3dg=
1,11,XHCD4lkSixlWfixT/H/I/wMIXLU=,mQb4CZiaBE1PjU9Zx5mL7CrahaE=
9,3,IuL3RLzMXfppfsflxmdDwGzFs70=,3iOe2+jJKsHewQJ2stUaJKCP3dg=
9,12,XHCD4lkSixlWfixT/H/I/wMIXLU=,mQb4CZiaBE1PjU9Zx5mL7CrahaE=
7,10,XHCD4lkSixlWfixT/H/I/wMIXLU=,mQb4CZiaBE1PjU9Zx5mL7CrahaE=
2,1,IuL3RLzMXfppfsflxmdDwGzFs70=,3iOe2+jJKsHewQJ2stUaJKCP3dg=
14,2,IuL3RLzMXfppfsflxmdDwGzFs70=,3iOe2+jJKsHewQJ2stUaJKCP3dg=
14,11,XHCD4lkSixlWfixT/H/I/wMIXLU=,mQb4CZiaBE1PjU9Zx5mL7CrahaE=
6,10,XHCD4lkSixlWfixT/H/I/wMIXLU=,mQb4CZiaBE1PjU9Zx5mL7CrahaE=
1,1,IuL3RLzMXfppfsflxmdDwGzFs70=,3iOe2+jJKsHewQJ2stUaJKCP3dg=
13,2,IuL3RLzMXfppfsflxmdDwGzFs70=,3iOe2+jJKsHewQJ2stUaJKCP3dg=
13,11,XHCD4lkSixlWfixT/H/I/wMIXLU=,mQb4CZiaBE1PjU9Zx5mL7CrahaE=
5,10,XHCD4lkSixlWfixT/H/I/wMIXLU=,mQb4CZiaBE1PjU9Zx5mL7CrahaE=
6,2,IuL3RLzMXfppfsflxmdDwGzFs70=,3iOe2+jJKsHewQJ2stUaJKCP3dg=
12,2,IuL3RLzMXfppfsflxmdDwGzFs70=,3iOe2+jJKsHewQJ2stUaJKCP3dg=
12,11,XHCD4lkSixlWfixT/H/I/wMIXLU=,mQb4CZiaBE1PjU9Zx5mL7CrahaE=
4,10,XHCD4lkSixlWfixT/H/I/wMIXLU=,mQb4CZiaBE1PjU9Zx5mL7CrahaE=
14,8,lxOpbax41guQ9PRcK6QxD5u5yGU=,mQb4CZiaBE1PjU9Zx5mL7CrahaE=
15,14,XHCD4lkSixlWfixT/H/I/wMIXLU=,mQb4CZiaBE1PjU9Zx5mL7CrahaE=
5,4,IuL3RLzMXfppfsflxmdDwGzFs70=,3iOe2+jJKsHewQJ2stUaJKCP3dg=
3,10,XHCD4lkSixlWfixT/H/I/wMIXLU=,mQb4CZiaBE1PjU9Zx5mL7CrahaE=
13,8,lxOpbax41guQ9PRcK6QxD5u5yGU=,mQb4CZiaBE1PjU9Zx5mL7CrahaE=
15,10,XHCD4lkSixlWfixT/H/I/wMIXLU=,mQb4CZiaBE1PjU9Zx5mL7CrahaE=
3,6,IuL3RLzMXfppfsflxmdDwGzFs70=,3iOe2+jJKsHewQJ2stUaJKCP3dg=
2,10,XHCD4lkSixlWfixT/H/I/wMIXLU=,mQb4CZiaBE1PjU9Zx5mL7CrahaE=
12,8,lxOpbax41guQ9PRcK6QxD5u5yGU=,mQb4CZiaBE1PjU9Zx5mL7CrahaE=
15,13,XHCD4lkSixlWfixT/H/I/wMIXLU=,mQb4CZiaBE1PjU9Zx5mL7CrahaE=
1,10,XHCD4lkSixlWfixT/H/I/wMIXLU=,mQb4CZiaBE1PjU9Zx5mL7CrahaE=
5,2,IuL3RLzMXfppfsflxmdDwGzFs70=,3iOe2+jJKsHewQJ2stUaJKCP3dg=
11,2,IuL3RLzMXfppfsflxmdDwGzFs70=,3iOe2+jJKsHewQJ2stUaJKCP3dg=
7,9,XHCD4lkSixlWfixT/H/I/wMIXLU=,mQb4CZiaBE1PjU9Zx5mL7CrahaE=
15,9,XHCD4lkSixlWfixT/H/I/wMIXLU=,mQb4CZiaBE1PjU9Zx5mL7CrahaE=
8,4,IuL3RLzMXfppfsflxmdDwGzFs70=,3iOe2+jJKsHewQJ2stUaJKCP3dg=
15,12,XHCD4lkSixlWfixT/H/I/wMIXLU=,mQb4CZiaBE1PjU9Zx5mL7CrahaE=
11,8,lxOpbax41guQ9PRcK6QxD5u5yGU=,mQb4CZiaBE1PjU9Zx5mL7CrahaE=
6,9,XHCD4lkSixlWfixT/H/I/wMIXLU=,mQb4CZiaBE1PjU9Zx5mL7CrahaE=
5,5,IuL3RLzMXfppfsflxmdDwGzFs70=,3iOe2+jJKsHewQJ2stUaJKCP3dg=
10,8,lxOpbax41guQ9PRcK6QxD5u5yGU=,mQb4CZiaBE1PjU9Zx5mL7CrahaE=
5,9,XHCD4lkSixlWfixT/H/I/wMIXLU=,mQb4CZiaBE1PjU9Zx5mL7CrahaE=
15,11,XHCD4lkSixlWfixT/H/I/wMIXLU=,mQb4CZiaBE1PjU9Zx5mL7CrahaE=
6,3,IuL3RLzMXfppfsflxmdDwGzFs70=,3iOe2+jJKsHewQJ2stUaJKCP3dg=
4,9,XHCD4lkSixlWfixT/H/I/wMIXLU=,mQb4CZiaBE1PjU9Zx5mL7CrahaE=
14,15,lxOpbax41guQ9PRcK6QxD5u5yGU=,mQb4CZiaBE1PjU9Zx5mL7CrahaE=
10,2,IuL3RLzMXfppfsflxmdDwGzFs70=,3iOe2+jJKsHewQJ2stUaJKCP3dg=
8,9,XHCD4lkSixlWfixT/H/I/wMIXLU=,mQb4CZiaBE1PjU9Zx5mL7CrahaE=
9,8,lxOpbax41guQ9PRcK6QxD5u5yGU=,mQb4CZiaBE1PjU9Zx5mL7CrahaE=
13,15,lxOpbax41guQ9PRcK6QxD5u5yGU=,mQb4CZiaBE1PjU9Zx5mL7CrahaE=
4,5,IuL3RLzMXfppfsflxmdDwGzFs70=,3iOe2+jJKsHewQJ2stUaJKCP3dg=
3,9,XHCD4lkSixlWfixT/H/I/wMIXLU=,mQb4CZiaBE1PjU9Zx5mL7CrahaE=
12,15,lxOpbax41guQ9PRcK6QxD5u5yGU=,mQb4CZiaBE1PjU9Zx5mL7CrahaE=
9,2,IuL3RLzMXfppfsflxmdDwGzFs70=,3iOe2+jJKsHewQJ2stUaJKCP3dg=
7,6,IuL3RLzMXfppfsflxmdDwGzFs70=,3iOe2+jJKsHewQJ2stUaJKCP3dg=
2,9,XHCD4lkSixlWfixT/H/I/wMIXLU=,mQb4CZiaBE1PjU9Zx5mL7CrahaE=
11,15,lxOpbax41guQ9PRcK6QxD5u5yGU=,mQb4CZiaBE1PjU9Zx5mL7CrahaE=
14,1,IuL3RLzMXfppfsflxmdDwGzFs70=,3iOe2+jJKsHewQJ2stUaJKCP3dg=
3,5,IuL3RLzMXfppfsflxmdDwGzFs70=,3iOe2+jJKsHewQJ2stUaJKCP3dg=
1,9,XHCD4lkSixlWfixT/H/I/wMIXLU=,mQb4CZiaBE1PjU9Zx5mL7CrahaE=
13,1,IuL3RLzMXfppfsflxmdDwGzFs70=,3iOe2+jJKsHewQJ2stUaJKCP3dg=
10,15,lxOpbax41guQ9PRcK6QxD5u5yGU=,mQb4CZiaBE1PjU9Zx5mL7CrahaE=
4,2,IuL3RLzMXfppfsflxmdDwGzFs70=,3iOe2+jJKsHewQJ2stUaJKCP3dg=
8,12,lxOpbax41guQ9PRcK6QxD5u5yGU=,mQb4CZiaBE1PjU9Zx5mL7CrahaE=
9,15,lxOpbax41guQ9PRcK6QxD5u5yGU=,mQb4CZiaBE1PjU9Zx5mL7CrahaE=
12,1,IuL3RLzMXfppfsflxmdDwGzFs70=,3iOe2+jJKsHewQJ2stUaJKCP3dg=
5,3,IuL3RLzMXfppfsflxmdDwGzFs70=,3iOe2+jJKsHewQJ2stUaJKCP3dg=
3,15,XHCD4lkSixlWfixT/H/I/wMIXLU=,mQb4CZiaBE1PjU9Zx5mL7CrahaE=
0,14,XHCD4lkSixlWfixT/H/I/wMIXLU=,mQb4CZiaBE1PjU9Zx5mL7CrahaE=
11,1,IuL3RLzMXfppfsflxmdDwGzFs70=,3iOe2+jJKsHewQJ2stUaJKCP3dg=
8,3,IuL3RLzMXfppfsflxmdDwGzFs70=,3iOe2+jJKsHewQJ2stUaJKCP3dg=
2,15,lxOpbax41guQ9PRcK6QxD5u5yGU=,mQb4CZiaBE1PjU9Zx5mL7CrahaE=
0,13,XHCD4lkSixlWfixT/H/I/wMIXLU=,mQb4CZiaBE1PjU9Zx5mL7CrahaE=
14,7,IuL3RLzMXfppfsflxmdDwGzFs70=,3iOe2+jJKsHewQJ2stUaJKCP3dg=
2,5,IuL3RLzMXfppfsflxmdDwGzFs70=,3iOe2+jJKsHewQJ2stUaJKCP3dg=
1,15,lxOpbax41guQ9PRcK6QxD5u5yGU=,mQb4CZiaBE1PjU9Zx5mL7CrahaE=
0,12,XHCD4lkSixlWfixT/H/I/wMIXLU=,mQb4CZiaBE1PjU9Zx5mL7CrahaE=
10,1,IuL3RLzMXfppfsflxmdDwGzFs70=,3iOe2+jJKsHewQJ2stUaJKCP3dg=
4,3,IuL3RLzMXfppfsflxmdDwGzFs70=,3iOe2+jJKsHewQJ2stUaJKCP3dg=
8,15,lxOpbax41guQ9PRcK6QxD5u5yGU=,mQb4CZiaBE1PjU9Zx5mL7CrahaE=
0,11,XHCD4lkSixlWfixT/H/I/wMIXLU=,mQb4CZiaBE1PjU9Zx5mL7CrahaE=
9,1,IuL3RLzMXfppfsflxmdDwGzFs70=,3iOe2+jJKsHewQJ2stUaJKCP3dg=
1,5,IuL3RLzMXfppfsflxmdDwGzFs70=,3iOe2+jJKsHewQJ2stUaJKCP3dg=
7,15,lxOpbax41guQ9PRcK6QxD5u5yGU=,mQb4CZiaBE1PjU9Zx5mL7CrahaE=
0,10,XHCD4lkSixlWfixT/H/I/wMIXLU=,mQb4CZiaBE1PjU9Zx5mL7CrahaE=
13,7,IuL3RLzMXfppfsflxmdDwGzFs70=,3iOe2+jJKsHewQJ2stUaJKCP3dg=
6,15,XHCD4lkSixlWfixT/H/I/wMIXLU=,mQb4CZiaBE1PjU9Zx5mL7CrahaE=
2,6,IuL3RLzMXfppfsflxmdDwGzFs70=,3iOe2+jJKsHewQJ2stUaJKCP3dg=
0,9,XHCD4lkSixlWfixT/H/I/wMIXLU=,mQb4CZiaBE1PjU9Zx5mL7CrahaE=
5,15,XHCD4lkSixlWfixT/H/I/wMIXLU=,mQb4CZiaBE1PjU9Zx5mL7CrahaE=
7,8,lxOpbax41guQ9PRcK6QxD5u5yGU=,mQb4CZiaBE1PjU9Zx5mL7CrahaE=
12,7,IuL3RLzMXfppfsflxmdDwGzFs70=,3iOe2+jJKsHewQJ2stUaJKCP3dg=
4,15,XHCD4lkSixlWfixT/H/I/wMIXLU=,mQb4CZiaBE1PjU9Zx5mL7CrahaE=
6,8,lxOpbax41guQ9PRcK6QxD5u5yGU=,mQb4CZiaBE1PjU9Zx5mL7CrahaE=
0,3,IuL3RLzMXfppfsflxmdDwGzFs70=,3iOe2+jJKsHewQJ2stUaJKCP3dg=
11,7,IuL3RLzMXfppfsflxmdDwGzFs70=,3iOe2+jJKsHewQJ2stUaJKCP3dg=
5,8,lxOpbax41guQ9PRcK6QxD5u5yGU=,mQb4CZiaBE1PjU9Zx5mL7CrahaE=
0,1,IuL3RLzMXfppfsflxmdDwGzFs70=,3iOe2+jJKsHewQJ2stUaJKCP3dg=
10,7,IuL3RLzMXfppfsflxmdDwGzFs70=,3iOe2+jJKsHewQJ2stUaJKCP3dg=
3,0,IuL3RLzMXfppfsflxmdDwGzFs70=,3iOe2+jJKsHewQJ2stUaJKCP3dg=
4,8,lxOpbax41guQ9PRcK6QxD5u5yGU=,mQb4CZiaBE1PjU9Zx5mL7CrahaE=
0,7,IuL3RLzMXfppfsflxmdDwGzFs70=,3iOe2+jJKsHewQJ2stUaJKCP3dg=
9,7,IuL3RLzMXfppfsflxmdDwGzFs70=,3iOe2+jJKsHewQJ2stUaJKCP3dg=
6,0,IuL3RLzMXfppfsflxmdDwGzFs70=,3iOe2+jJKsHewQJ2stUaJKCP3dg=
3,2,IuL3RLzMXfppfsflxmdDwGzFs70=,3iOe2+jJKsHewQJ2stUaJKCP3dg=
14,6,IuL3RLzMXfppfsflxmdDwGzFs70=,3iOe2+jJKsHewQJ2stUaJKCP3dg=
5,0,IuL3RLzMXfppfsflxmdDwGzFs70=,3iOe2+jJKsHewQJ2stUaJKCP3dg=
0,5,IuL3RLzMXfppfsflxmdDwGzFs70=,3iOe2+jJKsHewQJ2stUaJKCP3dg=
13,6,IuL3RLzMXfppfsflxmdDwGzFs70=,3iOe2+jJKsHewQJ2stUaJKCP3dg=
8,2,IuL3RLzMXfppfsflxmdDwGzFs70=,3iOe2+jJKsHewQJ2stUaJKCP3dg=
2,0,IuL3RLzMXfppfsflxmdDwGzFs70=,3iOe2+jJKsHewQJ2stUaJKCP3dg=
0,2,IuL3RLzMXfppfsflxmdDwGzFs70=,3iOe2+jJKsHewQJ2stUaJKCP3dg=
0,6,IuL3RLzMXfppfsflxmdDwGzFs70=,3iOe2+jJKsHewQJ2stUaJKCP3dg=
1,6,IuL3RLzMXfppfsflxmdDwGzFs70=,3iOe2+jJKsHewQJ2stUaJKCP3dg=
12,6,IuL3RLzMXfppfsflxmdDwGzFs70=,3iOe2+jJKsHewQJ2stUaJKCP3dg=
1,0,IuL3RLzMXfppfsflxmdDwGzFs70=,3iOe2+jJKsHewQJ2stUaJKCP3dg=
0,8,XHCD4lkSixlWfixT/H/I/wMIXLU=,mQb4CZiaBE1PjU9Zx5mL7CrahaE=
11,6,IuL3RLzMXfppfsflxmdDwGzFs70=,3iOe2+jJKsHewQJ2stUaJKCP3dg=
1,2,IuL3RLzMXfppfsflxmdDwGzFs70=,3iOe2+jJKsHewQJ2stUaJKCP3dg=
4,0,IuL3RLzMXfppfsflxmdDwGzFs70=,3iOe2+jJKsHewQJ2stUaJKCP3dg=
0,4,IuL3RLzMXfppfsflxmdDwGzFs70=,3iOe2+jJKsHewQJ2stUaJKCP3dg=
10,6,IuL3RLzMXfppfsflxmdDwGzFs70=,3iOe2+jJKsHewQJ2stUaJKCP3dg=
3,8,lxOpbax41guQ9PRcK6QxD5u5yGU=,mQb4CZiaBE1PjU9Zx5mL7CrahaE=
15,4,IuL3RLzMXfppfsflxmdDwGzFs70=,3iOe2+jJKsHewQJ2stUaJKCP3dg=
7,0,IuL3RLzMXfppfsflxmdDwGzFs70=,3iOe2+jJKsHewQJ2stUaJKCP3dg=
9,6,IuL3RLzMXfppfsflxmdDwGzFs70=,3iOe2+jJKsHewQJ2stUaJKCP3dg=
15,3,IuL3RLzMXfppfsflxmdDwGzFs70=,3iOe2+jJKsHewQJ2stUaJKCP3dg=
4,4,IuL3RLzMXfppfsflxmdDwGzFs70=,3iOe2+jJKsHewQJ2stUaJKCP3dg=
14,0,IuL3RLzMXfppfsflxmdDwGzFs70=,3iOe2+jJKsHewQJ2stUaJKCP3dg=
14,5,IuL3RLzMXfppfsflxmdDwGzFs70=,3iOe2+jJKsHewQJ2stUaJKCP3dg=
2,8,lxOpbax41guQ9PRcK6QxD5u5yGU=,mQb4CZiaBE1PjU9Zx5mL7CrahaE=
15,2,IuL3RLzMXfppfsflxmdDwGzFs70=,3iOe2+jJKsHewQJ2stUaJKCP3dg=
13,0,IuL3RLzMXfppfsflxmdDwGzFs70=,3iOe2+jJKsHewQJ2stUaJKCP3dg=
13,5,IuL3RLzMXfppfsflxmdDwGzFs70=,3iOe2+jJKsHewQJ2stUaJKCP3dg=
15,8,lxOpbax41guQ9PRcK6QxD5u5yGU=,mQb4CZiaBE1PjU9Zx5mL7CrahaE=
8,8,lxOpbax41guQ9PRcK6QxD5u5yGU=,mQb4CZiaBE1PjU9Zx5mL7CrahaE=
12,0,IuL3RLzMXfppfsflxmdDwGzFs70=,3iOe2+jJKsHewQJ2stUaJKCP3dg=
12,5,IuL3RLzMXfppfsflxmdDwGzFs70=,3iOe2+jJKsHewQJ2stUaJKCP3dg=
15,1,IuL3RLzMXfppfsflxmdDwGzFs70=,3iOe2+jJKsHewQJ2stUaJKCP3dg=
7,1,IuL3RLzMXfppfsflxmdDwGzFs70=,3iOe2+jJKsHewQJ2stUaJKCP3dg=
15,7,IuL3RLzMXfppfsflxmdDwGzFs70=,3iOe2+jJKsHewQJ2stUaJKCP3dg=
11,0,IuL3RLzMXfppfsflxmdDwGzFs70=,3iOe2+jJKsHewQJ2stUaJKCP3dg=
15,0,IuL3RLzMXfppfsflxmdDwGzFs70=,3iOe2+jJKsHewQJ2stUaJKCP3dg=
6,1,IuL3RLzMXfppfsflxmdDwGzFs70=,3iOe2+jJKsHewQJ2stUaJKCP3dg=
10,0,IuL3RLzMXfppfsflxmdDwGzFs70=,3iOe2+jJKsHewQJ2stUaJKCP3dg=
15,6,IuL3RLzMXfppfsflxmdDwGzFs70=,3iOe2+jJKsHewQJ2stUaJKCP3dg=
15,15,lxOpbax41guQ9PRcK6QxD5u5yGU=,mQb4CZiaBE1PjU9Zx5mL7CrahaE=
15,5,IuL3RLzMXfppfsflxmdDwGzFs70=,3iOe2+jJKsHewQJ2stUaJKCP3dg=
8,1,IuL3RLzMXfppfsflxmdDwGzFs70=,3iOe2+jJKsHewQJ2stUaJKCP3dg=
9,0,IuL3RLzMXfppfsflxmdDwGzFs70=,3iOe2+jJKsHewQJ2stUaJKCP3dg=
0,15,lxOpbax41guQ9PRcK6QxD5u5yGU=,mQb4CZiaBE1PjU9Zx5mL7CrahaE=
5,1,IuL3RLzMXfppfsflxmdDwGzFs70=,3iOe2+jJKsHewQJ2stUaJKCP3dg=
0,0,IuL3RLzMXfppfsflxmdDwGzFs70=,3iOe2+jJKsHewQJ2stUaJKCP3dg=
8,0,IuL3RLzMXfppfsflxmdDwGzFs70=,3iOe2+jJKsHewQJ2stUaJKCP3dg=
3,3,IuL3RLzMXfppfsflxmdDwGzFs70=,3iOe2+jJKsHewQJ2stUaJKCP3dg=
1,8,lxOpbax41guQ9PRcK6QxD5u5yGU=,mQb4CZiaBE1PjU9Zx5mL7CrahaE=
4,1,IuL3RLzMXfppfsflxmdDwGzFs70=,3iOe2+jJKsHewQJ2stUaJKCP3dg=
6,6,IuL3RLzMXfppfsflxmdDwGzFs70=,3iOe2+jJKsHewQJ2stUaJKCP3dg=
8,7,IuL3RLzMXfppfsflxmdDwGzFs70=,3iOe2+jJKsHewQJ2stUaJKCP3dg=
3,4,IuL3RLzMXfppfsflxmdDwGzFs70=,3iOe2+jJKsHewQJ2stUaJKCP3dg=
7,5,IuL3RLzMXfppfsflxmdDwGzFs70=,3iOe2+jJKsHewQJ2stUaJKCP3dg=
2,3,IuL3RLzMXfppfsflxmdDwGzFs70=,3iOe2+jJKsHewQJ2stUaJKCP3dg=
2,4,IuL3RLzMXfppfsflxmdDwGzFs70=,3iOe2+jJKsHewQJ2stUaJKCP3dg=
2,2,IuL3RLzMXfppfsflxmdDwGzFs70=,3iOe2+jJKsHewQJ2stUaJKCP3dg=
6,5,IuL3RLzMXfppfsflxmdDwGzFs70=,3iOe2+jJKsHewQJ2stUaJKCP3dg=
8,6,IuL3RLzMXfppfsflxmdDwGzFs70=,3iOe2+jJKsHewQJ2stUaJKCP3dg=
1,4,IuL3RLzMXfppfsflxmdDwGzFs70=,3iOe2+jJKsHewQJ2stUaJKCP3dg=
7,7,IuL3RLzMXfppfsflxmdDwGzFs70=,3iOe2+jJKsHewQJ2stUaJKCP3dg=
6,7,IuL3RLzMXfppfsflxmdDwGzFs70=,3iOe2+jJKsHewQJ2stUaJKCP3dg=
5,7,IuL3RLzMXfppfsflxmdDwGzFs70=,3iOe2+jJKsHewQJ2stUaJKCP3dg=
4,7,IuL3RLzMXfppfsflxmdDwGzFs70=,3iOe2+jJKsHewQJ2stUaJKCP3dg=
2,16,RED9v+E5PvxvFJWoq9iyq7C8f2U=,K0/9a1G+9uunzXYvtAJdBwcNbjs=
5,22,RED9v+E5PvxvFJWoq9iyq7C8f2U=,K0/9a1G+9uunzXYvtAJdBwcNbjs=
4,22,RED9v+E5PvxvFJWoq9iyq7C8f2U=,K0/9a1G+9uunzXYvtAJdBwcNbjs=
7,21,RED9v+E5PvxvFJWoq9iyq7C8f2U=,K0/9a1G+9uunzXYvtAJdBwcNbjs=
6,21,RED9v+E5PvxvFJWoq9iyq7C8f2U=,K0/9a1G+9uunzXYvtAJdBwcNbjs=
5,21,RED9v+E5PvxvFJWoq9iyq7C8f2U=,K0/9a1G+9uunzXYvtAJdBwcNbjs=
1,16,JjriPmUqURvI6P49FP2NfM/mBCQ=,K0/9a1G+9uunzXYvtAJdBwcNbjs=
3,22,RED9v+E5PvxvFJWoq9iyq7C8f2U=,K0/9a1G+9uunzXYvtAJdBwcNbjs=
2,22,RED9v+E5PvxvFJWoq9iyq7C8f2U=,K0/9a1G+9uunzXYvtAJdBwcNbjs=
1,22,RED9v+E5PvxvFJWoq9iyq7C8f2U=,K0/9a1G+9uunzXYvtAJdBwcNbjs=
0,22,RED9v+E5PvxvFJWoq9iyq7C8f2U=,K0/9a1G+9uunzXYvtAJdBwcNbjs=
4,21,RED9v+E5PvxvFJWoq9iyq7C8f2U=,K0/9a1G+9uunzXYvtAJdBwcNbjs=
3,23,RED9v+E5PvxvFJWoq9iyq7C8f2U=,K0/9a1G+9uunzXYvtAJdBwcNbjs=
2,23,RED9v+E5PvxvFJWoq9iyq7C8f2U=,K0/9a1G+9uunzXYvtAJdBwcNbjs=
3,17,RED9v+E5PvxvFJWoq9iyq7C8f2U=,K0/9a1G+9uunzXYvtAJdBwcNbjs=
7,20,RED9v+E5PvxvFJWoq9iyq7C8f2U=,K0/9a1G+9uunzXYvtAJdBwcNbjs=
1,20,RED9v+E5PvxvFJWoq9iyq7C8f2U=,K0/9a1G+9uunzXYvtAJdBwcNbjs=
6,20,RED9v+E5PvxvFJWoq9iyq7C8f2U=,K0/9a1G+9uunzXYvtAJdBwcNbjs=
1,19,JjriPmUqURvI6P49FP2NfM/mBCQ=,K0/9a1G+9uunzXYvtAJdBwcNbjs=
1,23,RED9v+E5PvxvFJWoq9iyq7C8f2U=,K0/9a1G+9uunzXYvtAJdBwcNbjs=
0,20,RED9v+E5PvxvFJWoq9iyq7C8f2U=,K0/9a1G+9uunzXYvtAJdBwcNbjs=
3,18,RED9v+E5PvxvFJWoq9iyq7C8f2U=,K0/9a1G+9uunzXYvtAJdBwcNbjs=
0,23,JjriPmUqURvI6P49FP2NfM/mBCQ=,K0/9a1G+9uunzXYvtAJdBwcNbjs=
0,19,JjriPmUqURvI6P49FP2NfM/mBCQ=,K0/9a1G+9uunzXYvtAJdBwcNbjs=
5,20,RED9v+E5PvxvFJWoq9iyq7C8f2U=,K0/9a1G+9uunzXYvtAJdBwcNbjs=
7,19,RED9v+E5PvxvFJWoq9iyq7C8f2U=,K0/9a1G+9uunzXYvtAJdBwcNbjs=
7,18,JjriPmUqURvI6P49FP2NfM/mBCQ=,K0/9a1G+9uunzXYvtAJdBwcNbjs=
7,22,JjriPmUqURvI6P49FP2NfM/mBCQ=,K0/9a1G+9uunzXYvtAJdBwcNbjs=
6,18,JjriPmUqURvI6P49FP2NfM/mBCQ=,K0/9a1G+9uunzXYvtAJdBwcNbjs=
4,20,RED9v+E5PvxvFJWoq9iyq7C8f2U=,K0/9a1G+9uunzXYvtAJdBwcNbjs=
5,18,JjriPmUqURvI6P49FP2NfM/mBCQ=,K0/9a1G+9uunzXYvtAJdBwcNbjs=
2,17,JjriPmUqURvI6P49FP2NfM/mBCQ=,K0/9a1G+9uunzXYvtAJdBwcNbjs=
3,20,RED9v+E5PvxvFJWoq9iyq7C8f2U=,K0/9a1G+9uunzXYvtAJdBwcNbjs=
1,17,RED9v+E5PvxvFJWoq9iyq7C8f2U=,K0/9a1G+9uunzXYvtAJdBwcNbjs=
0,17,RED9v+E5PvxvFJWoq9iyq7C8f2U=,K0/9a1G+9uunzXYvtAJdBwcNbjs=
6,19,RED9v+E5PvxvFJWoq9iyq7C8f2U=,K0/9a1G+9uunzXYvtAJdBwcNbjs=
2,20,JjriPmUqURvI6P49FP2NfM/mBCQ=,K0/9a1G+9uunzXYvtAJdBwcNbjs=
6,22,JjriPmUqURvI6P49FP2NfM/mBCQ=,K0/9a1G+9uunzXYvtAJdBwcNbjs=
4,18,JjriPmUqURvI6P49FP2NfM/mBCQ=,K0/9a1G+9uunzXYvtAJdBwcNbjs=
7,16,RED9v+E5PvxvFJWoq9iyq7C8f2U=,K0/9a1G+9uunzXYvtAJdBwcNbjs=
5,19,RED9v+E5PvxvFJWoq9iyq7C8f2U=,K0/9a1G+9uunzXYvtAJdBwcNbjs=
4,19,JjriPmUqURvI6P49FP2NfM/mBCQ=,K0/9a1G+9uunzXYvtAJdBwcNbjs=
6,16,RED9v+E5PvxvFJWoq9iyq7C8f2U=,K0/9a1G+9uunzXYvtAJdBwcNbjs=
3,16,RED9v+E5PvxvFJWoq9iyq7C8f2U=,K0/9a1G+9uunzXYvtAJdBwcNbjs=
2,18,RED9v+E5PvxvFJWoq9iyq7C8f2U=,K0/9a1G+9uunzXYvtAJdBwcNbjs=
1,18,RED9v+E5PvxvFJWoq9iyq7C8f2U=,K0/9a1G+9uunzXYvtAJdBwcNbjs=
0,18,RED9v+E5PvxvFJWoq9iyq7C8f2U=,K0/9a1G+9uunzXYvtAJdBwcNbjs=
0,16,RED9v+E5PvxvFJWoq9iyq7C8f2U=,K0/9a1G+9uunzXYvtAJdBwcNbjs=
5,16,RED9v+E5PvxvFJWoq9iyq7C8f2U=,K0/9a1G+9uunzXYvtAJdBwcNbjs=
7,17,RED9v+E5PvxvFJWoq9iyq7C8f2U=,K0/9a1G+9uunzXYvtAJdBwcNbjs=
6,17,RED9v+E5PvxvFJWoq9iyq7C8f2U=,K0/9a1G+9uunzXYvtAJdBwcNbjs=
5,17,RED9v+E5PvxvFJWoq9iyq7C8f2U=,K0/9a1G+9uunzXYvtAJdBwcNbjs=
4,17,JjriPmUqURvI6P49FP2NfM/mBCQ=,K0/9a1G+9uunzXYvtAJdBwcNbjs=
3,21,JjriPmUqURvI6P49FP2NfM/mBCQ=,K0/9a1G+9uunzXYvtAJdBwcNbjs=
2,21,JjriPmUqURvI6P49FP2NfM/mBCQ=,K0/9a1G+9uunzXYvtAJdBwcNbjs=
4,16,RED9v+E5PvxvFJWoq9iyq7C8f2U=,K0/9a1G+9uunzXYvtAJdBwcNbjs=
1,21,RED9v+E5PvxvFJWoq9iyq7C8f2U=,K0/9a1G+9uunzXYvtAJdBwcNbjs=
3,19,RED9v+E5PvxvFJWoq9iyq7C8f2U=,K0/9a1G+9uunzXYvtAJdBwcNbjs=
2,19,JjriPmUqURvI6P49FP2NfM/mBCQ=,K0/9a1G+9uunzXYvtAJdBwcNbjs=
7,23,RED9v+E5PvxvFJWoq9iyq7C8f2U=,K0/9a1G+9uunzXYvtAJdBwcNbjs=
0,21,RED9v+E5PvxvFJWoq9iyq7C8f2U=,K0/9a1G+9uunzXYvtAJdBwcNbjs=
6,23,RED9v+E5PvxvFJWoq9iyq7C8f2U=,K0/9a1G+9uunzXYvtAJdBwcNbjs=
5,23,JjriPmUqURvI6P49FP2NfM/mBCQ=,K0/9a1G+9uunzXYvtAJdBwcNbjs=
4,23,JjriPmUqURvI6P49FP2NfM/mBCQ=,K0/9a1G+9uunzXYvtAJdBwcNbjs=
27,27,Qd7bpYibrCm7pAmD3hISqpG5Q0g=,c3UnXXSpbKnR77vGIp+2sNtD1IM=
19,27,Qd7bpYibrCm7pAmD3hISqpG5Q0g=,c3UnXXSpbKnR77vGIp+2sNtD1IM=
27,21,Qd7bpYibrCm7pAmD3hISqpG5Q0g=,c3UnXXSpbKnR77vGIp+2sNtD1IM=
17,17,Qd7bpYibrCm7pAmD3hISqpG5Q0g=,c3UnXXSpbKnR77vGIp+2sNtD1IM=
26,27,Qd7bpYibrCm7pAmD3hISqpG5Q0g=,c3UnXXSpbKnR77vGIp+2sNtD1IM=
18,27,Qd7bpYibrCm7pAmD3hISqpG5Q0g=,c3UnXXSpbKnR77vGIp+2sNtD1IM=
26,21,Qd7bpYibrCm7pAmD3hISqpG5Q0g=,c3UnXXSpbKnR77vGIp+2sNtD1IM=
21,20,Qd7bpYibrCm7pAmD3hISqpG5Q0g=,c3UnXXSpbKnR77vGIp+2sNtD1IM=
25,27,Qd7bpYibrCm7pAmD3hISqpG5Q0g=,c3UnXXSpbKnR77vGIp+2sNtD1IM=
25,21,Qd7bpYibrCm7pAmD3hISqpG5Q0g=,c3UnXXSpbKnR77vGIp+2sNtD1IM=
17,27,Qd7bpYibrCm7pAmD3hISqpG5Q0g=,c3UnXXSpbKnR77vGIp+2sNtD1IM=
19,21,Qd7bpYibrCm7pAmD3hISqpG5Q0g=,c3UnXXSpbKnR77vGIp+2sNtD1IM=
30,26,Qd7bpYibrCm7pAmD3hISqpG5Q0g=,c3UnXXSpbKnR77vGIp+2sNtD1IM=
23,30,Qd7bpYibrCm7pAmD3hISqpG5Q0g=,c3UnXXSpbKnR77vGIp+2sNtD1IM=
30,20,Qd7bpYibrCm7pAmD3hISqpG5Q0g=,c3UnXXSpbKnR77vGIp+2sNtD1IM=
18,21,Qd7bpYibrCm7pAmD3hISqpG5Q0g=,c3UnXXSpbKnR77vGIp+2sNtD1IM=
29,26,Qd7bpYibrCm7pAmD3hISqpG5Q0g=,c3UnXXSpbKnR77vGIp+2sNtD1IM=
22,30,Qd7bpYibrCm7pAmD3hISqpG5Q0g=,c3UnXXSpbKnR77vGIp+2sNtD1IM=
29,20,Qd7bpYibrCm7pAmD3hISqpG5Q0g=,c3UnXXSpbKnR77vGIp+2sNtD1IM=
24,21,Qd7bpYibrCm7pAmD3hISqpG5Q0g=,c3UnXXSpbKnR77vGIp+2sNtD1IM=
28,26,Qd7bpYibrCm7pAmD3hISqpG5Q0g=,c3UnXXSpbKnR77vGIp+2sNtD1IM=
28,20,Qd7bpYibrCm7pAmD3hISqpG5Q0g=,c3UnXXSpbKnR77vGIp+2sNtD1IM=
23,26,Qd7bpYibrCm7pAmD3hISqpG5Q0g=,c3UnXXSpbKnR77vGIp+2sNtD1IM=
23,17,Qd7bpYibrCm7pAmD3hISqpG5Q0g=,c3UnXXSpbKnR77vGIp+2sNtD1IM=
27,26,Qd7bpYibrCm7pAmD3hISqpG5Q0g=,c3UnXXSpbKnR77vGIp+2sNtD1IM=
24,27,Qd7bpYibrCm7pAmD3hISqpG5Q0g=,c3UnXXSpbKnR77vGIp+2sNtD1IM=
27,20,Qd7bpYibrCm7pAmD3hISqpG5Q0g=,c3UnXXSpbKnR77vGIp+2sNtD1IM=
17,21,Qd7bpYibrCm7pAmD3hISqpG5Q0g=,c3UnXXSpbKnR77vGIp+2sNtD1IM=
26,26,Qd7bpYibrCm7pAmD3hISqpG5Q0g=,c3UnXXSpbKnR77vGIp+2sNtD1IM=
22,26,Qd7bpYibrCm7pAmD3hISqpG5Q0g=,c3UnXXSpbKnR77vGIp+2sNtD1IM=
26,20,Qd7bpYibrCm7pAmD3hISqpG5Q0g=,c3UnXXSpbKnR77vGIp+2sNtD1IM=
23,20,Qd7bpYibrCm7pAmD3hISqpG5Q0g=,c3UnXXSpbKnR77vGIp+2sNtD1IM=
25,26,Qd7bpYibrCm7pAmD3hISqpG5Q0g=,c3UnXXSpbKnR77vGIp+2sNtD1IM=
25,20,Qd7bpYibrCm7pAmD3hISqpG5Q0g=,c3UnXXSpbKnR77vGIp+2sNtD1IM=
21,26,Qd7bpYibrCm7pAmD3hISqpG5Q0g=,c3UnXXSpbKnR77vGIp+2sNtD1IM=
24,20,Qd7bpYibrCm7pAmD3hISqpG5Q0g=,c3UnXXSpbKnR77vGIp+2sNtD1IM=
30,30,Qd7bpYibrCm7pAmD3hISqpG5Q0g=,c3UnXXSpbKnR77vGIp+2sNtD1IM=
20,26,Qd7bpYibrCm7pAmD3hISqpG5Q0g=,c3UnXXSpbKnR77vGIp+2sNtD1IM=
30,19,Qd7bpYibrCm7pAmD3hISqpG5Q0g=,c3UnXXSpbKnR77vGIp+2sNtD1IM=
22,17,Qd7bpYibrCm7pAmD3hISqpG5Q0g=,c3UnXXSpbKnR77vGIp+2sNtD1IM=
29,30,Qd7bpYibrCm7pAmD3hISqpG5Q0g=,c3UnXXSpbKnR77vGIp+2sNtD1IM=
29,19,Qd7bpYibrCm7pAmD3hISqpG5Q0g=,c3UnXXSpbKnR77vGIp+2sNtD1IM=
19,26,Qd7bpYibrCm7pAmD3hISqpG5Q0g=,c3UnXXSpbKnR77vGIp+2sNtD1IM=
22,20,Qd7bpYibrCm7pAmD3hISqpG5Q0g=,c3UnXXSpbKnR77vGIp+2sNtD1IM=
30,25,Qd7bpYibrCm7pAmD3hISqpG5Q0g=,c3UnXXSpbKnR77vGIp+2sNtD1IM=
18,26,Qd7bpYibrCm7pAmD3hISqpG5Q0g=,c3UnXXSpbKnR77vGIp+2sNtD1IM=
28,19,Qd7bpYibrCm7pAmD3hISqpG5Q0g=,c3UnXXSpbKnR77vGIp+2sNtD1IM=
23,19,AIB7B5S1raBh3GqH6qTzyv34vMs=,c3UnXXSpbKnR77vGIp+2sNtD1IM=
29,25,Qd7bpYibrCm7pAmD3hISqpG5Q0g=,c3UnXXSpbKnR77vGIp+2sNtD1IM=
27,19,Qd7bpYibrCm7pAmD3hISqpG5Q0g=,c3UnXXSpbKnR77vGIp+2sNtD1IM=
17,26,Qd7bpYibrCm7pAmD3hISqpG5Q0g=,c3UnXXSpbKnR77vGIp+2sNtD1IM=
23,18,Qd7bpYibrCm7pAmD3hISqpG5Q0g=,c3UnXXSpbKnR77vGIp+2sNtD1IM=
28,30,Qd7bpYibrCm7pAmD3hISqpG5Q0g=,c3UnXXSpbKnR77vGIp+2sNtD1IM=
26,19,Qd7bpYibrCm7pAmD3hISqpG5Q0g=,c3UnXXSpbKnR77vGIp+2sNtD1IM=
23,25,Qd7bpYibrCm7pAmD3hISqpG5Q0g=,c3UnXXSpbKnR77vGIp+2sNtD1IM=
21,17,Qd7bpYibrCm7pAmD3hISqpG5Q0g=,c3UnXXSpbKnR77vGIp+2sNtD1IM=
27,30,Qd7bpYibrCm7pAmD3hISqpG5Q0g=,c3UnXXSpbKnR77vGIp+2sNtD1IM=
22,25,Qd7bpYibrCm7pAmD3hISqpG5Q0g=,c3UnXXSpbKnR77vGIp+2sNtD1IM=
25,19,Qd7bpYibrCm7pAmD3hISqpG5Q0g=,c3UnXXSpbKnR77vGIp+2sNtD1IM=
23,24,AIB7B5S1raBh3GqH6qTzyv34vMs=,c3UnXXSpbKnR77vGIp+2sNtD1IM=
28,25,Qd7bpYibrCm7pAmD3hISqpG5Q0g=,c3UnXXSpbKnR77vGIp+2sNtD1IM=
21,25,Qd7bpYibrCm7pAmD3hISqpG5Q0g=,c3UnXXSpbKnR77vGIp+2sNtD1IM=
30,18,Qd7bpYibrCm7pAmD3hISqpG5Q0g=,c3UnXXSpbKnR77vGIp+2sNtD1IM=
22,24,Qd7bpYibrCm7pAmD3hISqpG5Q0g=,c3UnXXSpbKnR77vGIp+2sNtD1IM=
27,25,Qd7bpYibrCm7pAmD3hISqpG5Q0g=,c3UnXXSpbKnR77vGIp+2sNtD1IM=
29,18,Qd7bpYibrCm7pAmD3hISqpG5Q0g=,c3UnXXSpbKnR77vGIp+2sNtD1IM=
20,25,Qd7bpYibrCm7pAmD3hISqpG5Q0g=,c3UnXXSpbKnR77vGIp+2sNtD1IM=
21,24,Qd7bpYibrCm7pAmD3hISqpG5Q0g=,c3UnXXSpbKnR77vGIp+2sNtD1IM=
26,25,Qd7bpYibrCm7pAmD3hISqpG5Q0g=,c3UnXXSpbKnR77vGIp+2sNtD1IM=
19,25,Qd7bpYibrCm7pAmD3hISqpG5Q0g=,c3UnXXSpbKnR77vGIp+2sNtD1IM=
28,18,Qd7bpYibrCm7pAmD3hISqpG5Q0g=,c3UnXXSpbKnR77vGIp+2sNtD1IM=
24,19,Qd7bpYibrCm7pAmD3hISqpG5Q0g=,c3UnXXSpbKnR77vGIp+2sNtD1IM=
25,25,Qd7bpYibrCm7pAmD3hISqpG5Q0g=,c3UnXXSpbKnR77vGIp+2sNtD1IM=
27,18,Qd7bpYibrCm7pAmD3hISqpG5Q0g=,c3UnXXSpbKnR77vGIp+2sNtD1IM=
18,25,Qd7bpYibrCm7pAmD3hISqpG5Q0g=,c3UnXXSpbKnR77vGIp+2sNtD1IM=
22,18,Qd7bpYibrCm7pAmD3hISqpG5Q0g=,c3UnXXSpbKnR77vGIp+2sNtD1IM=
26,30,Qd7bpYibrCm7pAmD3hISqpG5Q0g=,c3UnXXSpbKnR77vGIp+2sNtD1IM=
17,25,Qd7bpYibrCm7pAmD3hISqpG5Q0g=,c3UnXXSpbKnR77vGIp+2sNtD1IM=
26,18,AIB7B5S1raBh3GqH6qTzyv34vMs=,c3UnXXSpbKnR77vGIp+2sNtD1IM=
21,18,Qd7bpYibrCm7pAmD3hISqpG5Q0g=,c3UnXXSpbKnR77vGIp+2sNtD1IM=
25,30,Qd7bpYibrCm7pAmD3hISqpG5Q0g=,c3UnXXSpbKnR77vGIp+2sNtD1IM=
25,18,AIB7B5S1raBh3GqH6qTzyv34vMs=,c3UnXXSpbKnR77vGIp+2sNtD1IM=
21,30,Qd7bpYibrCm7pAmD3hISqpG5Q0g=,c3UnXXSpbKnR77vGIp+2sNtD1IM=
20,20,Qd7bpYibrCm7pAmD3hISqpG5Q0g=,c3UnXXSpbKnR77vGIp+2sNtD1IM=
30,29,Qd7bpYibrCm7pAmD3hISqpG5Q0g=,c3UnXXSpbKnR77vGIp+2sNtD1IM=
30,17,AIB7B5S1raBh3GqH6qTzyv34vMs=,c3UnXXSpbKnR77vGIp+2sNtD1IM=
20,30,Qd7bpYibrCm7pAmD3hISqpG5Q0g=,c3UnXXSpbKnR77vGIp+2sNtD1IM=
20,18,Qd7bpYibrCm7pAmD3hISqpG5Q0g=,c3UnXXSpbKnR77vGIp+2sNtD1IM=
29,29,Qd7bpYibrCm7pAmD3hISqpG5Q0g=,c3UnXXSpbKnR77vGIp+2sNtD1IM=
30,24,Qd7bpYibrCm7pAmD3hISqpG5Q0g=,c3UnXXSpbKnR77vGIp+2sNtD1IM=
24,26,Qd7bpYibrCm7pAmD3hISqpG5Q0g=,c3UnXXSpbKnR77vGIp+2sNtD1IM=
19,18,Qd7bpYibrCm7pAmD3hISqpG5Q0g=,c3UnXXSpbKnR77vGIp+2sNtD1IM=
28,29,Qd7bpYibrCm7pAmD3hISqpG5Q0g=,c3UnXXSpbKnR77vGIp+2sNtD1IM=
24,25,Qd7bpYibrCm7pAmD3hISqpG5Q0g=,c3UnXXSpbKnR77vGIp+2sNtD1IM=
29,17,AIB7B5S1raBh3GqH6qTzyv34vMs=,c3UnXXSpbKnR77vGIp+2sNtD1IM=
18,18,Qd7bpYibrCm7pAmD3hISqpG5Q0g=,c3UnXXSpbKnR77vGIp+2sNtD1IM=
27,29,Qd7bpYibrCm7pAmD3hISqpG5Q0g=,c3UnXXSpbKnR77vGIp+2sNtD1IM=
24,30,Qd7bpYibrCm7pAmD3hISqpG5Q0g=,c3UnXXSpbKnR77vGIp+2sNtD1IM=
28,17,AIB7B5S1raBh3GqH6qTzyv34vMs=,c3UnXXSpbKnR77vGIp+2sNtD1IM=
20,24,Qd7bpYibrCm7pAmD3hISqpG5Q0g=,c3UnXXSpbKnR77vGIp+2sNtD1IM=
26,29,Qd7bpYibrCm7pAmD3hISqpG5Q0g=,c3UnXXSpbKnR77vGIp+2sNtD1IM=
19,30,Qd7bpYibrCm7pAmD3hISqpG5Q0g=,c3UnXXSpbKnR77vGIp+2sNtD1IM=
27,17,AIB7B5S1raBh3GqH6qTzyv34vMs=,c3UnXXSpbKnR77vGIp+2sNtD1IM=
17,18,Qd7bpYibrCm7pAmD3hISqpG5Q0g=,c3UnXXSpbKnR77vGIp+2sNtD1IM=
25,29,Qd7bpYibrCm7pAmD3hISqpG5Q0g=,c3UnXXSpbKnR77vGIp+2sNtD1IM=
18,30,Qd7bpYibrCm7pAmD3hISqpG5Q0g=,c3UnXXSpbKnR77vGIp+2sNtD1IM=
29,24,Qd7bpYibrCm7pAmD3hISqpG5Q0g=,c3UnXXSpbKnR77vGIp+2sNtD1IM=
19,24,Qd7bpYibrCm7pAmD3hISqpG5Q0g=,c3UnXXSpbKnR77vGIp+2sNtD1IM=
30,28,Qd7bpYibrCm7pAmD3hISqpG5Q0g=,c3UnXXSpbKnR77vGIp+2sNtD1IM=
28,24,Qd7bpYibrCm7pAmD3hISqpG5Q0g=,c3UnXXSpbKnR77vGIp+2sNtD1IM=
17,30,Qd7bpYibrCm7pAmD3hISqpG5Q0g=,c3UnXXSpbKnR77vGIp+2sNtD1IM=
18,24,Qd7bpYibrCm7pAmD3hISqpG5Q0g=,c3UnXXSpbKnR77vGIp+2sNtD1IM=
29,28,AIB7B5S1raBh3GqH6qTzyv34vMs=,c3UnXXSpbKnR77vGIp+2sNtD1IM=
27,24,Qd7bpYibrCm7pAmD3hISqpG5Q0g=,c3UnXXSpbKnR77vGIp+2sNtD1IM=
23,29,Qd7bpYibrCm7pAmD3hISqpG5Q0g=,c3UnXXSpbKnR77vGIp+2sNtD1IM=
22,19,Qd7bpYibrCm7pAmD3hISqpG5Q0g=,c3UnXXSpbKnR77vGIp+2sNtD1IM=
28,28,AIB7B5S1raBh3GqH6qTzyv34vMs=,c3UnXXSpbKnR77vGIp+2sNtD1IM=
22,29,Qd7bpYibrCm7pAmD3hISqpG5Q0g=,c3UnXXSpbKnR77vGIp+2sNtD1IM=
26,17,AIB7B5S1raBh3GqH6qTzyv34vMs=,c3UnXXSpbKnR77vGIp+2sNtD1IM=
21,19,Qd7bpYibrCm7pAmD3hISqpG5Q0g=,c3UnXXSpbKnR77vGIp+2sNtD1IM=
27,28,AIB7B5S1raBh3GqH6qTzyv34vMs=,c3UnXXSpbKnR77vGIp+2sNtD1IM=
21,29,Qd7bpYibrCm7pAmD3hISqpG5Q0g=,c3UnXXSpbKnR77vGIp+2sNtD1IM=
25,17,AIB7B5S1raBh3GqH6qTzyv34vMs=,c3UnXXSpbKnR77vGIp+2sNtD1IM=
17,24,Qd7bpYibrCm7pAmD3hISqpG5Q0g=,c3UnXXSpbKnR77vGIp+2sNtD1IM=
26,28,AIB7B5S1raBh3GqH6qTzyv34vMs=,c3UnXXSpbKnR77vGIp+2sNtD1IM=
26,24,Qd7bpYibrCm7pAmD3hISqpG5Q0g=,c3UnXXSpbKnR77vGIp+2sNtD1IM=
20,29,Qd7bpYibrCm7pAmD3hISqpG5Q0g=,c3UnXXSpbKnR77vGIp+2sNtD1IM=
20,19,Qd7bpYibrCm7pAmD3hISqpG5Q0g=,c3UnXXSpbKnR77vGIp+2sNtD1IM=
25,28,AIB7B5S1raBh3GqH6qTzyv34vMs=,c3UnXXSpbKnR77vGIp+2sNtD1IM=
19,29,Qd7bpYibrCm7pAmD3hISqpG5Q0g=,c3UnXXSpbKnR77vGIp+2sNtD1IM=
25,24,Qd7bpYibrCm7pAmD3hISqpG5Q0g=,c3UnXXSpbKnR77vGIp+2sNtD1IM=
19,20,Qd7bpYibrCm7pAmD3hISqpG5Q0g=,c3UnXXSpbKnR77vGIp+2sNtD1IM=
30,27,AIB7B5S1raBh3GqH6qTzyv34vMs=,c3UnXXSpbKnR77vGIp+2sNtD1IM=
30,23,Qd7bpYibrCm7pAmD3hISqpG5Q0g=,c3UnXXSpbKnR77vGIp+2sNtD1IM=
18,29,Qd7bpYibrCm7pAmD3hISqpG5Q0g=,c3UnXXSpbKnR77vGIp+2sNtD1IM=
19,19,Qd7bpYibrCm7pAmD3hISqpG5Q0g=,c3UnXXSpbKnR77vGIp+2sNtD1IM=
29,27,AIB7B5S1raBh3GqH6qTzyv34vMs=,c3UnXXSpbKnR77vGIp+2sNtD1IM=
17,29,Qd7bpYibrCm7pAmD3hISqpG5Q0g=,c3UnXXSpbKnR77vGIp+2sNtD1IM=
29,23,Qd7bpYibrCm7pAmD3hISqpG5Q0g=,c3UnXXSpbKnR77vGIp+2sNtD1IM=
20,17,Qd7bpYibrCm7pAmD3hISqpG5Q0g=,c3UnXXSpbKnR77vGIp+2sNtD1IM=
28,27,AIB7B5S1raBh3GqH6qTzyv34vMs=,c3UnXXSpbKnR77vGIp+2sNtD1IM=
24,29,Qd7bpYibrCm7pAmD3hISqpG5Q0g=,c3UnXXSpbKnR77vGIp+2sNtD1IM=
28,23,Qd7bpYibrCm7pAmD3hISqpG5Q0g=,c3UnXXSpbKnR77vGIp+2sNtD1IM=
18,19,Qd7bpYibrCm7pAmD3hISqpG5Q0g=,c3UnXXSpbKnR77vGIp+2sNtD1IM=
31,26,AIB7B5S1raBh3GqH6qTzyv34vMs=,c3UnXXSpbKnR77vGIp+2sNtD1IM=
27,23,Qd7bpYibrCm7pAmD3hISqpG5Q0g=,c3UnXXSpbKnR77vGIp+2sNtD1IM=
23,28,AIB7B5S1raBh3GqH6qTzyv34vMs=,c3UnXXSpbKnR77vGIp+2sNtD1IM=
17,19,Qd7bpYibrCm7pAmD3hISqpG5Q0g=,c3UnXXSpbKnR77vGIp+2sNtD1IM=
22,28,Qd7bpYibrCm7pAmD3hISqpG5Q0g=,c3UnXXSpbKnR77vGIp+2sNtD1IM=
31,30,AIB7B5S1raBh3GqH6qTzyv34vMs=,c3UnXXSpbKnR77vGIp+2sNtD1IM=
26,23,AIB7B5S1raBh3GqH6qTzyv34vMs=,c3UnXXSpbKnR77vGIp+2sNtD1IM=
23,23,AIB7B5S1raBh3GqH6qTzyv34vMs=,c3UnXXSpbKnR77vGIp+2sNtD1IM=
31,25,AIB7B5S1raBh3GqH6qTzyv34vMs=,c3UnXXSpbKnR77vGIp+2sNtD1IM=
21,28,Qd7bpYibrCm7pAmD3hISqpG5Q0g=,c3UnXXSpbKnR77vGIp+2sNtD1IM=
25,23,AIB7B5S1raBh3GqH6qTzyv34vMs=,c3UnXXSpbKnR77vGIp+2sNtD1IM=
22,23,Qd7bpYibrCm7pAmD3hISqpG5Q0g=,c3UnXXSpbKnR77vGIp+2sNtD1IM=
31,29,AIB7B5S1raBh3GqH6qTzyv34vMs=,c3UnXXSpbKnR77vGIp+2sNtD1IM=
20,28,Qd7bpYibrCm7pAmD3hISqpG5Q0g=,c3UnXXSpbKnR77vGIp+2sNtD1IM=
30,22,AIB7B5S1raBh3GqH6qTzyv34vMs=,c3UnXXSpbKnR77vGIp+2sNtD1IM=
24,18,AIB7B5S1raBh3GqH6qTzyv34vMs=,c3UnXXSpbKnR77vGIp+2sNtD1IM=
19,28,Qd7bpYibrCm7pAmD3hISqpG5Q0g=,c3UnXXSpbKnR77vGIp+2sNtD1IM=
31,28,AIB7B5S1raBh3GqH6qTzyv34vMs=,c3UnXXSpbKnR77vGIp+2sNtD1IM=
29,22,AIB7B5S1raBh3GqH6qTzyv34vMs=,c3UnXXSpbKnR77vGIp+2sNtD1IM=
18,20,Qd7bpYibrCm7pAmD3hISqpG5Q0g=,c3UnXXSpbKnR77vGIp+2sNtD1IM=
31,27,AIB7B5S1raBh3GqH6qTzyv34vMs=,c3UnXXSpbKnR77vGIp+2sNtD1IM=
18,28,Qd7bpYibrCm7pAmD3hISqpG5Q0g=,c3UnXXSpbKnR77vGIp+2sNtD1IM=
28,22,AIB7B5S1raBh3GqH6qTzyv34vMs=,c3UnXXSpbKnR77vGIp+2sNtD1IM=
21,23,AIB7B5S1raBh3GqH6qTzyv34vMs=,c3UnXXSpbKnR77vGIp+2sNtD1IM=
17,28,Qd7bpYibrCm7pAmD3hISqpG5Q0g=,c3UnXXSpbKnR77vGIp+2sNtD1IM=
31,20,AIB7B5S1raBh3GqH6qTzyv34vMs=,c3UnXXSpbKnR77vGIp+2sNtD1IM=
27,22,AIB7B5S1raBh3GqH6qTzyv34vMs=,c3UnXXSpbKnR77vGIp+2sNtD1IM=
20,23,AIB7B5S1raBh3GqH6qTzyv34vMs=,c3UnXXSpbKnR77vGIp+2sNtD1IM=
24,28,AIB7B5S1raBh3GqH6qTzyv34vMs=,c3UnXXSpbKnR77vGIp+2sNtD1IM=
31,19,AIB7B5S1raBh3GqH6qTzyv34vMs=,c3UnXXSpbKnR77vGIp+2sNtD1IM=
26,22,AIB7B5S1raBh3GqH6qTzyv34vMs=,c3UnXXSpbKnR77vGIp+2sNtD1IM=
19,23,AIB7B5S1raBh3GqH6qTzyv34vMs=,c3UnXXSpbKnR77vGIp+2sNtD1IM=
31,18,AIB7B5S1raBh3GqH6qTzyv34vMs=,c3UnXXSpbKnR77vGIp+2sNtD1IM=
23,27,AIB7B5S1raBh3GqH6qTzyv34vMs=,c3UnXXSpbKnR77vGIp+2sNtD1IM=
25,22,AIB7B5S1raBh3GqH6qTzyv34vMs=,c3UnXXSpbKnR77vGIp+2sNtD1IM=
24,17,AIB7B5S1raBh3GqH6qTzyv34vMs=,c3UnXXSpbKnR77vGIp+2sNtD1IM=
22,27,Qd7bpYibrCm7pAmD3hISqpG5Q0g=,c3UnXXSpbKnR77vGIp+2sNtD1IM=
31,24,AIB7B5S1raBh3GqH6qTzyv34vMs=,c3UnXXSpbKnR77vGIp+2sNtD1IM=
30,21,AIB7B5S1raBh3GqH6qTzyv34vMs=,c3UnXXSpbKnR77vGIp+2sNtD1IM=
18,23,AIB7B5S1raBh3GqH6qTzyv34vMs=,c3UnXXSpbKnR77vGIp+2sNtD1IM=
31,17,AIB7B5S1raBh3GqH6qTzyv34vMs=,c3UnXXSpbKnR77vGIp+2sNtD1IM=
21,27,Qd7bpYibrCm7pAmD3hISqpG5Q0g=,c3UnXXSpbKnR77vGIp+2sNtD1IM=
29,21,AIB7B5S1raBh3GqH6qTzyv34vMs=,c3UnXXSpbKnR77vGIp+2sNtD1IM=
17,20,Qd7bpYibrCm7pAmD3hISqpG5Q0g=,c3UnXXSpbKnR77vGIp+2sNtD1IM=
31,23,AIB7B5S1raBh3GqH6qTzyv34vMs=,c3UnXXSpbKnR77vGIp+2sNtD1IM=
20,27,Qd7bpYibrCm7pAmD3hISqpG5Q0g=,c3UnXXSpbKnR77vGIp+2sNtD1IM=
28,21,AIB7B5S1raBh3GqH6qTzyv34vMs=,c3UnXXSpbKnR77vGIp+2sNtD1IM=
24,24,Qd7bpYibrCm7pAmD3hISqpG5Q0g=,c3UnXXSpbKnR77vGIp+2sNtD1IM=
31,22,AIB7B5S1raBh3GqH6qTzyv34vMs=,c3UnXXSpbKnR77vGIp+2sNtD1IM=
30,16,AIB7B5S1raBh3GqH6qTzyv34vMs=,c3UnXXSpbKnR77vGIp+2sNtD1IM=
19,16,Qd7bpYibrCm7pAmD3hISqpG5Q0g=,c3UnXXSpbKnR77vGIp+2sNtD1IM=
17,23,AIB7B5S1raBh3GqH6qTzyv34vMs=,c3UnXXSpbKnR77vGIp+2sNtD1IM=
29,16,AIB7B5S1raBh3GqH6qTzyv34vMs=,c3UnXXSpbKnR77vGIp+2sNtD1IM=
31,21,AIB7B5S1raBh3GqH6qTzyv34vMs=,c3UnXXSpbKnR77vGIp+2sNtD1IM=
18,16,Qd7bpYibrCm7pAmD3hISqpG5Q0g=,c3UnXXSpbKnR77vGIp+2sNtD1IM=
23,22,AIB7B5S1raBh3GqH6qTzyv34vMs=,c3UnXXSpbKnR77vGIp+2sNtD1IM=
30,31,AIB7B5S1raBh3GqH6qTzyv34vMs=,c3UnXXSpbKnR77vGIp+2sNtD1IM=
28,16,AIB7B5S1raBh3GqH6qTzyv34vMs=,c3UnXXSpbKnR77vGIp+2sNtD1IM=
17,16,Qd7bpYibrCm7pAmD3hISqpG5Q0g=,c3UnXXSpbKnR77vGIp+2sNtD1IM=
19,17,Qd7bpYibrCm7pAmD3hISqpG5Q0g=,c3UnXXSpbKnR77vGIp+2sNtD1IM=
27,16,AIB7B5S1raBh3GqH6qTzyv34vMs=,c3UnXXSpbKnR77vGIp+2sNtD1IM=
29,31,AIB7B5S1raBh3GqH6qTzyv34vMs=,c3UnXXSpbKnR77vGIp+2sNtD1IM=
23,16,AIB7B5S1raBh3GqH6qTzyv34vMs=,c3UnXXSpbKnR77vGIp+2sNtD1IM=
24,23,AIB7B5S1raBh3GqH6qTzyv34vMs=,c3UnXXSpbKnR77vGIp+2sNtD1IM=
26,16,AIB7B5S1raBh3GqH6qTzyv34vMs=,c3UnXXSpbKnR77vGIp+2sNtD1IM=
28,31,AIB7B5S1raBh3GqH6qTzyv34vMs=,c3UnXXSpbKnR77vGIp+2sNtD1IM=
24,16,AIB7B5S1raBh3GqH6qTzyv34vMs=,c3UnXXSpbKnR77vGIp+2sNtD1IM=
22,22,AIB7B5S1raBh3GqH6qTzyv34vMs=,c3UnXXSpbKnR77vGIp+2sNtD1IM=
27,31,AIB7B5S1raBh3GqH6qTzyv34vMs=,c3UnXXSpbKnR77vGIp+2sNtD1IM=
25,16,AIB7B5S1raBh3GqH6qTzyv34vMs=,c3UnXXSpbKnR77vGIp+2sNtD1IM=
22,16,AIB7B5S1raBh3GqH6qTzyv34vMs=,c3UnXXSpbKnR77vGIp+2sNtD1IM=
21,22,AIB7B5S1raBh3GqH6qTzyv34vMs=,c3UnXXSpbKnR77vGIp+2sNtD1IM=
26,31,AIB7B5S1raBh3GqH6qTzyv34vMs=,c3UnXXSpbKnR77vGIp+2sNtD1IM=
23,31,AIB7B5S1raBh3GqH6qTzyv34vMs=,c3UnXXSpbKnR77vGIp+2sNtD1IM=
21,16,AIB7B5S1raBh3GqH6qTzyv34vMs=,c3UnXXSpbKnR77vGIp+2sNtD1IM=
20,22,AIB7B5S1raBh3GqH6qTzyv34vMs=,c3UnXXSpbKnR77vGIp+2sNtD1IM=
25,31,AIB7B5S1raBh3GqH6qTzyv34vMs=,c3UnXXSpbKnR77vGIp+2sNtD1IM=
22,31,AIB7B5S1raBh3GqH6qTzyv34vMs=,c3UnXXSpbKnR77vGIp+2sNtD1IM=
20,16,AIB7B5S1raBh3GqH6qTzyv34vMs=,c3UnXXSpbKnR77vGIp+2sNtD1IM=
19,22,AIB7B5S1raBh3GqH6qTzyv34vMs=,c3UnXXSpbKnR77vGIp+2sNtD1IM=
21,31,AIB7B5S1raBh3GqH6qTzyv34vMs=,c3UnXXSpbKnR77vGIp+2sNtD1IM=
16,27,Qd7bpYibrCm7pAmD3hISqpG5Q0g=,c3UnXXSpbKnR77vGIp+2sNtD1IM=
16,21,AIB7B5S1raBh3GqH6qTzyv34vMs=,c3UnXXSpbKnR77vGIp+2sNtD1IM=
18,22,AIB7B5S1raBh3GqH6qTzyv34vMs=,c3UnXXSpbKnR77vGIp+2sNtD1IM=
20,31,AIB7B5S1raBh3GqH6qTzyv34vMs=,c3UnXXSpbKnR77vGIp+2sNtD1IM=
16,26,AIB7B5S1raBh3GqH6qTzyv34vMs=,c3UnXXSpbKnR77vGIp+2sNtD1IM=
16,17,AIB7B5S1raBh3GqH6qTzyv34vMs=,c3UnXXSpbKnR77vGIp+2sNtD1IM=
17,22,AIB7B5S1raBh3GqH6qTzyv34vMs=,c3UnXXSpbKnR77vGIp+2sNtD1IM=
19,31,AIB7B5S1raBh3GqH6qTzyv34vMs=,c3UnXXSpbKnR77vGIp+2sNtD1IM=
16,25,AIB7B5S1raBh3GqH6qTzyv34vMs=,c3UnXXSpbKnR77vGIp+2sNtD1IM=
16,18,AIB7B5S1raBh3GqH6qTzyv34vMs=,c3UnXXSpbKnR77vGIp+2sNtD1IM=
18,17,AIB7B5S1raBh3GqH6qTzyv34vMs=,c3UnXXSpbKnR77vGIp+2sNtD1IM=
16,30,AIB7B5S1raBh3GqH6qTzyv34vMs=,c3UnXXSpbKnR77vGIp+2sNtD1IM=
18,31,AIB7B5S1raBh3GqH6qTzyv34vMs=,c3UnXXSpbKnR77vGIp+2sNtD1IM=
16,24,AIB7B5S1raBh3GqH6qTzyv34vMs=,c3UnXXSpbKnR77vGIp+2sNtD1IM=
24,22,AIB7B5S1raBh3GqH6qTzyv34vMs=,c3UnXXSpbKnR77vGIp+2sNtD1IM=
16,29,AIB7B5S1raBh3GqH6qTzyv34vMs=,c3UnXXSpbKnR77vGIp+2sNtD1IM=
17,31,AIB7B5S1raBh3GqH6qTzyv34vMs=,c3UnXXSpbKnR77vGIp+2sNtD1IM=
16,19,AIB7B5S1raBh3GqH6qTzyv34vMs=,c3UnXXSpbKnR77vGIp+2sNtD1IM=
23,21,AIB7B5S1raBh3GqH6qTzyv34vMs=,c3UnXXSpbKnR77vGIp+2sNtD1IM=
16,28,AIB7B5S1raBh3GqH6qTzyv34vMs=,c3UnXXSpbKnR77vGIp+2sNtD1IM=
24,31,AIB7B5S1raBh3GqH6qTzyv34vMs=,c3UnXXSpbKnR77vGIp+2sNtD1IM=
16,23,AIB7B5S1raBh3GqH6qTzyv34vMs=,c3UnXXSpbKnR77vGIp+2sNtD1IM=
22,21,AIB7B5S1raBh3GqH6qTzyv34vMs=,c3UnXXSpbKnR77vGIp+2sNtD1IM=
16,31,AIB7B5S1raBh3GqH6qTzyv34vMs=,c3UnXXSpbKnR77vGIp+2sNtD1IM=
31,31,AIB7B5S1raBh3GqH6qTzyv34vMs=,c3UnXXSpbKnR77vGIp+2sNtD1IM=
16,20,AIB7B5S1raBh3GqH6qTzyv34vMs=,c3UnXXSpbKnR77vGIp+2sNtD1IM=
21,21,AIB7B5S1raBh3GqH6qTzyv34vMs=,c3UnXXSpbKnR77vGIp+2sNtD1IM=
16,16,AIB7B5S1raBh3GqH6qTzyv34vMs=,c3UnXXSpbKnR77vGIp+2sNtD1IM=
31,16,AIB7B5S1raBh3GqH6qTzyv34vMs=,c3UnXXSpbKnR77vGIp+2sNtD1IM=
20,21,AIB7B5S1raBh3GqH6qTzyv34vMs=,c3UnXXSpbKnR77vGIp+2sNtD1IM=
16,22,AIB7B5S1raBh3GqH6qTzyv34vMs=,c3UnXXSpbKnR77vGIp+2sNtD1IM=
21,4,IuL3RLzMXfppfsflxmdDwGzFs70=,3iOe2+jJKsHewQJ2stUaJKCP3dg=
23,15,lxOpbax41guQ9PRcK6QxD5u5yGU=,mQb4CZiaBE1PjU9Zx5mL7CrahaE=
22,15,lxOpbax41guQ9PRcK6QxD5u5yGU=,mQb4CZiaBE1PjU9Zx5mL7CrahaE=
20,4,IuL3RLzMXfppfsflxmdDwGzFs70=,3iOe2+jJKsHewQJ2stUaJKCP3dg=
21,15,lxOpbax41guQ9PRcK6QxD5u5yGU=,mQb4CZiaBE1PjU9Zx5mL7CrahaE=
19,4,IuL3RLzMXfppfsflxmdDwGzFs70=,3iOe2+jJKsHewQJ2stUaJKCP3dg=
18,4,IuL3RLzMXfppfsflxmdDwGzFs70=,3iOe2+jJKsHewQJ2stUaJKCP3dg=
19,11,lxOpbax41guQ9PRcK6QxD5u5yGU=,mQb4CZiaBE1PjU9Zx5mL7CrahaE=
19,5,IuL3RLzMXfppfsflxmdDwGzFs70=,3iOe2+jJKsHewQJ2stUaJKCP3dg=
20,15,lxOpbax41guQ9PRcK6QxD5u5yGU=,mQb4CZiaBE1PjU9Zx5mL7CrahaE=
19,15,lxOpbax41guQ9PRcK6QxD5u5yGU=,mQb4CZiaBE1PjU9Zx5mL7CrahaE=
18,5,IuL3RLzMXfppfsflxmdDwGzFs70=,3iOe2+jJKsHewQJ2stUaJKCP3dg=
18,11,lxOpbax41guQ9PRcK6QxD5u5yGU=,mQb4CZiaBE1PjU9Zx5mL7CrahaE=
17,5,IuL3RLzMXfppfsflxmdDwGzFs70=,3iOe2+jJKsHewQJ2stUaJKCP3dg=
17,4,IuL3RLzMXfppfsflxmdDwGzFs70=,3iOe2+jJKsHewQJ2stUaJKCP3dg=
17,11,lxOpbax41guQ9PRcK6QxD5u5yGU=,mQb4CZiaBE1PjU9Zx5mL7CrahaE=
16,11,lxOpbax41guQ9PRcK6QxD5u5yGU=,mQb4CZiaBE1PjU9Zx5mL7CrahaE=
16,5,IuL3RLzMXfppfsflxmdDwGzFs70=,3iOe2+jJKsHewQJ2stUaJKCP3dg=
23,4,IuL3RLzMXfppfsflxmdDwGzFs70=,3iOe2+jJKsHewQJ2stUaJKCP3dg=
23,10,lxOpbax41guQ9PRcK6QxD5u5yGU=,mQb4CZiaBE1PjU9Zx5mL7CrahaE=
22,10,lxOpbax41guQ9PRcK6QxD5u5yGU=,mQb4CZiaBE1PjU9Zx5mL7CrahaE=
22,4,IuL3RLzMXfppfsflxmdDwGzFs70=,3iOe2+jJKsHewQJ2stUaJKCP3dg=
21,10,OPsW3cJNFxB0c1eF5T7EHu4eVl8=,mQb4CZiaBE1PjU9Zx5mL7CrahaE=
23,1,IuL3RLzMXfppfsflxmdDwGzFs70=,3iOe2+jJKsHewQJ2stUaJKCP3dg=
19,0,IuL3RLzMXfppfsflxmdDwGzFs70=,3iOe2+jJKsHewQJ2stUaJKCP3dg=
18,15,OPsW3cJNFxB0c1eF5T7EHu4eVl8=,mQb4CZiaBE1PjU9Zx5mL7CrahaE=
20,10,OPsW3cJNFxB0c1eF5T7EHu4eVl8=,mQb4CZiaBE1PjU9Zx5mL7CrahaE=
22,1,IuL3RLzMXfppfsflxmdDwGzFs70=,3iOe2+jJKsHewQJ2stUaJKCP3dg=
21,1,IuL3RLzMXfppfsflxmdDwGzFs70=,3iOe2+jJKsHewQJ2stUaJKCP3dg=
19,10,OPsW3cJNFxB0c1eF5T7EHu4eVl8=,mQb4CZiaBE1PjU9Zx5mL7CrahaE=
23,8,OPsW3cJNFxB0c1eF5T7EHu4eVl8=,mQb4CZiaBE1PjU9Zx5mL7CrahaE=
17,15,OPsW3cJNFxB0c1eF5T7EHu4eVl8=,mQb4CZiaBE1PjU9Zx5mL7CrahaE=
22,8,OPsW3cJNFxB0c1eF5T7EHu4eVl8=,mQb4CZiaBE1PjU9Zx5mL7CrahaE=
18,10,OPsW3cJNFxB0c1eF5T7EHu4eVl8=,mQb4CZiaBE1PjU9Zx5mL7CrahaE=
21,8,OPsW3cJNFxB0c1eF5T7EHu4eVl8=,mQb4CZiaBE1PjU9Zx5mL7CrahaE=
17,10,OPsW3cJNFxB0c1eF5T7EHu4eVl8=,mQb4CZiaBE1PjU9Zx5mL7CrahaE=
20,1,IuL3RLzMXfppfsflxmdDwGzFs70=,3iOe2+jJKsHewQJ2stUaJKCP3dg=
16,15,OPsW3cJNFxB0c1eF5T7EHu4eVl8=,mQb4CZiaBE1PjU9Zx5mL7CrahaE=
23,14,OPsW3cJNFxB0c1eF5T7EHu4eVl8=,mQb4CZiaBE1PjU9Zx5mL7CrahaE=
20,8,OPsW3cJNFxB0c1eF5T7EHu4eVl8=,mQb4CZiaBE1PjU9Zx5mL7CrahaE=
16,10,OPsW3cJNFxB0c1eF5T7EHu4eVl8=,mQb4CZiaBE1PjU9Zx5mL7CrahaE=
17,1,IuL3RLzMXfppfsflxmdDwGzFs70=,3iOe2+jJKsHewQJ2stUaJKCP3dg=
23,9,OPsW3cJNFxB0c1eF5T7EHu4eVl8=,mQb4CZiaBE1PjU9Zx5mL7CrahaE=
19,8,OPsW3cJNFxB0c1eF5T7EHu4eVl8=,mQb4CZiaBE1PjU9Zx5mL7CrahaE=
22,9,OPsW3cJNFxB0c1eF5T7EHu4eVl8=,mQb4CZiaBE1PjU9Zx5mL7CrahaE=
18,8,OPsW3cJNFxB0c1eF5T7EHu4eVl8=,mQb4CZiaBE1PjU9Zx5mL7CrahaE=
21,9,OPsW3cJNFxB0c1eF5T7EHu4eVl8=,mQb4CZiaBE1PjU9Zx5mL7CrahaE=
17,8,OPsW3cJNFxB0c1eF5T7EHu4eVl8=,mQb4CZiaBE1PjU9Zx5mL7CrahaE=
20,9,OPsW3cJNFxB0c1eF5T7EHu4eVl8=,mQb4CZiaBE1PjU9Zx5mL7CrahaE=
16,8,OPsW3cJNFxB0c1eF5T7EHu4eVl8=,mQb4CZiaBE1PjU9Zx5mL7CrahaE=
23,7,IuL3RLzMXfppfsflxmdDwGzFs70=,3iOe2+jJKsHewQJ2stUaJKCP3dg=
22,14,OPsW3cJNFxB0c1eF5T7EHu4eVl8=,mQb4CZiaBE1PjU9Zx5mL7CrahaE=
19,9,OPsW3cJNFxB0c1eF5T7EHu4eVl8=,mQb4CZiaBE1PjU9Zx5mL7CrahaE=
22,7,IuL3RLzMXfppfsflxmdDwGzFs70=,3iOe2+jJKsHewQJ2stUaJKCP3dg=
21,7,IuL3RLzMXfppfsflxmdDwGzFs70=,3iOe2+jJKsHewQJ2stUaJKCP3dg=
18,9,OPsW3cJNFxB0c1eF5T7EHu4eVl8=,mQb4CZiaBE1PjU9Zx5mL7CrahaE=
19,1,IuL3RLzMXfppfsflxmdDwGzFs70=,3iOe2+jJKsHewQJ2stUaJKCP3dg=
21,14,OPsW3cJNFxB0c1eF5T7EHu4eVl8=,mQb4CZiaBE1PjU9Zx5mL7CrahaE=
17,9,OPsW3cJNFxB0c1eF5T7EHu4eVl8=,mQb4CZiaBE1PjU9Zx5mL7CrahaE=
21,3,IuL3RLzMXfppfsflxmdDwGzFs70=,3iOe2+jJKsHewQJ2stUaJKCP3dg=
20,7,IuL3RLzMXfppfsflxmdDwGzFs70=,3iOe2+jJKsHewQJ2stUaJKCP3dg=
16,9,OPsW3cJNFxB0c1eF5T7EHu4eVl8=,mQb4CZiaBE1PjU9Zx5mL7CrahaE=
20,14,OPsW3cJNFxB0c1eF5T7EHu4eVl8=,mQb4CZiaBE1PjU9Zx5mL7CrahaE=
19,7,IuL3RLzMXfppfsflxmdDwGzFs70=,3iOe2+jJKsHewQJ2stUaJKCP3dg=
19,14,OPsW3cJNFxB0c1eF5T7EHu4eVl8=,mQb4CZiaBE1PjU9Zx5mL7CrahaE=
18,7,IuL3RLzMXfppfsflxmdDwGzFs70=,3iOe2+jJKsHewQJ2stUaJKCP3dg=
18,14,OPsW3cJNFxB0c1eF5T7EHu4eVl8=,mQb4CZiaBE1PjU9Zx5mL7CrahaE=
17,7,IuL3RLzMXfppfsflxmdDwGzFs70=,3iOe2+jJKsHewQJ2stUaJKCP3dg=
17,14,OPsW3cJNFxB0c1eF5T7EHu4eVl8=,mQb4CZiaBE1PjU9Zx5mL7CrahaE=
16,7,IuL3RLzMXfppfsflxmdDwGzFs70=,3iOe2+jJKsHewQJ2stUaJKCP3dg=
16,14,OPsW3cJNFxB0c1eF5T7EHu4eVl8=,mQb4CZiaBE1PjU9Zx5mL7CrahaE=
23,6,IuL3RLzMXfppfsflxmdDwGzFs70=,3iOe2+jJKsHewQJ2stUaJKCP3dg=
23,13,OPsW3cJNFxB0c1eF5T7EHu4eVl8=,mQb4CZiaBE1PjU9Zx5mL7CrahaE=
22,6,IuL3RLzMXfppfsflxmdDwGzFs70=,3iOe2+jJKsHewQJ2stUaJKCP3dg=
22,13,OPsW3cJNFxB0c1eF5T7EHu4eVl8=,mQb4CZiaBE1PjU9Zx5mL7CrahaE=
18,1,IuL3RLzMXfppfsflxmdDwGzFs70=,3iOe2+jJKsHewQJ2stUaJKCP3dg=
16,1,IuL3RLzMXfppfsflxmdDwGzFs70=,3iOe2+jJKsHewQJ2stUaJKCP3dg=
21,13,OPsW3cJNFxB0c1eF5T7EHu4eVl8=,mQb4CZiaBE1PjU9Zx5mL7CrahaE=
21,6,IuL3RLzMXfppfsflxmdDwGzFs70=,3iOe2+jJKsHewQJ2stUaJKCP3dg=
20,13,OPsW3cJNFxB0c1eF5T7EHu4eVl8=,mQb4CZiaBE1PjU9Zx5mL7CrahaE=
19,13,OPsW3cJNFxB0c1eF5T7EHu4eVl8=,mQb4CZiaBE1PjU9Zx5mL7CrahaE=
23,0,IuL3RLzMXfppfsflxmdDwGzFs70=,3iOe2+jJKsHewQJ2stUaJKCP3dg=
20,6,IuL3RLzMXfppfsflxmdDwGzFs70=,3iOe2+jJKsHewQJ2stUaJKCP3dg=
18,13,OPsW3cJNFxB0c1eF5T7EHu4eVl8=,mQb4CZiaBE1PjU9Zx5mL7CrahaE=
19,6,IuL3RLzMXfppfsflxmdDwGzFs70=,3iOe2+jJKsHewQJ2stUaJKCP3dg=
17,13,OPsW3cJNFxB0c1eF5T7EHu4eVl8=,mQb4CZiaBE1PjU9Zx5mL7CrahaE=
20,3,IuL3RLzMXfppfsflxmdDwGzFs70=,3iOe2+jJKsHewQJ2stUaJKCP3dg=
16,13,OPsW3cJNFxB0c1eF5T7EHu4eVl8=,mQb4CZiaBE1PjU9Zx5mL7CrahaE=
22,0,IuL3RLzMXfppfsflxmdDwGzFs70=,3iOe2+jJKsHewQJ2stUaJKCP3dg=
23,12,OPsW3cJNFxB0c1eF5T7EHu4eVl8=,mQb4CZiaBE1PjU9Zx5mL7CrahaE=
19,3,IuL3RLzMXfppfsflxmdDwGzFs70=,3iOe2+jJKsHewQJ2stUaJKCP3dg=
22,12,OPsW3cJNFxB0c1eF5T7EHu4eVl8=,mQb4CZiaBE1PjU9Zx5mL7CrahaE=
21,12,OPsW3cJNFxB0c1eF5T7EHu4eVl8=,mQb4CZiaBE1PjU9Zx5mL7CrahaE=
21,0,IuL3RLzMXfppfsflxmdDwGzFs70=,3iOe2+jJKsHewQJ2stUaJKCP3dg=
23,2,IuL3RLzMXfppfsflxmdDwGzFs70=,3iOe2+jJKsHewQJ2stUaJKCP3dg=
20,12,OPsW3cJNFxB0c1eF5T7EHu4eVl8=,mQb4CZiaBE1PjU9Zx5mL7CrahaE=
18,6,IuL3RLzMXfppfsflxmdDwGzFs70=,3iOe2+jJKsHewQJ2stUaJKCP3dg=
19,12,OPsW3cJNFxB0c1eF5T7EHu4eVl8=,mQb4CZiaBE1PjU9Zx5mL7CrahaE=
18,12,OPsW3cJNFxB0c1eF5T7EHu4eVl8=,mQb4CZiaBE1PjU9Zx5mL7CrahaE=
18,3,IuL3RLzMXfppfsflxmdDwGzFs70=,3iOe2+jJKsHewQJ2stUaJKCP3dg=
17,6,IuL3RLzMXfppfsflxmdDwGzFs70=,3iOe2+jJKsHewQJ2stUaJKCP3dg=
17,12,OPsW3cJNFxB0c1eF5T7EHu4eVl8=,mQb4CZiaBE1PjU9Zx5mL7CrahaE=
17,3,IuL3RLzMXfppfsflxmdDwGzFs70=,3iOe2+jJKsHewQJ2stUaJKCP3dg=
16,12,OPsW3cJNFxB0c1eF5T7EHu4eVl8=,mQb4CZiaBE1PjU9Zx5mL7CrahaE=
16,3,IuL3RLzMXfppfsflxmdDwGzFs70=,3iOe2+jJKsHewQJ2stUaJKCP3dg=
23,11,OPsW3cJNFxB0c1eF5T7EHu4eVl8=,mQb4CZiaBE1PjU9Zx5mL7CrahaE=
16,6,IuL3RLzMXfppfsflxmdDwGzFs70=,3iOe2+jJKsHewQJ2stUaJKCP3dg=
22,11,OPsW3cJNFxB0c1eF5T7EHu4eVl8=,mQb4CZiaBE1PjU9Zx5mL7CrahaE=
21,11,OPsW3cJNFxB0c1eF5T7EHu4eVl8=,mQb4CZiaBE1PjU9Zx5mL7CrahaE=
23,5,IuL3RLzMXfppfsflxmdDwGzFs70=,3iOe2+jJKsHewQJ2stUaJKCP3dg=
22,5,IuL3RLzMXfppfsflxmdDwGzFs70=,3iOe2+jJKsHewQJ2stUaJKCP3dg=
20,11,OPsW3cJNFxB0c1eF5T7EHu4eVl8=,mQb4CZiaBE1PjU9Zx5mL7CrahaE=
21,5,IuL3RLzMXfppfsflxmdDwGzFs70=,3iOe2+jJKsHewQJ2stUaJKCP3dg=
20,5,IuL3RLzMXfppfsflxmdDwGzFs70=,3iOe2+jJKsHewQJ2stUaJKCP3dg=
18,0,IuL3RLzMXfppfsflxmdDwGzFs70=,3iOe2+jJKsHewQJ2stUaJKCP3dg=
22,2,IuL3RLzMXfppfsflxmdDwGzFs70=,3iOe2+jJKsHewQJ2stUaJKCP3dg=
21,2,IuL3RLzMXfppfsflxmdDwGzFs70=,3iOe2+jJKsHewQJ2stUaJKCP3dg=
20,2,IuL3RLzMXfppfsflxmdDwGzFs70=,3iOe2+jJKsHewQJ2stUaJKCP3dg=
20,0,IuL3RLzMXfppfsflxmdDwGzFs70=,3iOe2+jJKsHewQJ2stUaJKCP3dg=
17,0,IuL3RLzMXfppfsflxmdDwGzFs70=,3iOe2+jJKsHewQJ2stUaJKCP3dg=
16,4,IuL3RLzMXfppfsflxmdDwGzFs70=,3iOe2+jJKsHewQJ2stUaJKCP3dg=
23,3,IuL3RLzMXfppfsflxmdDwGzFs70=,3iOe2+jJKsHewQJ2stUaJKCP3dg=
22,3,IuL3RLzMXfppfsflxmdDwGzFs70=,3iOe2+jJKsHewQJ2stUaJKCP3dg=
19,2,IuL3RLzMXfppfsflxmdDwGzFs70=,3iOe2+jJKsHewQJ2stUaJKCP3dg=
18,2,IuL3RLzMXfppfsflxmdDwGzFs70=,3iOe2+jJKsHewQJ2stUaJKCP3dg=
17,2,IuL3RLzMXfppfsflxmdDwGzFs70=,3iOe2+jJKsHewQJ2stUaJKCP3dg=
16,2,IuL3RLzMXfppfsflxmdDwGzFs70=,3iOe2+jJKsHewQJ2stUaJKCP3dg=
16,0,IuL3RLzMXfppfsflxmdDwGzFs70=,3iOe2+jJKsHewQJ2stUaJKCP3dg=
