-6,-3,GVNtGQHvVJ+P5C0iineFPfmH0BI=,DQRS8agBcyfft5d4mUBbKWUlplw=
-6,-2,GVNtGQHvVJ+P5C0iineFPfmH0BI=,DQRS8agBcyfft5d4mUBbKWUlplw=
-7,-3,GVNtGQHvVJ+P5C0iineFPfmH0BI=,DQRS8agBcyfft5d4mUBbKWUlplw=
-7,-2,GVNtGQHvVJ+P5C0iineFPfmH0BI=,DQRS8agBcyfft5d4mUBbKWUlplw=
-6,-5,HeL36LCN+4J+xXLCRC2ZToLZx8Y=,lQMeMb5uRfYIVOyN7EuizOVzbJQ=
-6,-4,GVNtGQHvVJ+P5C0iineFPfmH0BI=,DQRS8agBcyfft5d4mUBbKWUlplw=
-9,-3,HeL36LCN+4J+xXLCRC2ZToLZx8Y=,lQMeMb5uRfYIVOyN7EuizOVzbJQ=
-7,-5,HeL36LCN+4J+xXLCRC2ZToLZx8Y=,lQMeMb5uRfYIVOyN7EuizOVzbJQ=
-10,-3,HeL36LCN+4J+xXLCRC2ZToLZx8Y=,lQMeMb5uRfYIVOyN7EuizOVzbJQ=
-7,-4,GVNtGQHvVJ+P5C0iineFPfmH0BI=,DQRS8agBcyfft5d4mUBbKWUlplw=
-11,-3,HeL36LCN+4J+xXLCRC2ZToLZx8Y=,lQMeMb5uRfYIVOyN7EuizOVzbJQ=
-7,-6,HeL36LCN+4J+xXLCRC2ZToLZx8Y=,lQMeMb5uRfYIVOyN7EuizOVzbJQ=
-8,-3,GVNtGQHvVJ+P5C0iineFPfmH0BI=,DQRS8agBcyfft5d4mUBbKWUlplw=
-6,-6,HeL36LCN+4J+xXLCRC2ZToLZx8Y=,lQMeMb5uRfYIVOyN7EuizOVzbJQ=
-9,-4,HeL36LCN+4J+xXLCRC2ZToLZx8Y=,lQMeMb5uRfYIVOyN7EuizOVzbJQ=
-6,-7,HeL36LCN+4J+xXLCRC2ZToLZx8Y=,lQMeMb5uRfYIVOyN7EuizOVzbJQ=
-8,-2,GVNtGQHvVJ+P5C0iineFPfmH0BI=,DQRS8agBcyfft5d4mUBbKWUlplw=
-7,-7,HeL36LCN+4J+xXLCRC2ZToLZx8Y=,lQMeMb5uRfYIVOyN7EuizOVzbJQ=
-10,-4,HeL36LCN+4J+xXLCRC2ZToLZx8Y=,lQMeMb5uRfYIVOyN7EuizOVzbJQ=
-11,-2,HeL36LCN+4J+xXLCRC2ZToLZx8Y=,lQMeMb5uRfYIVOyN7EuizOVzbJQ=
-11,-4,HeL36LCN+4J+xXLCRC2ZToLZx8Y=,lQMeMb5uRfYIVOyN7EuizOVzbJQ=
-8,-5,HeL36LCN+4J+xXLCRC2ZToLZx8Y=,lQMeMb5uRfYIVOyN7EuizOVzbJQ=
-10,-2,HeL36LCN+4J+xXLCRC2ZToLZx8Y=,lQMeMb5uRfYIVOyN7EuizOVzbJQ=
-8,-6,HeL36LCN+4J+xXLCRC2ZToLZx8Y=,lQMeMb5uRfYIVOyN7EuizOVzbJQ=
-9,-2,HeL36LCN+4J+xXLCRC2ZToLZx8Y=,lQMeMb5uRfYIVOyN7EuizOVzbJQ=
-8,-4,GVNtGQHvVJ+P5C0iineFPfmH0BI=,DQRS8agBcyfft5d4mUBbKWUlplw=
-8,-7,HeL36LCN+4J+xXLCRC2ZToLZx8Y=,lQMeMb5uRfYIVOyN7EuizOVzbJQ=
-11,-7,HeL36LCN+4J+xXLCRC2ZToLZx8Y=,lQMeMb5uRfYIVOyN7EuizOVzbJQ=
-10,-7,HeL36LCN+4J+xXLCRC2ZToLZx8Y=,lQMeMb5uRfYIVOyN7EuizOVzbJQ=
-9,-7,HeL36LCN+4J+xXLCRC2ZToLZx8Y=,lQMeMb5uRfYIVOyN7EuizOVzbJQ=
-11,-6,HeL36LCN+4J+xXLCRC2ZToLZx8Y=,lQMeMb5uRfYIVOyN7EuizOVzbJQ=
-10,-6,HeL36LCN+4J+xXLCRC2ZToLZx8Y=,lQMeMb5uRfYIVOyN7EuizOVzbJQ=
-9,-6,HeL36LCN+4J+xXLCRC2ZToLZx8Y=,lQMeMb5uRfYIVOyN7EuizOVzbJQ=
-11,-5,HeL36LCN+4J+xXLCRC2ZToLZx8Y=,lQMeMb5uRfYIVOyN7EuizOVzbJQ=
-10,-5,HeL36LCN+4J+xXLCRC2ZToLZx8Y=,lQMeMb5uRfYIVOyN7EuizOVzbJQ=
-9,-5,HeL36LCN+4J+xXLCRC2ZToLZx8Y=,lQMeMb5uRfYIVOyN7EuizOVzbJQ=
-6,-15,37uTvaYDMnzhDUWFbg3l5oj/Sqc=,UkYo07Jjz5Q6caQV2AgECk3mdHg=
-7,-15,37uTvaYDMnzhDUWFbg3l5oj/Sqc=,UkYo07Jjz5Q6caQV2AgECk3mdHg=
-6,-14,37uTvaYDMnzhDUWFbg3l5oj/Sqc=,UkYo07Jjz5Q6caQV2AgECk3mdHg=
-7,-14,37uTvaYDMnzhDUWFbg3l5oj/Sqc=,UkYo07Jjz5Q6caQV2AgECk3mdHg=
-6,-11,37uTvaYDMnzhDUWFbg3l5oj/Sqc=,MdUMuMtg66GCfSgOleRlDELFA10=
-6,-10,37uTvaYDMnzhDUWFbg3l5oj/Sqc=,MdUMuMtg66GCfSgOleRlDELFA10=
-6,-9,37uTvaYDMnzhDUWFbg3l5oj/Sqc=,MdUMuMtg66GCfSgOleRlDELFA10=
-7,-10,37uTvaYDMnzhDUWFbg3l5oj/Sqc=,MdUMuMtg66GCfSgOleRlDELFA10=
-7,-9,37uTvaYDMnzhDUWFbg3l5oj/Sqc=,MdUMuMtg66GCfSgOleRlDELFA10=
-8,-15,37uTvaYDMnzhDUWFbg3l5oj/Sqc=,UkYo07Jjz5Q6caQV2AgECk3mdHg=
-6,-12,37uTvaYDMnzhDUWFbg3l5oj/Sqc=,MdUMuMtg66GCfSgOleRlDELFA10=
-8,-14,37uTvaYDMnzhDUWFbg3l5oj/Sqc=,UkYo07Jjz5Q6caQV2AgECk3mdHg=
-7,-12,37uTvaYDMnzhDUWFbg3l5oj/Sqc=,MdUMuMtg66GCfSgOleRlDELFA10=
-11,-15,37uTvaYDMnzhDUWFbg3l5oj/Sqc=,UkYo07Jjz5Q6caQV2AgECk3mdHg=
-10,-15,37uTvaYDMnzhDUWFbg3l5oj/Sqc=,UkYo07Jjz5Q6caQV2AgECk3mdHg=
-9,-15,37uTvaYDMnzhDUWFbg3l5oj/Sqc=,UkYo07Jjz5Q6caQV2AgECk3mdHg=
-7,-11,37uTvaYDMnzhDUWFbg3l5oj/Sqc=,MdUMuMtg66GCfSgOleRlDELFA10=
-11,-14,37uTvaYDMnzhDUWFbg3l5oj/Sqc=,UkYo07Jjz5Q6caQV2AgECk3mdHg=
-6,-8,d2nS3dN6HG1Ohb1d4sBL0sC243A=,lQMeMb5uRfYIVOyN7EuizOVzbJQ=
-10,-14,37uTvaYDMnzhDUWFbg3l5oj/Sqc=,UkYo07Jjz5Q6caQV2AgECk3mdHg=
-7,-8,d2nS3dN6HG1Ohb1d4sBL0sC243A=,lQMeMb5uRfYIVOyN7EuizOVzbJQ=
-9,-14,37uTvaYDMnzhDUWFbg3l5oj/Sqc=,UkYo07Jjz5Q6caQV2AgECk3mdHg=
-6,-13,37uTvaYDMnzhDUWFbg3l5oj/Sqc=,UkYo07Jjz5Q6caQV2AgECk3mdHg=
-7,-13,37uTvaYDMnzhDUWFbg3l5oj/Sqc=,UkYo07Jjz5Q6caQV2AgECk3mdHg=
-8,-10,37uTvaYDMnzhDUWFbg3l5oj/Sqc=,MdUMuMtg66GCfSgOleRlDELFA10=
-8,-12,37uTvaYDMnzhDUWFbg3l5oj/Sqc=,MdUMuMtg66GCfSgOleRlDELFA10=
-8,-8,d2nS3dN6HG1Ohb1d4sBL0sC243A=,lQMeMb5uRfYIVOyN7EuizOVzbJQ=
-8,-9,37uTvaYDMnzhDUWFbg3l5oj/Sqc=,MdUMuMtg66GCfSgOleRlDELFA10=
-8,-11,37uTvaYDMnzhDUWFbg3l5oj/Sqc=,MdUMuMtg66GCfSgOleRlDELFA10=
-8,-13,37uTvaYDMnzhDUWFbg3l5oj/Sqc=,UkYo07Jjz5Q6caQV2AgECk3mdHg=
-11,-8,d2nS3dN6HG1Ohb1d4sBL0sC243A=,lQMeMb5uRfYIVOyN7EuizOVzbJQ=
-10,-8,d2nS3dN6HG1Ohb1d4sBL0sC243A=,lQMeMb5uRfYIVOyN7EuizOVzbJQ=
-9,-8,d2nS3dN6HG1Ohb1d4sBL0sC243A=,lQMeMb5uRfYIVOyN7EuizOVzbJQ=
-11,-12,37uTvaYDMnzhDUWFbg3l5oj/Sqc=,MdUMuMtg66GCfSgOleRlDELFA10=
-10,-12,37uTvaYDMnzhDUWFbg3l5oj/Sqc=,MdUMuMtg66GCfSgOleRlDELFA10=
-9,-12,37uTvaYDMnzhDUWFbg3l5oj/Sqc=,MdUMuMtg66GCfSgOleRlDELFA10=
-11,-11,37uTvaYDMnzhDUWFbg3l5oj/Sqc=,MdUMuMtg66GCfSgOleRlDELFA10=
-10,-11,37uTvaYDMnzhDUWFbg3l5oj/Sqc=,MdUMuMtg66GCfSgOleRlDELFA10=
-9,-11,37uTvaYDMnzhDUWFbg3l5oj/Sqc=,MdUMuMtg66GCfSgOleRlDELFA10=
-11,-10,37uTvaYDMnzhDUWFbg3l5oj/Sqc=,MdUMuMtg66GCfSgOleRlDELFA10=
-10,-10,37uTvaYDMnzhDUWFbg3l5oj/Sqc=,MdUMuMtg66GCfSgOleRlDELFA10=
-9,-10,37uTvaYDMnzhDUWFbg3l5oj/Sqc=,MdUMuMtg66GCfSgOleRlDELFA10=
-11,-9,37uTvaYDMnzhDUWFbg3l5oj/Sqc=,MdUMuMtg66GCfSgOleRlDELFA10=
-10,-9,37uTvaYDMnzhDUWFbg3l5oj/Sqc=,MdUMuMtg66GCfSgOleRlDELFA10=
-9,-9,37uTvaYDMnzhDUWFbg3l5oj/Sqc=,MdUMuMtg66GCfSgOleRlDELFA10=
-11,-13,37uTvaYDMnzhDUWFbg3l5oj/Sqc=,UkYo07Jjz5Q6caQV2AgECk3mdHg=
-10,-13,37uTvaYDMnzhDUWFbg3l5oj/Sqc=,UkYo07Jjz5Q6caQV2AgECk3mdHg=
-9,-13,37uTvaYDMnzhDUWFbg3l5oj/Sqc=,UkYo07Jjz5Q6caQV2AgECk3mdHg=
-5,-10,37uTvaYDMnzhDUWFbg3l5oj/Sqc=,MdUMuMtg66GCfSgOleRlDELFA10=
-5,-11,37uTvaYDMnzhDUWFbg3l5oj/Sqc=,MdUMuMtg66GCfSgOleRlDELFA10=
-5,-13,37uTvaYDMnzhDUWFbg3l5oj/Sqc=,UkYo07Jjz5Q6caQV2AgECk3mdHg=
-12,-11,37uTvaYDMnzhDUWFbg3l5oj/Sqc=,MdUMuMtg66GCfSgOleRlDELFA10=
-5,-15,37uTvaYDMnzhDUWFbg3l5oj/Sqc=,UkYo07Jjz5Q6caQV2AgECk3mdHg=
-5,-9,TapjV2YeWm7zE29NYLcZq6XWqZg=,MdUMuMtg66GCfSgOleRlDELFA10=
-2,-10,37uTvaYDMnzhDUWFbg3l5oj/Sqc=,MdUMuMtg66GCfSgOleRlDELFA10=
-5,-12,37uTvaYDMnzhDUWFbg3l5oj/Sqc=,MdUMuMtg66GCfSgOleRlDELFA10=
-4,-6,TapjV2YeWm7zE29NYLcZq6XWqZg=,02tpuevYySY8SDv/t1/loS14AB4=
-12,-10,37uTvaYDMnzhDUWFbg3l5oj/Sqc=,MdUMuMtg66GCfSgOleRlDELFA10=
-3,-10,37uTvaYDMnzhDUWFbg3l5oj/Sqc=,MdUMuMtg66GCfSgOleRlDELFA10=
-4,-7,37uTvaYDMnzhDUWFbg3l5oj/Sqc=,02tpuevYySY8SDv/t1/loS14AB4=
-5,-14,37uTvaYDMnzhDUWFbg3l5oj/Sqc=,UkYo07Jjz5Q6caQV2AgECk3mdHg=
-15,-11,d2nS3dN6HG1Ohb1d4sBL0sC243A=,lQMeMb5uRfYIVOyN7EuizOVzbJQ=
-4,-10,37uTvaYDMnzhDUWFbg3l5oj/Sqc=,MdUMuMtg66GCfSgOleRlDELFA10=
-4,-12,37uTvaYDMnzhDUWFbg3l5oj/Sqc=,MdUMuMtg66GCfSgOleRlDELFA10=
-2,-9,37uTvaYDMnzhDUWFbg3l5oj/Sqc=,MdUMuMtg66GCfSgOleRlDELFA10=
-2,-8,TapjV2YeWm7zE29NYLcZq6XWqZg=,02tpuevYySY8SDv/t1/loS14AB4=
-14,-11,d2nS3dN6HG1Ohb1d4sBL0sC243A=,lQMeMb5uRfYIVOyN7EuizOVzbJQ=
-2,-15,37uTvaYDMnzhDUWFbg3l5oj/Sqc=,GIB07+yHz6IebjcfqkkJ3PxiFDU=
-2,-11,37uTvaYDMnzhDUWFbg3l5oj/Sqc=,MdUMuMtg66GCfSgOleRlDELFA10=
-2,-7,TapjV2YeWm7zE29NYLcZq6XWqZg=,02tpuevYySY8SDv/t1/loS14AB4=
-13,-11,d2nS3dN6HG1Ohb1d4sBL0sC243A=,lQMeMb5uRfYIVOyN7EuizOVzbJQ=
-4,-14,37uTvaYDMnzhDUWFbg3l5oj/Sqc=,GIB07+yHz6IebjcfqkkJ3PxiFDU=
-3,-11,37uTvaYDMnzhDUWFbg3l5oj/Sqc=,MdUMuMtg66GCfSgOleRlDELFA10=
-3,-15,37uTvaYDMnzhDUWFbg3l5oj/Sqc=,GIB07+yHz6IebjcfqkkJ3PxiFDU=
-3,-7,TapjV2YeWm7zE29NYLcZq6XWqZg=,02tpuevYySY8SDv/t1/loS14AB4=
-15,-10,d2nS3dN6HG1Ohb1d4sBL0sC243A=,lQMeMb5uRfYIVOyN7EuizOVzbJQ=
-4,-11,37uTvaYDMnzhDUWFbg3l5oj/Sqc=,MdUMuMtg66GCfSgOleRlDELFA10=
-5,-6,d2nS3dN6HG1Ohb1d4sBL0sC243A=,lQMeMb5uRfYIVOyN7EuizOVzbJQ=
-4,-15,37uTvaYDMnzhDUWFbg3l5oj/Sqc=,GIB07+yHz6IebjcfqkkJ3PxiFDU=
-14,-10,d2nS3dN6HG1Ohb1d4sBL0sC243A=,lQMeMb5uRfYIVOyN7EuizOVzbJQ=
-13,-10,d2nS3dN6HG1Ohb1d4sBL0sC243A=,lQMeMb5uRfYIVOyN7EuizOVzbJQ=
-4,-13,37uTvaYDMnzhDUWFbg3l5oj/Sqc=,GIB07+yHz6IebjcfqkkJ3PxiFDU=
-3,-9,37uTvaYDMnzhDUWFbg3l5oj/Sqc=,MdUMuMtg66GCfSgOleRlDELFA10=
-4,-9,TapjV2YeWm7zE29NYLcZq6XWqZg=,MdUMuMtg66GCfSgOleRlDELFA10=
-2,-13,37uTvaYDMnzhDUWFbg3l5oj/Sqc=,GIB07+yHz6IebjcfqkkJ3PxiFDU=
-5,-8,d2nS3dN6HG1Ohb1d4sBL0sC243A=,lQMeMb5uRfYIVOyN7EuizOVzbJQ=
-4,-8,TapjV2YeWm7zE29NYLcZq6XWqZg=,02tpuevYySY8SDv/t1/loS14AB4=
-1,-7,TapjV2YeWm7zE29NYLcZq6XWqZg=,02tpuevYySY8SDv/t1/loS14AB4=
-5,-5,d2nS3dN6HG1Ohb1d4sBL0sC243A=,lQMeMb5uRfYIVOyN7EuizOVzbJQ=
-2,-12,37uTvaYDMnzhDUWFbg3l5oj/Sqc=,MdUMuMtg66GCfSgOleRlDELFA10=
-1,-6,37uTvaYDMnzhDUWFbg3l5oj/Sqc=,02tpuevYySY8SDv/t1/loS14AB4=
-5,-7,d2nS3dN6HG1Ohb1d4sBL0sC243A=,lQMeMb5uRfYIVOyN7EuizOVzbJQ=
-4,-5,TapjV2YeWm7zE29NYLcZq6XWqZg=,02tpuevYySY8SDv/t1/loS14AB4=
-2,-14,37uTvaYDMnzhDUWFbg3l5oj/Sqc=,GIB07+yHz6IebjcfqkkJ3PxiFDU=
-3,-8,37uTvaYDMnzhDUWFbg3l5oj/Sqc=,02tpuevYySY8SDv/t1/loS14AB4=
-5,-3,GVNtGQHvVJ+P5C0iineFPfmH0BI=,DQRS8agBcyfft5d4mUBbKWUlplw=
-1,-10,TapjV2YeWm7zE29NYLcZq6XWqZg=,MdUMuMtg66GCfSgOleRlDELFA10=
-2,-6,TapjV2YeWm7zE29NYLcZq6XWqZg=,02tpuevYySY8SDv/t1/loS14AB4=
-3,-12,37uTvaYDMnzhDUWFbg3l5oj/Sqc=,MdUMuMtg66GCfSgOleRlDELFA10=
-3,-1,TapjV2YeWm7zE29NYLcZq6XWqZg=,UkYo07Jjz5Q6caQV2AgECk3mdHg=
-1,-8,TapjV2YeWm7zE29NYLcZq6XWqZg=,02tpuevYySY8SDv/t1/loS14AB4=
-3,-6,TapjV2YeWm7zE29NYLcZq6XWqZg=,02tpuevYySY8SDv/t1/loS14AB4=
-3,-14,37uTvaYDMnzhDUWFbg3l5oj/Sqc=,GIB07+yHz6IebjcfqkkJ3PxiFDU=
-1,-4,37uTvaYDMnzhDUWFbg3l5oj/Sqc=,UkYo07Jjz5Q6caQV2AgECk3mdHg=
-1,-11,TapjV2YeWm7zE29NYLcZq6XWqZg=,MdUMuMtg66GCfSgOleRlDELFA10=
-5,-4,GVNtGQHvVJ+P5C0iineFPfmH0BI=,DQRS8agBcyfft5d4mUBbKWUlplw=
-1,-13,TapjV2YeWm7zE29NYLcZq6XWqZg=,GIB07+yHz6IebjcfqkkJ3PxiFDU=
-3,-13,37uTvaYDMnzhDUWFbg3l5oj/Sqc=,GIB07+yHz6IebjcfqkkJ3PxiFDU=
-1,-9,TapjV2YeWm7zE29NYLcZq6XWqZg=,MdUMuMtg66GCfSgOleRlDELFA10=
-1,-5,TapjV2YeWm7zE29NYLcZq6XWqZg=,02tpuevYySY8SDv/t1/loS14AB4=
-3,-16,TapjV2YeWm7zE29NYLcZq6XWqZg=,GIB07+yHz6IebjcfqkkJ3PxiFDU=
-5,-16,TapjV2YeWm7zE29NYLcZq6XWqZg=,UkYo07Jjz5Q6caQV2AgECk3mdHg=
-2,-4,37uTvaYDMnzhDUWFbg3l5oj/Sqc=,UkYo07Jjz5Q6caQV2AgECk3mdHg=
-1,-15,TapjV2YeWm7zE29NYLcZq6XWqZg=,GIB07+yHz6IebjcfqkkJ3PxiFDU=
-2,-16,TapjV2YeWm7zE29NYLcZq6XWqZg=,GIB07+yHz6IebjcfqkkJ3PxiFDU=
-6,-16,TapjV2YeWm7zE29NYLcZq6XWqZg=,UkYo07Jjz5Q6caQV2AgECk3mdHg=
-1,-3,TapjV2YeWm7zE29NYLcZq6XWqZg=,UkYo07Jjz5Q6caQV2AgECk3mdHg=
-8,-16,TapjV2YeWm7zE29NYLcZq6XWqZg=,UkYo07Jjz5Q6caQV2AgECk3mdHg=
-1,-14,TapjV2YeWm7zE29NYLcZq6XWqZg=,GIB07+yHz6IebjcfqkkJ3PxiFDU=
-7,-16,TapjV2YeWm7zE29NYLcZq6XWqZg=,UkYo07Jjz5Q6caQV2AgECk3mdHg=
-5,-2,GVNtGQHvVJ+P5C0iineFPfmH0BI=,DQRS8agBcyfft5d4mUBbKWUlplw=
-11,-16,37uTvaYDMnzhDUWFbg3l5oj/Sqc=,UkYo07Jjz5Q6caQV2AgECk3mdHg=
-4,-16,TapjV2YeWm7zE29NYLcZq6XWqZg=,GIB07+yHz6IebjcfqkkJ3PxiFDU=
-1,-12,TapjV2YeWm7zE29NYLcZq6XWqZg=,MdUMuMtg66GCfSgOleRlDELFA10=
-10,-16,37uTvaYDMnzhDUWFbg3l5oj/Sqc=,UkYo07Jjz5Q6caQV2AgECk3mdHg=
-2,-5,TapjV2YeWm7zE29NYLcZq6XWqZg=,02tpuevYySY8SDv/t1/loS14AB4=
-9,-16,TapjV2YeWm7zE29NYLcZq6XWqZg=,UkYo07Jjz5Q6caQV2AgECk3mdHg=
-1,-1,TapjV2YeWm7zE29NYLcZq6XWqZg=,UkYo07Jjz5Q6caQV2AgECk3mdHg=
-3,-3,TapjV2YeWm7zE29NYLcZq6XWqZg=,UkYo07Jjz5Q6caQV2AgECk3mdHg=
-2,-3,TapjV2YeWm7zE29NYLcZq6XWqZg=,UkYo07Jjz5Q6caQV2AgECk3mdHg=
-3,-4,TapjV2YeWm7zE29NYLcZq6XWqZg=,UkYo07Jjz5Q6caQV2AgECk3mdHg=
-1,-2,TapjV2YeWm7zE29NYLcZq6XWqZg=,UkYo07Jjz5Q6caQV2AgECk3mdHg=
-2,-2,37uTvaYDMnzhDUWFbg3l5oj/Sqc=,UkYo07Jjz5Q6caQV2AgECk3mdHg=
-4,-3,TapjV2YeWm7zE29NYLcZq6XWqZg=,UkYo07Jjz5Q6caQV2AgECk3mdHg=
-3,-5,TapjV2YeWm7zE29NYLcZq6XWqZg=,02tpuevYySY8SDv/t1/loS14AB4=
-3,-2,TapjV2YeWm7zE29NYLcZq6XWqZg=,UkYo07Jjz5Q6caQV2AgECk3mdHg=
-4,-2,TapjV2YeWm7zE29NYLcZq6XWqZg=,UkYo07Jjz5Q6caQV2AgECk3mdHg=
-2,-1,37uTvaYDMnzhDUWFbg3l5oj/Sqc=,UkYo07Jjz5Q6caQV2AgECk3mdHg=
-11,-1,d2nS3dN6HG1Ohb1d4sBL0sC243A=,lQMeMb5uRfYIVOyN7EuizOVzbJQ=
-4,-4,TapjV2YeWm7zE29NYLcZq6XWqZg=,UkYo07Jjz5Q6caQV2AgECk3mdHg=
-10,-1,d2nS3dN6HG1Ohb1d4sBL0sC243A=,lQMeMb5uRfYIVOyN7EuizOVzbJQ=
-5,-1,GVNtGQHvVJ+P5C0iineFPfmH0BI=,DQRS8agBcyfft5d4mUBbKWUlplw=
-6,-1,GVNtGQHvVJ+P5C0iineFPfmH0BI=,DQRS8agBcyfft5d4mUBbKWUlplw=
-7,-1,GVNtGQHvVJ+P5C0iineFPfmH0BI=,DQRS8agBcyfft5d4mUBbKWUlplw=
-16,-11,d2nS3dN6HG1Ohb1d4sBL0sC243A=,lQMeMb5uRfYIVOyN7EuizOVzbJQ=
-4,-1,TapjV2YeWm7zE29NYLcZq6XWqZg=,UkYo07Jjz5Q6caQV2AgECk3mdHg=
-16,-10,d2nS3dN6HG1Ohb1d4sBL0sC243A=,lQMeMb5uRfYIVOyN7EuizOVzbJQ=
-8,-1,GVNtGQHvVJ+P5C0iineFPfmH0BI=,DQRS8agBcyfft5d4mUBbKWUlplw=
-9,-1,d2nS3dN6HG1Ohb1d4sBL0sC243A=,lQMeMb5uRfYIVOyN7EuizOVzbJQ=
-1,-16,TapjV2YeWm7zE29NYLcZq6XWqZg=,GIB07+yHz6IebjcfqkkJ3PxiFDU=
-12,-8,d2nS3dN6HG1Ohb1d4sBL0sC243A=,lQMeMb5uRfYIVOyN7EuizOVzbJQ=
-12,-7,d2nS3dN6HG1Ohb1d4sBL0sC243A=,lQMeMb5uRfYIVOyN7EuizOVzbJQ=
-12,-6,d2nS3dN6HG1Ohb1d4sBL0sC243A=,lQMeMb5uRfYIVOyN7EuizOVzbJQ=
-12,-12,37uTvaYDMnzhDUWFbg3l5oj/Sqc=,MdUMuMtg66GCfSgOleRlDELFA10=
-12,-9,37uTvaYDMnzhDUWFbg3l5oj/Sqc=,MdUMuMtg66GCfSgOleRlDELFA10=
-12,-16,TapjV2YeWm7zE29NYLcZq6XWqZg=,UkYo07Jjz5Q6caQV2AgECk3mdHg=
-16,-8,d5dDpEo3r4gIvLO5rTHM2KWQas4=,lQMeMb5uRfYIVOyN7EuizOVzbJQ=
-12,-15,37uTvaYDMnzhDUWFbg3l5oj/Sqc=,UkYo07Jjz5Q6caQV2AgECk3mdHg=
-15,-8,d5dDpEo3r4gIvLO5rTHM2KWQas4=,lQMeMb5uRfYIVOyN7EuizOVzbJQ=
-14,-8,d5dDpEo3r4gIvLO5rTHM2KWQas4=,lQMeMb5uRfYIVOyN7EuizOVzbJQ=
-12,-14,37uTvaYDMnzhDUWFbg3l5oj/Sqc=,UkYo07Jjz5Q6caQV2AgECk3mdHg=
-12,-3,d5dDpEo3r4gIvLO5rTHM2KWQas4=,lQMeMb5uRfYIVOyN7EuizOVzbJQ=
-13,-8,d5dDpEo3r4gIvLO5rTHM2KWQas4=,lQMeMb5uRfYIVOyN7EuizOVzbJQ=
-12,-13,37uTvaYDMnzhDUWFbg3l5oj/Sqc=,UkYo07Jjz5Q6caQV2AgECk3mdHg=
-12,-4,d5dDpEo3r4gIvLO5rTHM2KWQas4=,lQMeMb5uRfYIVOyN7EuizOVzbJQ=
-16,-7,d5dDpEo3r4gIvLO5rTHM2KWQas4=,lQMeMb5uRfYIVOyN7EuizOVzbJQ=
-16,-12,d5dDpEo3r4gIvLO5rTHM2KWQas4=,lQMeMb5uRfYIVOyN7EuizOVzbJQ=
-15,-7,d5dDpEo3r4gIvLO5rTHM2KWQas4=,lQMeMb5uRfYIVOyN7EuizOVzbJQ=
-14,-7,d5dDpEo3r4gIvLO5rTHM2KWQas4=,lQMeMb5uRfYIVOyN7EuizOVzbJQ=
-15,-12,d5dDpEo3r4gIvLO5rTHM2KWQas4=,lQMeMb5uRfYIVOyN7EuizOVzbJQ=
-12,-2,d5dDpEo3r4gIvLO5rTHM2KWQas4=,lQMeMb5uRfYIVOyN7EuizOVzbJQ=
-13,-7,d5dDpEo3r4gIvLO5rTHM2KWQas4=,lQMeMb5uRfYIVOyN7EuizOVzbJQ=
-16,-6,d5dDpEo3r4gIvLO5rTHM2KWQas4=,lQMeMb5uRfYIVOyN7EuizOVzbJQ=
-14,-12,d5dDpEo3r4gIvLO5rTHM2KWQas4=,lQMeMb5uRfYIVOyN7EuizOVzbJQ=
-12,-1,d5dDpEo3r4gIvLO5rTHM2KWQas4=,lQMeMb5uRfYIVOyN7EuizOVzbJQ=
-15,-6,d5dDpEo3r4gIvLO5rTHM2KWQas4=,lQMeMb5uRfYIVOyN7EuizOVzbJQ=
-12,-5,d5dDpEo3r4gIvLO5rTHM2KWQas4=,lQMeMb5uRfYIVOyN7EuizOVzbJQ=
-13,-12,d5dDpEo3r4gIvLO5rTHM2KWQas4=,lQMeMb5uRfYIVOyN7EuizOVzbJQ=
-16,-16,TapjV2YeWm7zE29NYLcZq6XWqZg=,UkYo07Jjz5Q6caQV2AgECk3mdHg=
-14,-6,d5dDpEo3r4gIvLO5rTHM2KWQas4=,lQMeMb5uRfYIVOyN7EuizOVzbJQ=
-16,-4,d5dDpEo3r4gIvLO5rTHM2KWQas4=,lQMeMb5uRfYIVOyN7EuizOVzbJQ=
-13,-6,d5dDpEo3r4gIvLO5rTHM2KWQas4=,lQMeMb5uRfYIVOyN7EuizOVzbJQ=
-15,-16,TapjV2YeWm7zE29NYLcZq6XWqZg=,UkYo07Jjz5Q6caQV2AgECk3mdHg=
-14,-16,TapjV2YeWm7zE29NYLcZq6XWqZg=,UkYo07Jjz5Q6caQV2AgECk3mdHg=
-15,-4,d5dDpEo3r4gIvLO5rTHM2KWQas4=,lQMeMb5uRfYIVOyN7EuizOVzbJQ=
-16,-9,d5dDpEo3r4gIvLO5rTHM2KWQas4=,lQMeMb5uRfYIVOyN7EuizOVzbJQ=
-15,-9,d5dDpEo3r4gIvLO5rTHM2KWQas4=,lQMeMb5uRfYIVOyN7EuizOVzbJQ=
-14,-4,d5dDpEo3r4gIvLO5rTHM2KWQas4=,lQMeMb5uRfYIVOyN7EuizOVzbJQ=
-13,-16,TapjV2YeWm7zE29NYLcZq6XWqZg=,UkYo07Jjz5Q6caQV2AgECk3mdHg=
-16,-15,TapjV2YeWm7zE29NYLcZq6XWqZg=,UkYo07Jjz5Q6caQV2AgECk3mdHg=
-14,-9,d5dDpEo3r4gIvLO5rTHM2KWQas4=,lQMeMb5uRfYIVOyN7EuizOVzbJQ=
-13,-4,d5dDpEo3r4gIvLO5rTHM2KWQas4=,lQMeMb5uRfYIVOyN7EuizOVzbJQ=
-15,-15,37uTvaYDMnzhDUWFbg3l5oj/Sqc=,UkYo07Jjz5Q6caQV2AgECk3mdHg=
-14,-15,37uTvaYDMnzhDUWFbg3l5oj/Sqc=,UkYo07Jjz5Q6caQV2AgECk3mdHg=
-13,-9,d5dDpEo3r4gIvLO5rTHM2KWQas4=,lQMeMb5uRfYIVOyN7EuizOVzbJQ=
-13,-15,37uTvaYDMnzhDUWFbg3l5oj/Sqc=,UkYo07Jjz5Q6caQV2AgECk3mdHg=
-16,-3,d5dDpEo3r4gIvLO5rTHM2KWQas4=,lQMeMb5uRfYIVOyN7EuizOVzbJQ=
-16,-14,TapjV2YeWm7zE29NYLcZq6XWqZg=,UkYo07Jjz5Q6caQV2AgECk3mdHg=
-15,-3,d5dDpEo3r4gIvLO5rTHM2KWQas4=,lQMeMb5uRfYIVOyN7EuizOVzbJQ=
-15,-14,37uTvaYDMnzhDUWFbg3l5oj/Sqc=,UkYo07Jjz5Q6caQV2AgECk3mdHg=
-14,-14,37uTvaYDMnzhDUWFbg3l5oj/Sqc=,UkYo07Jjz5Q6caQV2AgECk3mdHg=
-13,-14,37uTvaYDMnzhDUWFbg3l5oj/Sqc=,UkYo07Jjz5Q6caQV2AgECk3mdHg=
-14,-3,d5dDpEo3r4gIvLO5rTHM2KWQas4=,lQMeMb5uRfYIVOyN7EuizOVzbJQ=
-13,-3,d5dDpEo3r4gIvLO5rTHM2KWQas4=,lQMeMb5uRfYIVOyN7EuizOVzbJQ=
-16,-13,TapjV2YeWm7zE29NYLcZq6XWqZg=,UkYo07Jjz5Q6caQV2AgECk3mdHg=
-15,-13,37uTvaYDMnzhDUWFbg3l5oj/Sqc=,UkYo07Jjz5Q6caQV2AgECk3mdHg=
-16,-2,d5dDpEo3r4gIvLO5rTHM2KWQas4=,lQMeMb5uRfYIVOyN7EuizOVzbJQ=
-14,-13,37uTvaYDMnzhDUWFbg3l5oj/Sqc=,UkYo07Jjz5Q6caQV2AgECk3mdHg=
-13,-13,37uTvaYDMnzhDUWFbg3l5oj/Sqc=,UkYo07Jjz5Q6caQV2AgECk3mdHg=
-15,-2,d5dDpEo3r4gIvLO5rTHM2KWQas4=,lQMeMb5uRfYIVOyN7EuizOVzbJQ=
-14,-2,d5dDpEo3r4gIvLO5rTHM2KWQas4=,lQMeMb5uRfYIVOyN7EuizOVzbJQ=
-13,-2,d5dDpEo3r4gIvLO5rTHM2KWQas4=,lQMeMb5uRfYIVOyN7EuizOVzbJQ=
-16,-1,d5dDpEo3r4gIvLO5rTHM2KWQas4=,lQMeMb5uRfYIVOyN7EuizOVzbJQ=
-15,-1,d5dDpEo3r4gIvLO5rTHM2KWQas4=,lQMeMb5uRfYIVOyN7EuizOVzbJQ=
-14,-1,d5dDpEo3r4gIvLO5rTHM2KWQas4=,lQMeMb5uRfYIVOyN7EuizOVzbJQ=
-13,-1,d5dDpEo3r4gIvLO5rTHM2KWQas4=,lQMeMb5uRfYIVOyN7EuizOVzbJQ=
-16,-5,d5dDpEo3r4gIvLO5rTHM2KWQas4=,lQMeMb5uRfYIVOyN7EuizOVzbJQ=
-15,-5,d5dDpEo3r4gIvLO5rTHM2KWQas4=,lQMeMb5uRfYIVOyN7EuizOVzbJQ=
-14,-5,d5dDpEo3r4gIvLO5rTHM2KWQas4=,lQMeMb5uRfYIVOyN7EuizOVzbJQ=
-13,-5,d5dDpEo3r4gIvLO5rTHM2KWQas4=,lQMeMb5uRfYIVOyN7EuizOVzbJQ=
-6,-18,TapjV2YeWm7zE29NYLcZq6XWqZg=,UkYo07Jjz5Q6caQV2AgECk3mdHg=
-8,-20,TapjV2YeWm7zE29NYLcZq6XWqZg=,UkYo07Jjz5Q6caQV2AgECk3mdHg=
-8,-17,TapjV2YeWm7zE29NYLcZq6XWqZg=,UkYo07Jjz5Q6caQV2AgECk3mdHg=
-4,-20,TapjV2YeWm7zE29NYLcZq6XWqZg=,UkYo07Jjz5Q6caQV2AgECk3mdHg=
-7,-18,TapjV2YeWm7zE29NYLcZq6XWqZg=,UkYo07Jjz5Q6caQV2AgECk3mdHg=
-5,-17,F/2yBqJ5ZhPVLSef4PXM1AhzTN0=,UkYo07Jjz5Q6caQV2AgECk3mdHg=
-8,-18,TapjV2YeWm7zE29NYLcZq6XWqZg=,UkYo07Jjz5Q6caQV2AgECk3mdHg=
-2,-18,TapjV2YeWm7zE29NYLcZq6XWqZg=,UkYo07Jjz5Q6caQV2AgECk3mdHg=
-6,-17,TapjV2YeWm7zE29NYLcZq6XWqZg=,UkYo07Jjz5Q6caQV2AgECk3mdHg=
-6,-19,TapjV2YeWm7zE29NYLcZq6XWqZg=,UkYo07Jjz5Q6caQV2AgECk3mdHg=
-5,-19,TapjV2YeWm7zE29NYLcZq6XWqZg=,UkYo07Jjz5Q6caQV2AgECk3mdHg=
-7,-19,TapjV2YeWm7zE29NYLcZq6XWqZg=,UkYo07Jjz5Q6caQV2AgECk3mdHg=
-2,-20,TapjV2YeWm7zE29NYLcZq6XWqZg=,UkYo07Jjz5Q6caQV2AgECk3mdHg=
-2,-19,TapjV2YeWm7zE29NYLcZq6XWqZg=,UkYo07Jjz5Q6caQV2AgECk3mdHg=
-8,-19,TapjV2YeWm7zE29NYLcZq6XWqZg=,UkYo07Jjz5Q6caQV2AgECk3mdHg=
-5,-18,TapjV2YeWm7zE29NYLcZq6XWqZg=,UkYo07Jjz5Q6caQV2AgECk3mdHg=
-7,-17,TapjV2YeWm7zE29NYLcZq6XWqZg=,UkYo07Jjz5Q6caQV2AgECk3mdHg=
-6,-20,TapjV2YeWm7zE29NYLcZq6XWqZg=,UkYo07Jjz5Q6caQV2AgECk3mdHg=
-3,-20,TapjV2YeWm7zE29NYLcZq6XWqZg=,UkYo07Jjz5Q6caQV2AgECk3mdHg=
-3,-18,TapjV2YeWm7zE29NYLcZq6XWqZg=,UkYo07Jjz5Q6caQV2AgECk3mdHg=
-7,-20,TapjV2YeWm7zE29NYLcZq6XWqZg=,UkYo07Jjz5Q6caQV2AgECk3mdHg=
-4,-18,TapjV2YeWm7zE29NYLcZq6XWqZg=,UkYo07Jjz5Q6caQV2AgECk3mdHg=
-1,-19,TapjV2YeWm7zE29NYLcZq6XWqZg=,UkYo07Jjz5Q6caQV2AgECk3mdHg=
-3,-19,TapjV2YeWm7zE29NYLcZq6XWqZg=,UkYo07Jjz5Q6caQV2AgECk3mdHg=
-5,-20,TapjV2YeWm7zE29NYLcZq6XWqZg=,UkYo07Jjz5Q6caQV2AgECk3mdHg=
-4,-19,TapjV2YeWm7zE29NYLcZq6XWqZg=,UkYo07Jjz5Q6caQV2AgECk3mdHg=
-1,-17,F/2yBqJ5ZhPVLSef4PXM1AhzTN0=,UkYo07Jjz5Q6caQV2AgECk3mdHg=
-2,-17,TapjV2YeWm7zE29NYLcZq6XWqZg=,UkYo07Jjz5Q6caQV2AgECk3mdHg=
-1,-20,F/2yBqJ5ZhPVLSef4PXM1AhzTN0=,UkYo07Jjz5Q6caQV2AgECk3mdHg=
-3,-17,TapjV2YeWm7zE29NYLcZq6XWqZg=,UkYo07Jjz5Q6caQV2AgECk3mdHg=
-4,-17,TapjV2YeWm7zE29NYLcZq6XWqZg=,UkYo07Jjz5Q6caQV2AgECk3mdHg=
-1,-18,TapjV2YeWm7zE29NYLcZq6XWqZg=,UkYo07Jjz5Q6caQV2AgECk3mdHg=
-30,-10,Ffy9USdMb5aiXOQENWPUY+yAKZk=,lQMeMb5uRfYIVOyN7EuizOVzbJQ=
-31,-10,Ffy9USdMb5aiXOQENWPUY+yAKZk=,lQMeMb5uRfYIVOyN7EuizOVzbJQ=
-30,-11,Ffy9USdMb5aiXOQENWPUY+yAKZk=,lQMeMb5uRfYIVOyN7EuizOVzbJQ=
-31,-11,Ffy9USdMb5aiXOQENWPUY+yAKZk=,lQMeMb5uRfYIVOyN7EuizOVzbJQ=
-26,-6,Ffy9USdMb5aiXOQENWPUY+yAKZk=,lQMeMb5uRfYIVOyN7EuizOVzbJQ=
-29,-6,KqUGKs3w8oR2K9bXo1D0d7eQmQI=,mQb4CZiaBE1PjU9Zx5mL7CrahaE=
-27,-6,Ffy9USdMb5aiXOQENWPUY+yAKZk=,lQMeMb5uRfYIVOyN7EuizOVzbJQ=
-29,-10,Ffy9USdMb5aiXOQENWPUY+yAKZk=,lQMeMb5uRfYIVOyN7EuizOVzbJQ=
-30,-6,KqUGKs3w8oR2K9bXo1D0d7eQmQI=,mQb4CZiaBE1PjU9Zx5mL7CrahaE=
-26,-7,Ffy9USdMb5aiXOQENWPUY+yAKZk=,lQMeMb5uRfYIVOyN7EuizOVzbJQ=
-26,-10,Ffy9USdMb5aiXOQENWPUY+yAKZk=,lQMeMb5uRfYIVOyN7EuizOVzbJQ=
-31,-6,KqUGKs3w8oR2K9bXo1D0d7eQmQI=,mQb4CZiaBE1PjU9Zx5mL7CrahaE=
-29,-8,hS1dSi8C4npbfj1M1yTjYeVQOhU=,mQb4CZiaBE1PjU9Zx5mL7CrahaE=
-27,-7,Ffy9USdMb5aiXOQENWPUY+yAKZk=,lQMeMb5uRfYIVOyN7EuizOVzbJQ=
-28,-6,Ffy9USdMb5aiXOQENWPUY+yAKZk=,lQMeMb5uRfYIVOyN7EuizOVzbJQ=
-29,-7,KqUGKs3w8oR2K9bXo1D0d7eQmQI=,mQb4CZiaBE1PjU9Zx5mL7CrahaE=
-29,-11,Ffy9USdMb5aiXOQENWPUY+yAKZk=,lQMeMb5uRfYIVOyN7EuizOVzbJQ=
-28,-7,Ffy9USdMb5aiXOQENWPUY+yAKZk=,lQMeMb5uRfYIVOyN7EuizOVzbJQ=
-26,-8,Ffy9USdMb5aiXOQENWPUY+yAKZk=,lQMeMb5uRfYIVOyN7EuizOVzbJQ=
-30,-7,KqUGKs3w8oR2K9bXo1D0d7eQmQI=,mQb4CZiaBE1PjU9Zx5mL7CrahaE=
-31,-7,KqUGKs3w8oR2K9bXo1D0d7eQmQI=,mQb4CZiaBE1PjU9Zx5mL7CrahaE=
-30,-8,hS1dSi8C4npbfj1M1yTjYeVQOhU=,mQb4CZiaBE1PjU9Zx5mL7CrahaE=
-30,-9,Ffy9USdMb5aiXOQENWPUY+yAKZk=,lQMeMb5uRfYIVOyN7EuizOVzbJQ=
-27,-8,Ffy9USdMb5aiXOQENWPUY+yAKZk=,lQMeMb5uRfYIVOyN7EuizOVzbJQ=
-31,-8,hS1dSi8C4npbfj1M1yTjYeVQOhU=,mQb4CZiaBE1PjU9Zx5mL7CrahaE=
-31,-9,Ffy9USdMb5aiXOQENWPUY+yAKZk=,lQMeMb5uRfYIVOyN7EuizOVzbJQ=
-27,-10,Ffy9USdMb5aiXOQENWPUY+yAKZk=,lQMeMb5uRfYIVOyN7EuizOVzbJQ=
-28,-10,Ffy9USdMb5aiXOQENWPUY+yAKZk=,lQMeMb5uRfYIVOyN7EuizOVzbJQ=
-25,-6,Ffy9USdMb5aiXOQENWPUY+yAKZk=,lQMeMb5uRfYIVOyN7EuizOVzbJQ=
-29,-9,Ffy9USdMb5aiXOQENWPUY+yAKZk=,lQMeMb5uRfYIVOyN7EuizOVzbJQ=
-23,-6,Ffy9USdMb5aiXOQENWPUY+yAKZk=,lQMeMb5uRfYIVOyN7EuizOVzbJQ=
-28,-8,Ffy9USdMb5aiXOQENWPUY+yAKZk=,lQMeMb5uRfYIVOyN7EuizOVzbJQ=
-24,-6,Ffy9USdMb5aiXOQENWPUY+yAKZk=,lQMeMb5uRfYIVOyN7EuizOVzbJQ=
-26,-11,Ffy9USdMb5aiXOQENWPUY+yAKZk=,lQMeMb5uRfYIVOyN7EuizOVzbJQ=
-25,-7,Ffy9USdMb5aiXOQENWPUY+yAKZk=,lQMeMb5uRfYIVOyN7EuizOVzbJQ=
-27,-11,Ffy9USdMb5aiXOQENWPUY+yAKZk=,lQMeMb5uRfYIVOyN7EuizOVzbJQ=
-22,-6,Ffy9USdMb5aiXOQENWPUY+yAKZk=,lQMeMb5uRfYIVOyN7EuizOVzbJQ=
-22,-7,Ffy9USdMb5aiXOQENWPUY+yAKZk=,lQMeMb5uRfYIVOyN7EuizOVzbJQ=
-28,-11,Ffy9USdMb5aiXOQENWPUY+yAKZk=,lQMeMb5uRfYIVOyN7EuizOVzbJQ=
-23,-7,Ffy9USdMb5aiXOQENWPUY+yAKZk=,lQMeMb5uRfYIVOyN7EuizOVzbJQ=
-26,-9,Ffy9USdMb5aiXOQENWPUY+yAKZk=,lQMeMb5uRfYIVOyN7EuizOVzbJQ=
-24,-7,Ffy9USdMb5aiXOQENWPUY+yAKZk=,lQMeMb5uRfYIVOyN7EuizOVzbJQ=
-27,-9,Ffy9USdMb5aiXOQENWPUY+yAKZk=,lQMeMb5uRfYIVOyN7EuizOVzbJQ=
-28,-9,Ffy9USdMb5aiXOQENWPUY+yAKZk=,lQMeMb5uRfYIVOyN7EuizOVzbJQ=
-25,-10,Ffy9USdMb5aiXOQENWPUY+yAKZk=,lQMeMb5uRfYIVOyN7EuizOVzbJQ=
-23,-8,Ffy9USdMb5aiXOQENWPUY+yAKZk=,lQMeMb5uRfYIVOyN7EuizOVzbJQ=
-24,-8,Ffy9USdMb5aiXOQENWPUY+yAKZk=,lQMeMb5uRfYIVOyN7EuizOVzbJQ=
-23,-10,Ffy9USdMb5aiXOQENWPUY+yAKZk=,lQMeMb5uRfYIVOyN7EuizOVzbJQ=
-22,-11,Ffy9USdMb5aiXOQENWPUY+yAKZk=,lQMeMb5uRfYIVOyN7EuizOVzbJQ=
-23,-11,Ffy9USdMb5aiXOQENWPUY+yAKZk=,lQMeMb5uRfYIVOyN7EuizOVzbJQ=
-24,-11,Ffy9USdMb5aiXOQENWPUY+yAKZk=,lQMeMb5uRfYIVOyN7EuizOVzbJQ=
-25,-8,Ffy9USdMb5aiXOQENWPUY+yAKZk=,lQMeMb5uRfYIVOyN7EuizOVzbJQ=
-22,-10,Ffy9USdMb5aiXOQENWPUY+yAKZk=,lQMeMb5uRfYIVOyN7EuizOVzbJQ=
-25,-11,Ffy9USdMb5aiXOQENWPUY+yAKZk=,lQMeMb5uRfYIVOyN7EuizOVzbJQ=
-22,-9,Ffy9USdMb5aiXOQENWPUY+yAKZk=,lQMeMb5uRfYIVOyN7EuizOVzbJQ=
-23,-9,Ffy9USdMb5aiXOQENWPUY+yAKZk=,lQMeMb5uRfYIVOyN7EuizOVzbJQ=
-24,-10,Ffy9USdMb5aiXOQENWPUY+yAKZk=,lQMeMb5uRfYIVOyN7EuizOVzbJQ=
-24,-9,Ffy9USdMb5aiXOQENWPUY+yAKZk=,lQMeMb5uRfYIVOyN7EuizOVzbJQ=
-22,-8,Ffy9USdMb5aiXOQENWPUY+yAKZk=,lQMeMb5uRfYIVOyN7EuizOVzbJQ=
-25,-9,Ffy9USdMb5aiXOQENWPUY+yAKZk=,lQMeMb5uRfYIVOyN7EuizOVzbJQ=
-22,-14,Ffy9USdMb5aiXOQENWPUY+yAKZk=,lQMeMb5uRfYIVOyN7EuizOVzbJQ=
-22,-5,Ffy9USdMb5aiXOQENWPUY+yAKZk=,lQMeMb5uRfYIVOyN7EuizOVzbJQ=
-23,-14,Ffy9USdMb5aiXOQENWPUY+yAKZk=,lQMeMb5uRfYIVOyN7EuizOVzbJQ=
-23,-5,Ffy9USdMb5aiXOQENWPUY+yAKZk=,lQMeMb5uRfYIVOyN7EuizOVzbJQ=
-22,-15,Ffy9USdMb5aiXOQENWPUY+yAKZk=,lQMeMb5uRfYIVOyN7EuizOVzbJQ=
-22,-3,KqUGKs3w8oR2K9bXo1D0d7eQmQI=,mQb4CZiaBE1PjU9Zx5mL7CrahaE=
-23,-15,Ffy9USdMb5aiXOQENWPUY+yAKZk=,lQMeMb5uRfYIVOyN7EuizOVzbJQ=
-23,-3,KqUGKs3w8oR2K9bXo1D0d7eQmQI=,mQb4CZiaBE1PjU9Zx5mL7CrahaE=
-22,-13,Ffy9USdMb5aiXOQENWPUY+yAKZk=,lQMeMb5uRfYIVOyN7EuizOVzbJQ=
-22,-4,hS1dSi8C4npbfj1M1yTjYeVQOhU=,mQb4CZiaBE1PjU9Zx5mL7CrahaE=
-22,-12,Ffy9USdMb5aiXOQENWPUY+yAKZk=,lQMeMb5uRfYIVOyN7EuizOVzbJQ=
-23,-12,Ffy9USdMb5aiXOQENWPUY+yAKZk=,lQMeMb5uRfYIVOyN7EuizOVzbJQ=
-23,-4,hS1dSi8C4npbfj1M1yTjYeVQOhU=,mQb4CZiaBE1PjU9Zx5mL7CrahaE=
-21,-14,Ffy9USdMb5aiXOQENWPUY+yAKZk=,lQMeMb5uRfYIVOyN7EuizOVzbJQ=
-21,-11,Ffy9USdMb5aiXOQENWPUY+yAKZk=,lQMeMb5uRfYIVOyN7EuizOVzbJQ=
-21,-15,Ffy9USdMb5aiXOQENWPUY+yAKZk=,lQMeMb5uRfYIVOyN7EuizOVzbJQ=
-23,-13,Ffy9USdMb5aiXOQENWPUY+yAKZk=,lQMeMb5uRfYIVOyN7EuizOVzbJQ=
-22,-2,hS1dSi8C4npbfj1M1yTjYeVQOhU=,mQb4CZiaBE1PjU9Zx5mL7CrahaE=
-18,-14,Ffy9USdMb5aiXOQENWPUY+yAKZk=,lQMeMb5uRfYIVOyN7EuizOVzbJQ=
-21,-10,Ffy9USdMb5aiXOQENWPUY+yAKZk=,lQMeMb5uRfYIVOyN7EuizOVzbJQ=
-23,-2,KqUGKs3w8oR2K9bXo1D0d7eQmQI=,mQb4CZiaBE1PjU9Zx5mL7CrahaE=
-19,-14,Ffy9USdMb5aiXOQENWPUY+yAKZk=,lQMeMb5uRfYIVOyN7EuizOVzbJQ=
-21,-12,Ffy9USdMb5aiXOQENWPUY+yAKZk=,lQMeMb5uRfYIVOyN7EuizOVzbJQ=
-20,-14,Ffy9USdMb5aiXOQENWPUY+yAKZk=,lQMeMb5uRfYIVOyN7EuizOVzbJQ=
-21,-13,Ffy9USdMb5aiXOQENWPUY+yAKZk=,lQMeMb5uRfYIVOyN7EuizOVzbJQ=
-18,-15,Ffy9USdMb5aiXOQENWPUY+yAKZk=,lQMeMb5uRfYIVOyN7EuizOVzbJQ=
-19,-15,Ffy9USdMb5aiXOQENWPUY+yAKZk=,lQMeMb5uRfYIVOyN7EuizOVzbJQ=
-19,-12,Ffy9USdMb5aiXOQENWPUY+yAKZk=,lQMeMb5uRfYIVOyN7EuizOVzbJQ=
-20,-15,Ffy9USdMb5aiXOQENWPUY+yAKZk=,lQMeMb5uRfYIVOyN7EuizOVzbJQ=
-20,-12,Ffy9USdMb5aiXOQENWPUY+yAKZk=,lQMeMb5uRfYIVOyN7EuizOVzbJQ=
-18,-13,Ffy9USdMb5aiXOQENWPUY+yAKZk=,lQMeMb5uRfYIVOyN7EuizOVzbJQ=
-17,-10,Ffy9USdMb5aiXOQENWPUY+yAKZk=,lQMeMb5uRfYIVOyN7EuizOVzbJQ=
-19,-13,Ffy9USdMb5aiXOQENWPUY+yAKZk=,lQMeMb5uRfYIVOyN7EuizOVzbJQ=
-17,-11,Ffy9USdMb5aiXOQENWPUY+yAKZk=,lQMeMb5uRfYIVOyN7EuizOVzbJQ=
-20,-13,Ffy9USdMb5aiXOQENWPUY+yAKZk=,lQMeMb5uRfYIVOyN7EuizOVzbJQ=
-17,-14,Ffy9USdMb5aiXOQENWPUY+yAKZk=,lQMeMb5uRfYIVOyN7EuizOVzbJQ=
-18,-10,Ffy9USdMb5aiXOQENWPUY+yAKZk=,lQMeMb5uRfYIVOyN7EuizOVzbJQ=
-17,-12,Ffy9USdMb5aiXOQENWPUY+yAKZk=,lQMeMb5uRfYIVOyN7EuizOVzbJQ=
-19,-10,Ffy9USdMb5aiXOQENWPUY+yAKZk=,lQMeMb5uRfYIVOyN7EuizOVzbJQ=
-17,-15,Ffy9USdMb5aiXOQENWPUY+yAKZk=,lQMeMb5uRfYIVOyN7EuizOVzbJQ=
-20,-10,Ffy9USdMb5aiXOQENWPUY+yAKZk=,lQMeMb5uRfYIVOyN7EuizOVzbJQ=
-17,-13,Ffy9USdMb5aiXOQENWPUY+yAKZk=,lQMeMb5uRfYIVOyN7EuizOVzbJQ=
-18,-12,Ffy9USdMb5aiXOQENWPUY+yAKZk=,lQMeMb5uRfYIVOyN7EuizOVzbJQ=
-22,-1,KqUGKs3w8oR2K9bXo1D0d7eQmQI=,mQb4CZiaBE1PjU9Zx5mL7CrahaE=
-23,-1,KqUGKs3w8oR2K9bXo1D0d7eQmQI=,mQb4CZiaBE1PjU9Zx5mL7CrahaE=
-18,-11,Ffy9USdMb5aiXOQENWPUY+yAKZk=,lQMeMb5uRfYIVOyN7EuizOVzbJQ=
-21,-7,Ffy9USdMb5aiXOQENWPUY+yAKZk=,lQMeMb5uRfYIVOyN7EuizOVzbJQ=
-19,-11,Ffy9USdMb5aiXOQENWPUY+yAKZk=,lQMeMb5uRfYIVOyN7EuizOVzbJQ=
-21,-6,Ffy9USdMb5aiXOQENWPUY+yAKZk=,lQMeMb5uRfYIVOyN7EuizOVzbJQ=
-21,-9,Ffy9USdMb5aiXOQENWPUY+yAKZk=,lQMeMb5uRfYIVOyN7EuizOVzbJQ=
-20,-11,Ffy9USdMb5aiXOQENWPUY+yAKZk=,lQMeMb5uRfYIVOyN7EuizOVzbJQ=
-21,-8,Ffy9USdMb5aiXOQENWPUY+yAKZk=,lQMeMb5uRfYIVOyN7EuizOVzbJQ=
-20,-8,Ffy9USdMb5aiXOQENWPUY+yAKZk=,lQMeMb5uRfYIVOyN7EuizOVzbJQ=
-20,-7,Ffy9USdMb5aiXOQENWPUY+yAKZk=,lQMeMb5uRfYIVOyN7EuizOVzbJQ=
-17,-8,Ffy9USdMb5aiXOQENWPUY+yAKZk=,lQMeMb5uRfYIVOyN7EuizOVzbJQ=
-18,-8,Ffy9USdMb5aiXOQENWPUY+yAKZk=,lQMeMb5uRfYIVOyN7EuizOVzbJQ=
-19,-8,Ffy9USdMb5aiXOQENWPUY+yAKZk=,lQMeMb5uRfYIVOyN7EuizOVzbJQ=
-18,-7,Ffy9USdMb5aiXOQENWPUY+yAKZk=,lQMeMb5uRfYIVOyN7EuizOVzbJQ=
-19,-7,Ffy9USdMb5aiXOQENWPUY+yAKZk=,lQMeMb5uRfYIVOyN7EuizOVzbJQ=
-19,-6,Ffy9USdMb5aiXOQENWPUY+yAKZk=,lQMeMb5uRfYIVOyN7EuizOVzbJQ=
-20,-6,Ffy9USdMb5aiXOQENWPUY+yAKZk=,lQMeMb5uRfYIVOyN7EuizOVzbJQ=
-17,-7,Ffy9USdMb5aiXOQENWPUY+yAKZk=,lQMeMb5uRfYIVOyN7EuizOVzbJQ=
-17,-9,Ffy9USdMb5aiXOQENWPUY+yAKZk=,lQMeMb5uRfYIVOyN7EuizOVzbJQ=
-17,-6,Ffy9USdMb5aiXOQENWPUY+yAKZk=,lQMeMb5uRfYIVOyN7EuizOVzbJQ=
-18,-6,Chb7fLj5ScCQWCABNOOzNKKWrtE=,lQMeMb5uRfYIVOyN7EuizOVzbJQ=
-18,-9,Chb7fLj5ScCQWCABNOOzNKKWrtE=,lQMeMb5uRfYIVOyN7EuizOVzbJQ=
-19,-9,Chb7fLj5ScCQWCABNOOzNKKWrtE=,lQMeMb5uRfYIVOyN7EuizOVzbJQ=
-20,-9,Chb7fLj5ScCQWCABNOOzNKKWrtE=,lQMeMb5uRfYIVOyN7EuizOVzbJQ=
-32,-6,hS1dSi8C4npbfj1M1yTjYeVQOhU=,mQb4CZiaBE1PjU9Zx5mL7CrahaE=
-21,-5,Chb7fLj5ScCQWCABNOOzNKKWrtE=,lQMeMb5uRfYIVOyN7EuizOVzbJQ=
-32,-7,hS1dSi8C4npbfj1M1yTjYeVQOhU=,mQb4CZiaBE1PjU9Zx5mL7CrahaE=
-17,-5,Chb7fLj5ScCQWCABNOOzNKKWrtE=,lQMeMb5uRfYIVOyN7EuizOVzbJQ=
-32,-10,Chb7fLj5ScCQWCABNOOzNKKWrtE=,lQMeMb5uRfYIVOyN7EuizOVzbJQ=
-19,-5,Chb7fLj5ScCQWCABNOOzNKKWrtE=,lQMeMb5uRfYIVOyN7EuizOVzbJQ=
-32,-11,Chb7fLj5ScCQWCABNOOzNKKWrtE=,lQMeMb5uRfYIVOyN7EuizOVzbJQ=
-21,-1,hS1dSi8C4npbfj1M1yTjYeVQOhU=,mQb4CZiaBE1PjU9Zx5mL7CrahaE=
-32,-8,hS1dSi8C4npbfj1M1yTjYeVQOhU=,mQb4CZiaBE1PjU9Zx5mL7CrahaE=
-32,-9,Chb7fLj5ScCQWCABNOOzNKKWrtE=,lQMeMb5uRfYIVOyN7EuizOVzbJQ=
-20,-2,hS1dSi8C4npbfj1M1yTjYeVQOhU=,mQb4CZiaBE1PjU9Zx5mL7CrahaE=
-30,-4,KqUGKs3w8oR2K9bXo1D0d7eQmQI=,mQb4CZiaBE1PjU9Zx5mL7CrahaE=
-32,-1,hS1dSi8C4npbfj1M1yTjYeVQOhU=,mQb4CZiaBE1PjU9Zx5mL7CrahaE=
-21,-3,KqUGKs3w8oR2K9bXo1D0d7eQmQI=,mQb4CZiaBE1PjU9Zx5mL7CrahaE=
-25,-2,KqUGKs3w8oR2K9bXo1D0d7eQmQI=,mQb4CZiaBE1PjU9Zx5mL7CrahaE=
-31,-4,KqUGKs3w8oR2K9bXo1D0d7eQmQI=,mQb4CZiaBE1PjU9Zx5mL7CrahaE=
-20,-1,hS1dSi8C4npbfj1M1yTjYeVQOhU=,mQb4CZiaBE1PjU9Zx5mL7CrahaE=
-26,-2,KqUGKs3w8oR2K9bXo1D0d7eQmQI=,mQb4CZiaBE1PjU9Zx5mL7CrahaE=
-30,-5,hS1dSi8C4npbfj1M1yTjYeVQOhU=,mQb4CZiaBE1PjU9Zx5mL7CrahaE=
-27,-2,KqUGKs3w8oR2K9bXo1D0d7eQmQI=,mQb4CZiaBE1PjU9Zx5mL7CrahaE=
-32,-4,hS1dSi8C4npbfj1M1yTjYeVQOhU=,mQb4CZiaBE1PjU9Zx5mL7CrahaE=
-21,-4,hS1dSi8C4npbfj1M1yTjYeVQOhU=,mQb4CZiaBE1PjU9Zx5mL7CrahaE=
-31,-5,hS1dSi8C4npbfj1M1yTjYeVQOhU=,mQb4CZiaBE1PjU9Zx5mL7CrahaE=
-30,-1,hS1dSi8C4npbfj1M1yTjYeVQOhU=,mQb4CZiaBE1PjU9Zx5mL7CrahaE=
-17,-3,hS1dSi8C4npbfj1M1yTjYeVQOhU=,mQb4CZiaBE1PjU9Zx5mL7CrahaE=
-28,-2,KqUGKs3w8oR2K9bXo1D0d7eQmQI=,mQb4CZiaBE1PjU9Zx5mL7CrahaE=
-31,-1,hS1dSi8C4npbfj1M1yTjYeVQOhU=,mQb4CZiaBE1PjU9Zx5mL7CrahaE=
-21,-2,hS1dSi8C4npbfj1M1yTjYeVQOhU=,mQb4CZiaBE1PjU9Zx5mL7CrahaE=
-25,-3,KqUGKs3w8oR2K9bXo1D0d7eQmQI=,mQb4CZiaBE1PjU9Zx5mL7CrahaE=
-32,-5,hS1dSi8C4npbfj1M1yTjYeVQOhU=,mQb4CZiaBE1PjU9Zx5mL7CrahaE=
-30,-2,hS1dSi8C4npbfj1M1yTjYeVQOhU=,mQb4CZiaBE1PjU9Zx5mL7CrahaE=
-24,-2,hS1dSi8C4npbfj1M1yTjYeVQOhU=,mQb4CZiaBE1PjU9Zx5mL7CrahaE=
-18,-5,Chb7fLj5ScCQWCABNOOzNKKWrtE=,lQMeMb5uRfYIVOyN7EuizOVzbJQ=
-30,-13,Chb7fLj5ScCQWCABNOOzNKKWrtE=,lQMeMb5uRfYIVOyN7EuizOVzbJQ=
-31,-2,hS1dSi8C4npbfj1M1yTjYeVQOhU=,mQb4CZiaBE1PjU9Zx5mL7CrahaE=
-32,-2,hS1dSi8C4npbfj1M1yTjYeVQOhU=,mQb4CZiaBE1PjU9Zx5mL7CrahaE=
-30,-14,Chb7fLj5ScCQWCABNOOzNKKWrtE=,lQMeMb5uRfYIVOyN7EuizOVzbJQ=
-26,-3,KqUGKs3w8oR2K9bXo1D0d7eQmQI=,mQb4CZiaBE1PjU9Zx5mL7CrahaE=
-17,-2,hS1dSi8C4npbfj1M1yTjYeVQOhU=,mQb4CZiaBE1PjU9Zx5mL7CrahaE=
-30,-12,Chb7fLj5ScCQWCABNOOzNKKWrtE=,lQMeMb5uRfYIVOyN7EuizOVzbJQ=
-30,-3,hS1dSi8C4npbfj1M1yTjYeVQOhU=,mQb4CZiaBE1PjU9Zx5mL7CrahaE=
-31,-12,Chb7fLj5ScCQWCABNOOzNKKWrtE=,lQMeMb5uRfYIVOyN7EuizOVzbJQ=
-27,-3,KqUGKs3w8oR2K9bXo1D0d7eQmQI=,mQb4CZiaBE1PjU9Zx5mL7CrahaE=
-31,-3,hS1dSi8C4npbfj1M1yTjYeVQOhU=,mQb4CZiaBE1PjU9Zx5mL7CrahaE=
-31,-13,Chb7fLj5ScCQWCABNOOzNKKWrtE=,lQMeMb5uRfYIVOyN7EuizOVzbJQ=
-19,-4,hS1dSi8C4npbfj1M1yTjYeVQOhU=,mQb4CZiaBE1PjU9Zx5mL7CrahaE=
-28,-3,KqUGKs3w8oR2K9bXo1D0d7eQmQI=,mQb4CZiaBE1PjU9Zx5mL7CrahaE=
-31,-14,Chb7fLj5ScCQWCABNOOzNKKWrtE=,lQMeMb5uRfYIVOyN7EuizOVzbJQ=
-32,-3,hS1dSi8C4npbfj1M1yTjYeVQOhU=,mQb4CZiaBE1PjU9Zx5mL7CrahaE=
-17,-1,hS1dSi8C4npbfj1M1yTjYeVQOhU=,mQb4CZiaBE1PjU9Zx5mL7CrahaE=
-18,-1,hS1dSi8C4npbfj1M1yTjYeVQOhU=,mQb4CZiaBE1PjU9Zx5mL7CrahaE=
-25,-4,hS1dSi8C4npbfj1M1yTjYeVQOhU=,mQb4CZiaBE1PjU9Zx5mL7CrahaE=
-30,-15,Chb7fLj5ScCQWCABNOOzNKKWrtE=,lQMeMb5uRfYIVOyN7EuizOVzbJQ=
-19,-1,hS1dSi8C4npbfj1M1yTjYeVQOhU=,mQb4CZiaBE1PjU9Zx5mL7CrahaE=
-31,-15,Chb7fLj5ScCQWCABNOOzNKKWrtE=,lQMeMb5uRfYIVOyN7EuizOVzbJQ=
-26,-4,KqUGKs3w8oR2K9bXo1D0d7eQmQI=,mQb4CZiaBE1PjU9Zx5mL7CrahaE=
-18,-2,hS1dSi8C4npbfj1M1yTjYeVQOhU=,mQb4CZiaBE1PjU9Zx5mL7CrahaE=
-30,-16,Chb7fLj5ScCQWCABNOOzNKKWrtE=,lQMeMb5uRfYIVOyN7EuizOVzbJQ=
-27,-4,KqUGKs3w8oR2K9bXo1D0d7eQmQI=,mQb4CZiaBE1PjU9Zx5mL7CrahaE=
-31,-16,Chb7fLj5ScCQWCABNOOzNKKWrtE=,lQMeMb5uRfYIVOyN7EuizOVzbJQ=
-18,-4,hS1dSi8C4npbfj1M1yTjYeVQOhU=,mQb4CZiaBE1PjU9Zx5mL7CrahaE=
-28,-4,KqUGKs3w8oR2K9bXo1D0d7eQmQI=,mQb4CZiaBE1PjU9Zx5mL7CrahaE=
-22,-16,Chb7fLj5ScCQWCABNOOzNKKWrtE=,lQMeMb5uRfYIVOyN7EuizOVzbJQ=
-20,-5,Chb7fLj5ScCQWCABNOOzNKKWrtE=,lQMeMb5uRfYIVOyN7EuizOVzbJQ=
-29,-4,KqUGKs3w8oR2K9bXo1D0d7eQmQI=,mQb4CZiaBE1PjU9Zx5mL7CrahaE=
-23,-16,Chb7fLj5ScCQWCABNOOzNKKWrtE=,lQMeMb5uRfYIVOyN7EuizOVzbJQ=
-20,-4,hS1dSi8C4npbfj1M1yTjYeVQOhU=,mQb4CZiaBE1PjU9Zx5mL7CrahaE=
-21,-16,Chb7fLj5ScCQWCABNOOzNKKWrtE=,lQMeMb5uRfYIVOyN7EuizOVzbJQ=
-18,-16,Chb7fLj5ScCQWCABNOOzNKKWrtE=,lQMeMb5uRfYIVOyN7EuizOVzbJQ=
-24,-5,Chb7fLj5ScCQWCABNOOzNKKWrtE=,lQMeMb5uRfYIVOyN7EuizOVzbJQ=
-18,-3,hS1dSi8C4npbfj1M1yTjYeVQOhU=,mQb4CZiaBE1PjU9Zx5mL7CrahaE=
-19,-16,Chb7fLj5ScCQWCABNOOzNKKWrtE=,lQMeMb5uRfYIVOyN7EuizOVzbJQ=
-20,-16,Chb7fLj5ScCQWCABNOOzNKKWrtE=,lQMeMb5uRfYIVOyN7EuizOVzbJQ=
-19,-2,hS1dSi8C4npbfj1M1yTjYeVQOhU=,mQb4CZiaBE1PjU9Zx5mL7CrahaE=
-29,-5,KqUGKs3w8oR2K9bXo1D0d7eQmQI=,mQb4CZiaBE1PjU9Zx5mL7CrahaE=
-32,-16,Chb7fLj5ScCQWCABNOOzNKKWrtE=,lQMeMb5uRfYIVOyN7EuizOVzbJQ=
-25,-1,hS1dSi8C4npbfj1M1yTjYeVQOhU=,mQb4CZiaBE1PjU9Zx5mL7CrahaE=
-32,-12,Chb7fLj5ScCQWCABNOOzNKKWrtE=,lQMeMb5uRfYIVOyN7EuizOVzbJQ=
-19,-3,hS1dSi8C4npbfj1M1yTjYeVQOhU=,mQb4CZiaBE1PjU9Zx5mL7CrahaE=
-26,-1,hS1dSi8C4npbfj1M1yTjYeVQOhU=,mQb4CZiaBE1PjU9Zx5mL7CrahaE=
-32,-13,Chb7fLj5ScCQWCABNOOzNKKWrtE=,lQMeMb5uRfYIVOyN7EuizOVzbJQ=
-27,-1,hS1dSi8C4npbfj1M1yTjYeVQOhU=,mQb4CZiaBE1PjU9Zx5mL7CrahaE=
-32,-14,Chb7fLj5ScCQWCABNOOzNKKWrtE=,lQMeMb5uRfYIVOyN7EuizOVzbJQ=
-20,-3,hS1dSi8C4npbfj1M1yTjYeVQOhU=,mQb4CZiaBE1PjU9Zx5mL7CrahaE=
-28,-1,hS1dSi8C4npbfj1M1yTjYeVQOhU=,mQb4CZiaBE1PjU9Zx5mL7CrahaE=
-17,-4,hS1dSi8C4npbfj1M1yTjYeVQOhU=,mQb4CZiaBE1PjU9Zx5mL7CrahaE=
-32,-15,Chb7fLj5ScCQWCABNOOzNKKWrtE=,lQMeMb5uRfYIVOyN7EuizOVzbJQ=
-29,-1,hS1dSi8C4npbfj1M1yTjYeVQOhU=,mQb4CZiaBE1PjU9Zx5mL7CrahaE=
-29,-13,Chb7fLj5ScCQWCABNOOzNKKWrtE=,lQMeMb5uRfYIVOyN7EuizOVzbJQ=
-17,-16,Chb7fLj5ScCQWCABNOOzNKKWrtE=,lQMeMb5uRfYIVOyN7EuizOVzbJQ=
-24,-3,KqUGKs3w8oR2K9bXo1D0d7eQmQI=,mQb4CZiaBE1PjU9Zx5mL7CrahaE=
-29,-14,Chb7fLj5ScCQWCABNOOzNKKWrtE=,lQMeMb5uRfYIVOyN7EuizOVzbJQ=
-24,-14,Chb7fLj5ScCQWCABNOOzNKKWrtE=,lQMeMb5uRfYIVOyN7EuizOVzbJQ=
-29,-2,KqUGKs3w8oR2K9bXo1D0d7eQmQI=,mQb4CZiaBE1PjU9Zx5mL7CrahaE=
-24,-15,Chb7fLj5ScCQWCABNOOzNKKWrtE=,lQMeMb5uRfYIVOyN7EuizOVzbJQ=
-29,-3,hS1dSi8C4npbfj1M1yTjYeVQOhU=,mQb4CZiaBE1PjU9Zx5mL7CrahaE=
-29,-16,Chb7fLj5ScCQWCABNOOzNKKWrtE=,lQMeMb5uRfYIVOyN7EuizOVzbJQ=
-29,-12,Chb7fLj5ScCQWCABNOOzNKKWrtE=,lQMeMb5uRfYIVOyN7EuizOVzbJQ=
-24,-4,hS1dSi8C4npbfj1M1yTjYeVQOhU=,mQb4CZiaBE1PjU9Zx5mL7CrahaE=
-24,-1,hS1dSi8C4npbfj1M1yTjYeVQOhU=,mQb4CZiaBE1PjU9Zx5mL7CrahaE=
-25,-14,Chb7fLj5ScCQWCABNOOzNKKWrtE=,lQMeMb5uRfYIVOyN7EuizOVzbJQ=
-24,-16,Chb7fLj5ScCQWCABNOOzNKKWrtE=,lQMeMb5uRfYIVOyN7EuizOVzbJQ=
-25,-5,Chb7fLj5ScCQWCABNOOzNKKWrtE=,lQMeMb5uRfYIVOyN7EuizOVzbJQ=
-26,-5,Chb7fLj5ScCQWCABNOOzNKKWrtE=,lQMeMb5uRfYIVOyN7EuizOVzbJQ=
-25,-13,Chb7fLj5ScCQWCABNOOzNKKWrtE=,lQMeMb5uRfYIVOyN7EuizOVzbJQ=
-26,-13,Chb7fLj5ScCQWCABNOOzNKKWrtE=,lQMeMb5uRfYIVOyN7EuizOVzbJQ=
-27,-5,Chb7fLj5ScCQWCABNOOzNKKWrtE=,lQMeMb5uRfYIVOyN7EuizOVzbJQ=
-28,-5,Chb7fLj5ScCQWCABNOOzNKKWrtE=,lQMeMb5uRfYIVOyN7EuizOVzbJQ=
-27,-13,Chb7fLj5ScCQWCABNOOzNKKWrtE=,lQMeMb5uRfYIVOyN7EuizOVzbJQ=
-24,-12,Chb7fLj5ScCQWCABNOOzNKKWrtE=,lQMeMb5uRfYIVOyN7EuizOVzbJQ=
-28,-13,Chb7fLj5ScCQWCABNOOzNKKWrtE=,lQMeMb5uRfYIVOyN7EuizOVzbJQ=
-26,-14,Chb7fLj5ScCQWCABNOOzNKKWrtE=,lQMeMb5uRfYIVOyN7EuizOVzbJQ=
-27,-14,Chb7fLj5ScCQWCABNOOzNKKWrtE=,lQMeMb5uRfYIVOyN7EuizOVzbJQ=
-24,-13,Chb7fLj5ScCQWCABNOOzNKKWrtE=,lQMeMb5uRfYIVOyN7EuizOVzbJQ=
-28,-14,Chb7fLj5ScCQWCABNOOzNKKWrtE=,lQMeMb5uRfYIVOyN7EuizOVzbJQ=
-29,-15,Chb7fLj5ScCQWCABNOOzNKKWrtE=,lQMeMb5uRfYIVOyN7EuizOVzbJQ=
-25,-15,Chb7fLj5ScCQWCABNOOzNKKWrtE=,lQMeMb5uRfYIVOyN7EuizOVzbJQ=
-26,-15,Chb7fLj5ScCQWCABNOOzNKKWrtE=,lQMeMb5uRfYIVOyN7EuizOVzbJQ=
-27,-15,Chb7fLj5ScCQWCABNOOzNKKWrtE=,lQMeMb5uRfYIVOyN7EuizOVzbJQ=
-25,-12,Chb7fLj5ScCQWCABNOOzNKKWrtE=,lQMeMb5uRfYIVOyN7EuizOVzbJQ=
-26,-12,Chb7fLj5ScCQWCABNOOzNKKWrtE=,lQMeMb5uRfYIVOyN7EuizOVzbJQ=
-28,-15,Chb7fLj5ScCQWCABNOOzNKKWrtE=,lQMeMb5uRfYIVOyN7EuizOVzbJQ=
-25,-16,Chb7fLj5ScCQWCABNOOzNKKWrtE=,lQMeMb5uRfYIVOyN7EuizOVzbJQ=
-26,-16,Chb7fLj5ScCQWCABNOOzNKKWrtE=,lQMeMb5uRfYIVOyN7EuizOVzbJQ=
-27,-16,Chb7fLj5ScCQWCABNOOzNKKWrtE=,lQMeMb5uRfYIVOyN7EuizOVzbJQ=
-28,-16,Chb7fLj5ScCQWCABNOOzNKKWrtE=,lQMeMb5uRfYIVOyN7EuizOVzbJQ=
-27,-12,Chb7fLj5ScCQWCABNOOzNKKWrtE=,lQMeMb5uRfYIVOyN7EuizOVzbJQ=
-28,-12,Chb7fLj5ScCQWCABNOOzNKKWrtE=,lQMeMb5uRfYIVOyN7EuizOVzbJQ=
-3,-26,/TdegxH9nX+qLvhRrqWZW/K3fgs=,qVBJmxs35Hj5lEAU0cFvg3YTx6g=
-2,-28,/TdegxH9nX+qLvhRrqWZW/K3fgs=,qVBJmxs35Hj5lEAU0cFvg3YTx6g=
-4,-26,/TdegxH9nX+qLvhRrqWZW/K3fgs=,qVBJmxs35Hj5lEAU0cFvg3YTx6g=
-3,-28,/TdegxH9nX+qLvhRrqWZW/K3fgs=,qVBJmxs35Hj5lEAU0cFvg3YTx6g=
-1,-24,/TdegxH9nX+qLvhRrqWZW/K3fgs=,qVBJmxs35Hj5lEAU0cFvg3YTx6g=
-1,-27,/TdegxH9nX+qLvhRrqWZW/K3fgs=,qVBJmxs35Hj5lEAU0cFvg3YTx6g=
-3,-25,/TdegxH9nX+qLvhRrqWZW/K3fgs=,qVBJmxs35Hj5lEAU0cFvg3YTx6g=
-2,-27,/TdegxH9nX+qLvhRrqWZW/K3fgs=,qVBJmxs35Hj5lEAU0cFvg3YTx6g=
-2,-24,/TdegxH9nX+qLvhRrqWZW/K3fgs=,qVBJmxs35Hj5lEAU0cFvg3YTx6g=
-1,-26,/TdegxH9nX+qLvhRrqWZW/K3fgs=,qVBJmxs35Hj5lEAU0cFvg3YTx6g=
-4,-25,/TdegxH9nX+qLvhRrqWZW/K3fgs=,qVBJmxs35Hj5lEAU0cFvg3YTx6g=
-2,-26,/TdegxH9nX+qLvhRrqWZW/K3fgs=,qVBJmxs35Hj5lEAU0cFvg3YTx6g=
-3,-24,/TdegxH9nX+qLvhRrqWZW/K3fgs=,qVBJmxs35Hj5lEAU0cFvg3YTx6g=
-3,-27,/TdegxH9nX+qLvhRrqWZW/K3fgs=,qVBJmxs35Hj5lEAU0cFvg3YTx6g=
-1,-28,/TdegxH9nX+qLvhRrqWZW/K3fgs=,qVBJmxs35Hj5lEAU0cFvg3YTx6g=
-4,-24,/TdegxH9nX+qLvhRrqWZW/K3fgs=,qVBJmxs35Hj5lEAU0cFvg3YTx6g=
-4,-27,/TdegxH9nX+qLvhRrqWZW/K3fgs=,qVBJmxs35Hj5lEAU0cFvg3YTx6g=
-1,-25,/TdegxH9nX+qLvhRrqWZW/K3fgs=,qVBJmxs35Hj5lEAU0cFvg3YTx6g=
-4,-28,/TdegxH9nX+qLvhRrqWZW/K3fgs=,qVBJmxs35Hj5lEAU0cFvg3YTx6g=
-2,-25,/TdegxH9nX+qLvhRrqWZW/K3fgs=,qVBJmxs35Hj5lEAU0cFvg3YTx6g=
-3,-22,/TdegxH9nX+qLvhRrqWZW/K3fgs=,qVBJmxs35Hj5lEAU0cFvg3YTx6g=
-1,-21,/TdegxH9nX+qLvhRrqWZW/K3fgs=,qVBJmxs35Hj5lEAU0cFvg3YTx6g=
-4,-22,/TdegxH9nX+qLvhRrqWZW/K3fgs=,qVBJmxs35Hj5lEAU0cFvg3YTx6g=
-1,-23,/TdegxH9nX+qLvhRrqWZW/K3fgs=,qVBJmxs35Hj5lEAU0cFvg3YTx6g=
-3,-23,/TdegxH9nX+qLvhRrqWZW/K3fgs=,qVBJmxs35Hj5lEAU0cFvg3YTx6g=
-4,-23,/TdegxH9nX+qLvhRrqWZW/K3fgs=,qVBJmxs35Hj5lEAU0cFvg3YTx6g=
-1,-22,/TdegxH9nX+qLvhRrqWZW/K3fgs=,qVBJmxs35Hj5lEAU0cFvg3YTx6g=
-2,-22,/TdegxH9nX+qLvhRrqWZW/K3fgs=,qVBJmxs35Hj5lEAU0cFvg3YTx6g=
-2,-21,/TdegxH9nX+qLvhRrqWZW/K3fgs=,qVBJmxs35Hj5lEAU0cFvg3YTx6g=
-3,-21,/TdegxH9nX+qLvhRrqWZW/K3fgs=,qVBJmxs35Hj5lEAU0cFvg3YTx6g=
-2,-23,/TdegxH9nX+qLvhRrqWZW/K3fgs=,qVBJmxs35Hj5lEAU0cFvg3YTx6g=
-4,-21,/TdegxH9nX+qLvhRrqWZW/K3fgs=,qVBJmxs35Hj5lEAU0cFvg3YTx6g=
-14,-30,TapjV2YeWm7zE29NYLcZq6XWqZg=,UkYo07Jjz5Q6caQV2AgECk3mdHg=
-15,-30,TapjV2YeWm7zE29NYLcZq6XWqZg=,UkYo07Jjz5Q6caQV2AgECk3mdHg=
-14,-31,TapjV2YeWm7zE29NYLcZq6XWqZg=,UkYo07Jjz5Q6caQV2AgECk3mdHg=
-15,-31,TapjV2YeWm7zE29NYLcZq6XWqZg=,UkYo07Jjz5Q6caQV2AgECk3mdHg=
-10,-22,TapjV2YeWm7zE29NYLcZq6XWqZg=,UkYo07Jjz5Q6caQV2AgECk3mdHg=
-11,-22,TapjV2YeWm7zE29NYLcZq6XWqZg=,UkYo07Jjz5Q6caQV2AgECk3mdHg=
-10,-23,TapjV2YeWm7zE29NYLcZq6XWqZg=,UkYo07Jjz5Q6caQV2AgECk3mdHg=
-11,-23,TapjV2YeWm7zE29NYLcZq6XWqZg=,UkYo07Jjz5Q6caQV2AgECk3mdHg=
-14,-29,TapjV2YeWm7zE29NYLcZq6XWqZg=,UkYo07Jjz5Q6caQV2AgECk3mdHg=
-14,-26,TapjV2YeWm7zE29NYLcZq6XWqZg=,UkYo07Jjz5Q6caQV2AgECk3mdHg=
-15,-29,TapjV2YeWm7zE29NYLcZq6XWqZg=,UkYo07Jjz5Q6caQV2AgECk3mdHg=
-15,-26,TapjV2YeWm7zE29NYLcZq6XWqZg=,UkYo07Jjz5Q6caQV2AgECk3mdHg=
-14,-27,TapjV2YeWm7zE29NYLcZq6XWqZg=,UkYo07Jjz5Q6caQV2AgECk3mdHg=
-15,-27,TapjV2YeWm7zE29NYLcZq6XWqZg=,UkYo07Jjz5Q6caQV2AgECk3mdHg=
-14,-28,TapjV2YeWm7zE29NYLcZq6XWqZg=,UkYo07Jjz5Q6caQV2AgECk3mdHg=
-15,-28,TapjV2YeWm7zE29NYLcZq6XWqZg=,UkYo07Jjz5Q6caQV2AgECk3mdHg=
-12,-23,TapjV2YeWm7zE29NYLcZq6XWqZg=,UkYo07Jjz5Q6caQV2AgECk3mdHg=
-14,-24,TapjV2YeWm7zE29NYLcZq6XWqZg=,UkYo07Jjz5Q6caQV2AgECk3mdHg=
-15,-24,TapjV2YeWm7zE29NYLcZq6XWqZg=,UkYo07Jjz5Q6caQV2AgECk3mdHg=
-13,-22,TapjV2YeWm7zE29NYLcZq6XWqZg=,UkYo07Jjz5Q6caQV2AgECk3mdHg=
-14,-22,TapjV2YeWm7zE29NYLcZq6XWqZg=,UkYo07Jjz5Q6caQV2AgECk3mdHg=
-14,-25,TapjV2YeWm7zE29NYLcZq6XWqZg=,UkYo07Jjz5Q6caQV2AgECk3mdHg=
-15,-25,TapjV2YeWm7zE29NYLcZq6XWqZg=,UkYo07Jjz5Q6caQV2AgECk3mdHg=
-15,-22,TapjV2YeWm7zE29NYLcZq6XWqZg=,UkYo07Jjz5Q6caQV2AgECk3mdHg=
-13,-23,TapjV2YeWm7zE29NYLcZq6XWqZg=,UkYo07Jjz5Q6caQV2AgECk3mdHg=
-14,-23,TapjV2YeWm7zE29NYLcZq6XWqZg=,UkYo07Jjz5Q6caQV2AgECk3mdHg=
-15,-23,TapjV2YeWm7zE29NYLcZq6XWqZg=,UkYo07Jjz5Q6caQV2AgECk3mdHg=
-12,-22,TapjV2YeWm7zE29NYLcZq6XWqZg=,UkYo07Jjz5Q6caQV2AgECk3mdHg=
-6,-23,TapjV2YeWm7zE29NYLcZq6XWqZg=,UkYo07Jjz5Q6caQV2AgECk3mdHg=
-9,-22,TapjV2YeWm7zE29NYLcZq6XWqZg=,UkYo07Jjz5Q6caQV2AgECk3mdHg=
-8,-22,TapjV2YeWm7zE29NYLcZq6XWqZg=,UkYo07Jjz5Q6caQV2AgECk3mdHg=
-7,-23,TapjV2YeWm7zE29NYLcZq6XWqZg=,UkYo07Jjz5Q6caQV2AgECk3mdHg=
-8,-23,TapjV2YeWm7zE29NYLcZq6XWqZg=,UkYo07Jjz5Q6caQV2AgECk3mdHg=
-6,-22,TapjV2YeWm7zE29NYLcZq6XWqZg=,UkYo07Jjz5Q6caQV2AgECk3mdHg=
-7,-22,TapjV2YeWm7zE29NYLcZq6XWqZg=,UkYo07Jjz5Q6caQV2AgECk3mdHg=
-9,-23,TapjV2YeWm7zE29NYLcZq6XWqZg=,UkYo07Jjz5Q6caQV2AgECk3mdHg=
-6,-21,TapjV2YeWm7zE29NYLcZq6XWqZg=,UkYo07Jjz5Q6caQV2AgECk3mdHg=
-9,-18,TapjV2YeWm7zE29NYLcZq6XWqZg=,UkYo07Jjz5Q6caQV2AgECk3mdHg=
-7,-21,TapjV2YeWm7zE29NYLcZq6XWqZg=,UkYo07Jjz5Q6caQV2AgECk3mdHg=
-10,-18,TapjV2YeWm7zE29NYLcZq6XWqZg=,UkYo07Jjz5Q6caQV2AgECk3mdHg=
-12,-20,TapjV2YeWm7zE29NYLcZq6XWqZg=,UkYo07Jjz5Q6caQV2AgECk3mdHg=
-11,-18,TapjV2YeWm7zE29NYLcZq6XWqZg=,UkYo07Jjz5Q6caQV2AgECk3mdHg=
-12,-18,TapjV2YeWm7zE29NYLcZq6XWqZg=,UkYo07Jjz5Q6caQV2AgECk3mdHg=
-9,-19,TapjV2YeWm7zE29NYLcZq6XWqZg=,UkYo07Jjz5Q6caQV2AgECk3mdHg=
-5,-21,TapjV2YeWm7zE29NYLcZq6XWqZg=,UkYo07Jjz5Q6caQV2AgECk3mdHg=
-13,-18,TapjV2YeWm7zE29NYLcZq6XWqZg=,UkYo07Jjz5Q6caQV2AgECk3mdHg=
-10,-19,TapjV2YeWm7zE29NYLcZq6XWqZg=,UkYo07Jjz5Q6caQV2AgECk3mdHg=
-5,-23,TapjV2YeWm7zE29NYLcZq6XWqZg=,UkYo07Jjz5Q6caQV2AgECk3mdHg=
-8,-21,TapjV2YeWm7zE29NYLcZq6XWqZg=,UkYo07Jjz5Q6caQV2AgECk3mdHg=
-5,-22,TapjV2YeWm7zE29NYLcZq6XWqZg=,UkYo07Jjz5Q6caQV2AgECk3mdHg=
-14,-18,TapjV2YeWm7zE29NYLcZq6XWqZg=,UkYo07Jjz5Q6caQV2AgECk3mdHg=
-11,-19,TapjV2YeWm7zE29NYLcZq6XWqZg=,UkYo07Jjz5Q6caQV2AgECk3mdHg=
-15,-18,TapjV2YeWm7zE29NYLcZq6XWqZg=,UkYo07Jjz5Q6caQV2AgECk3mdHg=
-9,-20,TapjV2YeWm7zE29NYLcZq6XWqZg=,UkYo07Jjz5Q6caQV2AgECk3mdHg=
-13,-21,TapjV2YeWm7zE29NYLcZq6XWqZg=,UkYo07Jjz5Q6caQV2AgECk3mdHg=
-12,-19,TapjV2YeWm7zE29NYLcZq6XWqZg=,UkYo07Jjz5Q6caQV2AgECk3mdHg=
-10,-20,TapjV2YeWm7zE29NYLcZq6XWqZg=,UkYo07Jjz5Q6caQV2AgECk3mdHg=
-11,-20,TapjV2YeWm7zE29NYLcZq6XWqZg=,UkYo07Jjz5Q6caQV2AgECk3mdHg=
-9,-21,TapjV2YeWm7zE29NYLcZq6XWqZg=,UkYo07Jjz5Q6caQV2AgECk3mdHg=
-11,-17,TapjV2YeWm7zE29NYLcZq6XWqZg=,UkYo07Jjz5Q6caQV2AgECk3mdHg=
-14,-21,TapjV2YeWm7zE29NYLcZq6XWqZg=,UkYo07Jjz5Q6caQV2AgECk3mdHg=
-10,-21,TapjV2YeWm7zE29NYLcZq6XWqZg=,UkYo07Jjz5Q6caQV2AgECk3mdHg=
-15,-21,TapjV2YeWm7zE29NYLcZq6XWqZg=,UkYo07Jjz5Q6caQV2AgECk3mdHg=
-11,-21,TapjV2YeWm7zE29NYLcZq6XWqZg=,UkYo07Jjz5Q6caQV2AgECk3mdHg=
-13,-19,TapjV2YeWm7zE29NYLcZq6XWqZg=,UkYo07Jjz5Q6caQV2AgECk3mdHg=
-9,-17,F/2yBqJ5ZhPVLSef4PXM1AhzTN0=,UkYo07Jjz5Q6caQV2AgECk3mdHg=
-13,-20,F/2yBqJ5ZhPVLSef4PXM1AhzTN0=,UkYo07Jjz5Q6caQV2AgECk3mdHg=
-12,-17,F/2yBqJ5ZhPVLSef4PXM1AhzTN0=,UkYo07Jjz5Q6caQV2AgECk3mdHg=
-14,-20,F/2yBqJ5ZhPVLSef4PXM1AhzTN0=,UkYo07Jjz5Q6caQV2AgECk3mdHg=
-10,-17,F/2yBqJ5ZhPVLSef4PXM1AhzTN0=,UkYo07Jjz5Q6caQV2AgECk3mdHg=
-16,-18,F/2yBqJ5ZhPVLSef4PXM1AhzTN0=,UkYo07Jjz5Q6caQV2AgECk3mdHg=
-13,-17,F/2yBqJ5ZhPVLSef4PXM1AhzTN0=,UkYo07Jjz5Q6caQV2AgECk3mdHg=
-14,-17,F/2yBqJ5ZhPVLSef4PXM1AhzTN0=,UkYo07Jjz5Q6caQV2AgECk3mdHg=
-16,-19,F/2yBqJ5ZhPVLSef4PXM1AhzTN0=,UkYo07Jjz5Q6caQV2AgECk3mdHg=
-14,-19,F/2yBqJ5ZhPVLSef4PXM1AhzTN0=,UkYo07Jjz5Q6caQV2AgECk3mdHg=
-16,-21,F/2yBqJ5ZhPVLSef4PXM1AhzTN0=,UkYo07Jjz5Q6caQV2AgECk3mdHg=
-15,-17,F/2yBqJ5ZhPVLSef4PXM1AhzTN0=,UkYo07Jjz5Q6caQV2AgECk3mdHg=
-16,-22,F/2yBqJ5ZhPVLSef4PXM1AhzTN0=,UkYo07Jjz5Q6caQV2AgECk3mdHg=
-16,-24,F/2yBqJ5ZhPVLSef4PXM1AhzTN0=,UkYo07Jjz5Q6caQV2AgECk3mdHg=
-15,-19,F/2yBqJ5ZhPVLSef4PXM1AhzTN0=,UkYo07Jjz5Q6caQV2AgECk3mdHg=
-16,-29,F/2yBqJ5ZhPVLSef4PXM1AhzTN0=,UkYo07Jjz5Q6caQV2AgECk3mdHg=
-16,-23,F/2yBqJ5ZhPVLSef4PXM1AhzTN0=,UkYo07Jjz5Q6caQV2AgECk3mdHg=
-15,-20,F/2yBqJ5ZhPVLSef4PXM1AhzTN0=,UkYo07Jjz5Q6caQV2AgECk3mdHg=
-16,-20,F/2yBqJ5ZhPVLSef4PXM1AhzTN0=,UkYo07Jjz5Q6caQV2AgECk3mdHg=
-16,-30,F/2yBqJ5ZhPVLSef4PXM1AhzTN0=,UkYo07Jjz5Q6caQV2AgECk3mdHg=
-16,-26,F/2yBqJ5ZhPVLSef4PXM1AhzTN0=,UkYo07Jjz5Q6caQV2AgECk3mdHg=
-16,-28,F/2yBqJ5ZhPVLSef4PXM1AhzTN0=,UkYo07Jjz5Q6caQV2AgECk3mdHg=
-12,-21,F/2yBqJ5ZhPVLSef4PXM1AhzTN0=,UkYo07Jjz5Q6caQV2AgECk3mdHg=
-14,-32,F/2yBqJ5ZhPVLSef4PXM1AhzTN0=,UkYo07Jjz5Q6caQV2AgECk3mdHg=
-16,-27,F/2yBqJ5ZhPVLSef4PXM1AhzTN0=,UkYo07Jjz5Q6caQV2AgECk3mdHg=
-13,-30,F/2yBqJ5ZhPVLSef4PXM1AhzTN0=,UkYo07Jjz5Q6caQV2AgECk3mdHg=
-16,-25,F/2yBqJ5ZhPVLSef4PXM1AhzTN0=,UkYo07Jjz5Q6caQV2AgECk3mdHg=
-16,-31,F/2yBqJ5ZhPVLSef4PXM1AhzTN0=,UkYo07Jjz5Q6caQV2AgECk3mdHg=
-15,-32,F/2yBqJ5ZhPVLSef4PXM1AhzTN0=,UkYo07Jjz5Q6caQV2AgECk3mdHg=
-13,-26,F/2yBqJ5ZhPVLSef4PXM1AhzTN0=,UkYo07Jjz5Q6caQV2AgECk3mdHg=
-9,-24,F/2yBqJ5ZhPVLSef4PXM1AhzTN0=,UkYo07Jjz5Q6caQV2AgECk3mdHg=
-5,-24,F/2yBqJ5ZhPVLSef4PXM1AhzTN0=,UkYo07Jjz5Q6caQV2AgECk3mdHg=
-13,-31,F/2yBqJ5ZhPVLSef4PXM1AhzTN0=,UkYo07Jjz5Q6caQV2AgECk3mdHg=
-6,-24,F/2yBqJ5ZhPVLSef4PXM1AhzTN0=,UkYo07Jjz5Q6caQV2AgECk3mdHg=
-16,-17,F/2yBqJ5ZhPVLSef4PXM1AhzTN0=,UkYo07Jjz5Q6caQV2AgECk3mdHg=
-13,-29,F/2yBqJ5ZhPVLSef4PXM1AhzTN0=,UkYo07Jjz5Q6caQV2AgECk3mdHg=
-7,-24,F/2yBqJ5ZhPVLSef4PXM1AhzTN0=,UkYo07Jjz5Q6caQV2AgECk3mdHg=
-13,-32,F/2yBqJ5ZhPVLSef4PXM1AhzTN0=,UkYo07Jjz5Q6caQV2AgECk3mdHg=
-11,-24,F/2yBqJ5ZhPVLSef4PXM1AhzTN0=,UkYo07Jjz5Q6caQV2AgECk3mdHg=
-16,-32,F/2yBqJ5ZhPVLSef4PXM1AhzTN0=,UkYo07Jjz5Q6caQV2AgECk3mdHg=
-8,-24,F/2yBqJ5ZhPVLSef4PXM1AhzTN0=,UkYo07Jjz5Q6caQV2AgECk3mdHg=
-13,-24,F/2yBqJ5ZhPVLSef4PXM1AhzTN0=,UkYo07Jjz5Q6caQV2AgECk3mdHg=
-10,-24,F/2yBqJ5ZhPVLSef4PXM1AhzTN0=,UkYo07Jjz5Q6caQV2AgECk3mdHg=
-13,-27,F/2yBqJ5ZhPVLSef4PXM1AhzTN0=,UkYo07Jjz5Q6caQV2AgECk3mdHg=
-13,-28,F/2yBqJ5ZhPVLSef4PXM1AhzTN0=,UkYo07Jjz5Q6caQV2AgECk3mdHg=
-12,-24,F/2yBqJ5ZhPVLSef4PXM1AhzTN0=,UkYo07Jjz5Q6caQV2AgECk3mdHg=
-13,-25,F/2yBqJ5ZhPVLSef4PXM1AhzTN0=,UkYo07Jjz5Q6caQV2AgECk3mdHg=
-26,-26,zjamghXzeiVKQaG62XPpngRGyYY=,UkYo07Jjz5Q6caQV2AgECk3mdHg=
-27,-26,zjamghXzeiVKQaG62XPpngRGyYY=,UkYo07Jjz5Q6caQV2AgECk3mdHg=
-26,-27,zjamghXzeiVKQaG62XPpngRGyYY=,UkYo07Jjz5Q6caQV2AgECk3mdHg=
-27,-27,zjamghXzeiVKQaG62XPpngRGyYY=,UkYo07Jjz5Q6caQV2AgECk3mdHg=
-22,-30,zjamghXzeiVKQaG62XPpngRGyYY=,UkYo07Jjz5Q6caQV2AgECk3mdHg=
-23,-30,zPkAhUvgv7WnTuJpf2GPdAoQ+UA=,UkYo07Jjz5Q6caQV2AgECk3mdHg=
-22,-29,zPkAhUvgv7WnTuJpf2GPdAoQ+UA=,UkYo07Jjz5Q6caQV2AgECk3mdHg=
-25,-28,zPkAhUvgv7WnTuJpf2GPdAoQ+UA=,UkYo07Jjz5Q6caQV2AgECk3mdHg=
-18,-26,zPkAhUvgv7WnTuJpf2GPdAoQ+UA=,UkYo07Jjz5Q6caQV2AgECk3mdHg=
-22,-31,zPkAhUvgv7WnTuJpf2GPdAoQ+UA=,UkYo07Jjz5Q6caQV2AgECk3mdHg=
-26,-28,zPkAhUvgv7WnTuJpf2GPdAoQ+UA=,UkYo07Jjz5Q6caQV2AgECk3mdHg=
-23,-29,zPkAhUvgv7WnTuJpf2GPdAoQ+UA=,UkYo07Jjz5Q6caQV2AgECk3mdHg=
-19,-26,zPkAhUvgv7WnTuJpf2GPdAoQ+UA=,UkYo07Jjz5Q6caQV2AgECk3mdHg=
-27,-28,zPkAhUvgv7WnTuJpf2GPdAoQ+UA=,UkYo07Jjz5Q6caQV2AgECk3mdHg=
-23,-31,zPkAhUvgv7WnTuJpf2GPdAoQ+UA=,UkYo07Jjz5Q6caQV2AgECk3mdHg=
-22,-26,zPkAhUvgv7WnTuJpf2GPdAoQ+UA=,UkYo07Jjz5Q6caQV2AgECk3mdHg=
-21,-26,zPkAhUvgv7WnTuJpf2GPdAoQ+UA=,UkYo07Jjz5Q6caQV2AgECk3mdHg=
-25,-30,zPkAhUvgv7WnTuJpf2GPdAoQ+UA=,UkYo07Jjz5Q6caQV2AgECk3mdHg=
-25,-26,zPkAhUvgv7WnTuJpf2GPdAoQ+UA=,UkYo07Jjz5Q6caQV2AgECk3mdHg=
-23,-26,zPkAhUvgv7WnTuJpf2GPdAoQ+UA=,UkYo07Jjz5Q6caQV2AgECk3mdHg=
-26,-30,zPkAhUvgv7WnTuJpf2GPdAoQ+UA=,UkYo07Jjz5Q6caQV2AgECk3mdHg=
-20,-26,zPkAhUvgv7WnTuJpf2GPdAoQ+UA=,UkYo07Jjz5Q6caQV2AgECk3mdHg=
-21,-29,zPkAhUvgv7WnTuJpf2GPdAoQ+UA=,UkYo07Jjz5Q6caQV2AgECk3mdHg=
-24,-26,zPkAhUvgv7WnTuJpf2GPdAoQ+UA=,UkYo07Jjz5Q6caQV2AgECk3mdHg=
-21,-27,zPkAhUvgv7WnTuJpf2GPdAoQ+UA=,UkYo07Jjz5Q6caQV2AgECk3mdHg=
-19,-30,zPkAhUvgv7WnTuJpf2GPdAoQ+UA=,UkYo07Jjz5Q6caQV2AgECk3mdHg=
-25,-27,zPkAhUvgv7WnTuJpf2GPdAoQ+UA=,UkYo07Jjz5Q6caQV2AgECk3mdHg=
-24,-29,zPkAhUvgv7WnTuJpf2GPdAoQ+UA=,UkYo07Jjz5Q6caQV2AgECk3mdHg=
-20,-30,zPkAhUvgv7WnTuJpf2GPdAoQ+UA=,UkYo07Jjz5Q6caQV2AgECk3mdHg=
-22,-27,zPkAhUvgv7WnTuJpf2GPdAoQ+UA=,UkYo07Jjz5Q6caQV2AgECk3mdHg=
-25,-29,zPkAhUvgv7WnTuJpf2GPdAoQ+UA=,UkYo07Jjz5Q6caQV2AgECk3mdHg=
-18,-27,zPkAhUvgv7WnTuJpf2GPdAoQ+UA=,UkYo07Jjz5Q6caQV2AgECk3mdHg=
-18,-31,zPkAhUvgv7WnTuJpf2GPdAoQ+UA=,UkYo07Jjz5Q6caQV2AgECk3mdHg=
-27,-30,zPkAhUvgv7WnTuJpf2GPdAoQ+UA=,UkYo07Jjz5Q6caQV2AgECk3mdHg=
-23,-27,zPkAhUvgv7WnTuJpf2GPdAoQ+UA=,UkYo07Jjz5Q6caQV2AgECk3mdHg=
-19,-27,zPkAhUvgv7WnTuJpf2GPdAoQ+UA=,UkYo07Jjz5Q6caQV2AgECk3mdHg=
-21,-30,zPkAhUvgv7WnTuJpf2GPdAoQ+UA=,UkYo07Jjz5Q6caQV2AgECk3mdHg=
-24,-27,zPkAhUvgv7WnTuJpf2GPdAoQ+UA=,UkYo07Jjz5Q6caQV2AgECk3mdHg=
-25,-31,zPkAhUvgv7WnTuJpf2GPdAoQ+UA=,UkYo07Jjz5Q6caQV2AgECk3mdHg=
-20,-27,zPkAhUvgv7WnTuJpf2GPdAoQ+UA=,UkYo07Jjz5Q6caQV2AgECk3mdHg=
-19,-31,zPkAhUvgv7WnTuJpf2GPdAoQ+UA=,UkYo07Jjz5Q6caQV2AgECk3mdHg=
-20,-31,zPkAhUvgv7WnTuJpf2GPdAoQ+UA=,UkYo07Jjz5Q6caQV2AgECk3mdHg=
-22,-28,zPkAhUvgv7WnTuJpf2GPdAoQ+UA=,UkYo07Jjz5Q6caQV2AgECk3mdHg=
-17,-31,zPkAhUvgv7WnTuJpf2GPdAoQ+UA=,UkYo07Jjz5Q6caQV2AgECk3mdHg=
-26,-31,zPkAhUvgv7WnTuJpf2GPdAoQ+UA=,UkYo07Jjz5Q6caQV2AgECk3mdHg=
-17,-30,zPkAhUvgv7WnTuJpf2GPdAoQ+UA=,UkYo07Jjz5Q6caQV2AgECk3mdHg=
-21,-28,zPkAhUvgv7WnTuJpf2GPdAoQ+UA=,UkYo07Jjz5Q6caQV2AgECk3mdHg=
-23,-28,zPkAhUvgv7WnTuJpf2GPdAoQ+UA=,UkYo07Jjz5Q6caQV2AgECk3mdHg=
-26,-29,zPkAhUvgv7WnTuJpf2GPdAoQ+UA=,UkYo07Jjz5Q6caQV2AgECk3mdHg=
-18,-30,zPkAhUvgv7WnTuJpf2GPdAoQ+UA=,UkYo07Jjz5Q6caQV2AgECk3mdHg=
-17,-26,zPkAhUvgv7WnTuJpf2GPdAoQ+UA=,UkYo07Jjz5Q6caQV2AgECk3mdHg=
-27,-31,zPkAhUvgv7WnTuJpf2GPdAoQ+UA=,UkYo07Jjz5Q6caQV2AgECk3mdHg=
-21,-31,zPkAhUvgv7WnTuJpf2GPdAoQ+UA=,UkYo07Jjz5Q6caQV2AgECk3mdHg=
-17,-27,zPkAhUvgv7WnTuJpf2GPdAoQ+UA=,UkYo07Jjz5Q6caQV2AgECk3mdHg=
-24,-30,zPkAhUvgv7WnTuJpf2GPdAoQ+UA=,UkYo07Jjz5Q6caQV2AgECk3mdHg=
-18,-28,zPkAhUvgv7WnTuJpf2GPdAoQ+UA=,UkYo07Jjz5Q6caQV2AgECk3mdHg=
-17,-28,zPkAhUvgv7WnTuJpf2GPdAoQ+UA=,UkYo07Jjz5Q6caQV2AgECk3mdHg=
-19,-28,zPkAhUvgv7WnTuJpf2GPdAoQ+UA=,UkYo07Jjz5Q6caQV2AgECk3mdHg=
-17,-29,zPkAhUvgv7WnTuJpf2GPdAoQ+UA=,UkYo07Jjz5Q6caQV2AgECk3mdHg=
-27,-29,zPkAhUvgv7WnTuJpf2GPdAoQ+UA=,UkYo07Jjz5Q6caQV2AgECk3mdHg=
-24,-31,zPkAhUvgv7WnTuJpf2GPdAoQ+UA=,UkYo07Jjz5Q6caQV2AgECk3mdHg=
-20,-28,zPkAhUvgv7WnTuJpf2GPdAoQ+UA=,UkYo07Jjz5Q6caQV2AgECk3mdHg=
-18,-29,zPkAhUvgv7WnTuJpf2GPdAoQ+UA=,UkYo07Jjz5Q6caQV2AgECk3mdHg=
-19,-29,zPkAhUvgv7WnTuJpf2GPdAoQ+UA=,UkYo07Jjz5Q6caQV2AgECk3mdHg=
-24,-28,zPkAhUvgv7WnTuJpf2GPdAoQ+UA=,UkYo07Jjz5Q6caQV2AgECk3mdHg=
-20,-29,zPkAhUvgv7WnTuJpf2GPdAoQ+UA=,UkYo07Jjz5Q6caQV2AgECk3mdHg=
-26,-25,zPkAhUvgv7WnTuJpf2GPdAoQ+UA=,UkYo07Jjz5Q6caQV2AgECk3mdHg=
-27,-25,zPkAhUvgv7WnTuJpf2GPdAoQ+UA=,UkYo07Jjz5Q6caQV2AgECk3mdHg=
-22,-22,zPkAhUvgv7WnTuJpf2GPdAoQ+UA=,UkYo07Jjz5Q6caQV2AgECk3mdHg=
-23,-22,zPkAhUvgv7WnTuJpf2GPdAoQ+UA=,UkYo07Jjz5Q6caQV2AgECk3mdHg=
-24,-22,zPkAhUvgv7WnTuJpf2GPdAoQ+UA=,UkYo07Jjz5Q6caQV2AgECk3mdHg=
-22,-25,zPkAhUvgv7WnTuJpf2GPdAoQ+UA=,UkYo07Jjz5Q6caQV2AgECk3mdHg=
-22,-23,zPkAhUvgv7WnTuJpf2GPdAoQ+UA=,UkYo07Jjz5Q6caQV2AgECk3mdHg=
-23,-25,zPkAhUvgv7WnTuJpf2GPdAoQ+UA=,UkYo07Jjz5Q6caQV2AgECk3mdHg=
-23,-23,zPkAhUvgv7WnTuJpf2GPdAoQ+UA=,UkYo07Jjz5Q6caQV2AgECk3mdHg=
-24,-23,zPkAhUvgv7WnTuJpf2GPdAoQ+UA=,UkYo07Jjz5Q6caQV2AgECk3mdHg=
-22,-24,zPkAhUvgv7WnTuJpf2GPdAoQ+UA=,UkYo07Jjz5Q6caQV2AgECk3mdHg=
-23,-24,zPkAhUvgv7WnTuJpf2GPdAoQ+UA=,UkYo07Jjz5Q6caQV2AgECk3mdHg=
-24,-24,zPkAhUvgv7WnTuJpf2GPdAoQ+UA=,UkYo07Jjz5Q6caQV2AgECk3mdHg=
-24,-25,zPkAhUvgv7WnTuJpf2GPdAoQ+UA=,UkYo07Jjz5Q6caQV2AgECk3mdHg=
-25,-25,zPkAhUvgv7WnTuJpf2GPdAoQ+UA=,UkYo07Jjz5Q6caQV2AgECk3mdHg=
-22,-21,zPkAhUvgv7WnTuJpf2GPdAoQ+UA=,UkYo07Jjz5Q6caQV2AgECk3mdHg=
-23,-21,zPkAhUvgv7WnTuJpf2GPdAoQ+UA=,UkYo07Jjz5Q6caQV2AgECk3mdHg=
-24,-21,zPkAhUvgv7WnTuJpf2GPdAoQ+UA=,UkYo07Jjz5Q6caQV2AgECk3mdHg=
-29,-26,zPkAhUvgv7WnTuJpf2GPdAoQ+UA=,UkYo07Jjz5Q6caQV2AgECk3mdHg=
-30,-26,zPkAhUvgv7WnTuJpf2GPdAoQ+UA=,UkYo07Jjz5Q6caQV2AgECk3mdHg=
-19,-18,zPkAhUvgv7WnTuJpf2GPdAoQ+UA=,UkYo07Jjz5Q6caQV2AgECk3mdHg=
-29,-28,zPkAhUvgv7WnTuJpf2GPdAoQ+UA=,UkYo07Jjz5Q6caQV2AgECk3mdHg=
-31,-26,zPkAhUvgv7WnTuJpf2GPdAoQ+UA=,UkYo07Jjz5Q6caQV2AgECk3mdHg=
-17,-19,zPkAhUvgv7WnTuJpf2GPdAoQ+UA=,UkYo07Jjz5Q6caQV2AgECk3mdHg=
-28,-28,zPkAhUvgv7WnTuJpf2GPdAoQ+UA=,UkYo07Jjz5Q6caQV2AgECk3mdHg=
-28,-26,zPkAhUvgv7WnTuJpf2GPdAoQ+UA=,UkYo07Jjz5Q6caQV2AgECk3mdHg=
-20,-18,zPkAhUvgv7WnTuJpf2GPdAoQ+UA=,UkYo07Jjz5Q6caQV2AgECk3mdHg=
-30,-28,zPkAhUvgv7WnTuJpf2GPdAoQ+UA=,UkYo07Jjz5Q6caQV2AgECk3mdHg=
-29,-27,zPkAhUvgv7WnTuJpf2GPdAoQ+UA=,UkYo07Jjz5Q6caQV2AgECk3mdHg=
-18,-19,zPkAhUvgv7WnTuJpf2GPdAoQ+UA=,UkYo07Jjz5Q6caQV2AgECk3mdHg=
-21,-22,zPkAhUvgv7WnTuJpf2GPdAoQ+UA=,UkYo07Jjz5Q6caQV2AgECk3mdHg=
-31,-28,zPkAhUvgv7WnTuJpf2GPdAoQ+UA=,UkYo07Jjz5Q6caQV2AgECk3mdHg=
-30,-27,zPkAhUvgv7WnTuJpf2GPdAoQ+UA=,UkYo07Jjz5Q6caQV2AgECk3mdHg=
-19,-19,zPkAhUvgv7WnTuJpf2GPdAoQ+UA=,UkYo07Jjz5Q6caQV2AgECk3mdHg=
-20,-25,zPkAhUvgv7WnTuJpf2GPdAoQ+UA=,UkYo07Jjz5Q6caQV2AgECk3mdHg=
-28,-30,zPkAhUvgv7WnTuJpf2GPdAoQ+UA=,UkYo07Jjz5Q6caQV2AgECk3mdHg=
-31,-27,zPkAhUvgv7WnTuJpf2GPdAoQ+UA=,UkYo07Jjz5Q6caQV2AgECk3mdHg=
-20,-19,zPkAhUvgv7WnTuJpf2GPdAoQ+UA=,UkYo07Jjz5Q6caQV2AgECk3mdHg=
-28,-31,zPkAhUvgv7WnTuJpf2GPdAoQ+UA=,UkYo07Jjz5Q6caQV2AgECk3mdHg=
-21,-25,zPkAhUvgv7WnTuJpf2GPdAoQ+UA=,UkYo07Jjz5Q6caQV2AgECk3mdHg=
-28,-27,zPkAhUvgv7WnTuJpf2GPdAoQ+UA=,UkYo07Jjz5Q6caQV2AgECk3mdHg=
-18,-17,zPkAhUvgv7WnTuJpf2GPdAoQ+UA=,UkYo07Jjz5Q6caQV2AgECk3mdHg=
-28,-29,zPkAhUvgv7WnTuJpf2GPdAoQ+UA=,UkYo07Jjz5Q6caQV2AgECk3mdHg=
-32,-31,zPkAhUvgv7WnTuJpf2GPdAoQ+UA=,UkYo07Jjz5Q6caQV2AgECk3mdHg=
-17,-17,zPkAhUvgv7WnTuJpf2GPdAoQ+UA=,UkYo07Jjz5Q6caQV2AgECk3mdHg=
-31,-31,zPkAhUvgv7WnTuJpf2GPdAoQ+UA=,UkYo07Jjz5Q6caQV2AgECk3mdHg=
-20,-23,zPkAhUvgv7WnTuJpf2GPdAoQ+UA=,UkYo07Jjz5Q6caQV2AgECk3mdHg=
-32,-30,zPkAhUvgv7WnTuJpf2GPdAoQ+UA=,UkYo07Jjz5Q6caQV2AgECk3mdHg=
-18,-18,zPkAhUvgv7WnTuJpf2GPdAoQ+UA=,UkYo07Jjz5Q6caQV2AgECk3mdHg=
-30,-31,zPkAhUvgv7WnTuJpf2GPdAoQ+UA=,UkYo07Jjz5Q6caQV2AgECk3mdHg=
-32,-28,zPkAhUvgv7WnTuJpf2GPdAoQ+UA=,UkYo07Jjz5Q6caQV2AgECk3mdHg=
-19,-23,zPkAhUvgv7WnTuJpf2GPdAoQ+UA=,UkYo07Jjz5Q6caQV2AgECk3mdHg=
-19,-17,zPkAhUvgv7WnTuJpf2GPdAoQ+UA=,UkYo07Jjz5Q6caQV2AgECk3mdHg=
-29,-31,zPkAhUvgv7WnTuJpf2GPdAoQ+UA=,UkYo07Jjz5Q6caQV2AgECk3mdHg=
-32,-26,zPkAhUvgv7WnTuJpf2GPdAoQ+UA=,UkYo07Jjz5Q6caQV2AgECk3mdHg=
-20,-21,zPkAhUvgv7WnTuJpf2GPdAoQ+UA=,UkYo07Jjz5Q6caQV2AgECk3mdHg=
-20,-17,zPkAhUvgv7WnTuJpf2GPdAoQ+UA=,UkYo07Jjz5Q6caQV2AgECk3mdHg=
-31,-30,zPkAhUvgv7WnTuJpf2GPdAoQ+UA=,UkYo07Jjz5Q6caQV2AgECk3mdHg=
-32,-27,zPkAhUvgv7WnTuJpf2GPdAoQ+UA=,UkYo07Jjz5Q6caQV2AgECk3mdHg=
-21,-23,zPkAhUvgv7WnTuJpf2GPdAoQ+UA=,UkYo07Jjz5Q6caQV2AgECk3mdHg=
-17,-18,zPkAhUvgv7WnTuJpf2GPdAoQ+UA=,UkYo07Jjz5Q6caQV2AgECk3mdHg=
-30,-30,zPkAhUvgv7WnTuJpf2GPdAoQ+UA=,UkYo07Jjz5Q6caQV2AgECk3mdHg=
-32,-29,zPkAhUvgv7WnTuJpf2GPdAoQ+UA=,UkYo07Jjz5Q6caQV2AgECk3mdHg=
-29,-25,zPkAhUvgv7WnTuJpf2GPdAoQ+UA=,UkYo07Jjz5Q6caQV2AgECk3mdHg=
-29,-30,zPkAhUvgv7WnTuJpf2GPdAoQ+UA=,UkYo07Jjz5Q6caQV2AgECk3mdHg=
-17,-22,zPkAhUvgv7WnTuJpf2GPdAoQ+UA=,UkYo07Jjz5Q6caQV2AgECk3mdHg=
-32,-25,zPkAhUvgv7WnTuJpf2GPdAoQ+UA=,UkYo07Jjz5Q6caQV2AgECk3mdHg=
-30,-25,zPkAhUvgv7WnTuJpf2GPdAoQ+UA=,UkYo07Jjz5Q6caQV2AgECk3mdHg=
-31,-29,zPkAhUvgv7WnTuJpf2GPdAoQ+UA=,UkYo07Jjz5Q6caQV2AgECk3mdHg=
-31,-25,zPkAhUvgv7WnTuJpf2GPdAoQ+UA=,UkYo07Jjz5Q6caQV2AgECk3mdHg=
-30,-29,zPkAhUvgv7WnTuJpf2GPdAoQ+UA=,UkYo07Jjz5Q6caQV2AgECk3mdHg=
-23,-32,zPkAhUvgv7WnTuJpf2GPdAoQ+UA=,UkYo07Jjz5Q6caQV2AgECk3mdHg=
-28,-25,zPkAhUvgv7WnTuJpf2GPdAoQ+UA=,UkYo07Jjz5Q6caQV2AgECk3mdHg=
-29,-29,zPkAhUvgv7WnTuJpf2GPdAoQ+UA=,UkYo07Jjz5Q6caQV2AgECk3mdHg=
-18,-24,zPkAhUvgv7WnTuJpf2GPdAoQ+UA=,UkYo07Jjz5Q6caQV2AgECk3mdHg=
-31,-32,zPkAhUvgv7WnTuJpf2GPdAoQ+UA=,UkYo07Jjz5Q6caQV2AgECk3mdHg=
-22,-32,zPkAhUvgv7WnTuJpf2GPdAoQ+UA=,UkYo07Jjz5Q6caQV2AgECk3mdHg=
-21,-24,zPkAhUvgv7WnTuJpf2GPdAoQ+UA=,UkYo07Jjz5Q6caQV2AgECk3mdHg=
-30,-32,zPkAhUvgv7WnTuJpf2GPdAoQ+UA=,UkYo07Jjz5Q6caQV2AgECk3mdHg=
-24,-32,zPkAhUvgv7WnTuJpf2GPdAoQ+UA=,UkYo07Jjz5Q6caQV2AgECk3mdHg=
-32,-32,zPkAhUvgv7WnTuJpf2GPdAoQ+UA=,UkYo07Jjz5Q6caQV2AgECk3mdHg=
-18,-22,zPkAhUvgv7WnTuJpf2GPdAoQ+UA=,UkYo07Jjz5Q6caQV2AgECk3mdHg=
-18,-32,zPkAhUvgv7WnTuJpf2GPdAoQ+UA=,UkYo07Jjz5Q6caQV2AgECk3mdHg=
-17,-32,zPkAhUvgv7WnTuJpf2GPdAoQ+UA=,UkYo07Jjz5Q6caQV2AgECk3mdHg=
-19,-22,zPkAhUvgv7WnTuJpf2GPdAoQ+UA=,UkYo07Jjz5Q6caQV2AgECk3mdHg=
-25,-32,zPkAhUvgv7WnTuJpf2GPdAoQ+UA=,UkYo07Jjz5Q6caQV2AgECk3mdHg=
-19,-32,zPkAhUvgv7WnTuJpf2GPdAoQ+UA=,UkYo07Jjz5Q6caQV2AgECk3mdHg=
-17,-24,zPkAhUvgv7WnTuJpf2GPdAoQ+UA=,UkYo07Jjz5Q6caQV2AgECk3mdHg=
-21,-32,zPkAhUvgv7WnTuJpf2GPdAoQ+UA=,UkYo07Jjz5Q6caQV2AgECk3mdHg=
-20,-32,zPkAhUvgv7WnTuJpf2GPdAoQ+UA=,UkYo07Jjz5Q6caQV2AgECk3mdHg=
-26,-32,zPkAhUvgv7WnTuJpf2GPdAoQ+UA=,UkYo07Jjz5Q6caQV2AgECk3mdHg=
-18,-20,zPkAhUvgv7WnTuJpf2GPdAoQ+UA=,UkYo07Jjz5Q6caQV2AgECk3mdHg=
-27,-32,zPkAhUvgv7WnTuJpf2GPdAoQ+UA=,UkYo07Jjz5Q6caQV2AgECk3mdHg=
-20,-22,zPkAhUvgv7WnTuJpf2GPdAoQ+UA=,UkYo07Jjz5Q6caQV2AgECk3mdHg=
-28,-32,zPkAhUvgv7WnTuJpf2GPdAoQ+UA=,UkYo07Jjz5Q6caQV2AgECk3mdHg=
-29,-32,zPkAhUvgv7WnTuJpf2GPdAoQ+UA=,UkYo07Jjz5Q6caQV2AgECk3mdHg=
-17,-25,zPkAhUvgv7WnTuJpf2GPdAoQ+UA=,UkYo07Jjz5Q6caQV2AgECk3mdHg=
-17,-20,zPkAhUvgv7WnTuJpf2GPdAoQ+UA=,UkYo07Jjz5Q6caQV2AgECk3mdHg=
-17,-23,zPkAhUvgv7WnTuJpf2GPdAoQ+UA=,UkYo07Jjz5Q6caQV2AgECk3mdHg=
-19,-20,zPkAhUvgv7WnTuJpf2GPdAoQ+UA=,UkYo07Jjz5Q6caQV2AgECk3mdHg=
-17,-21,zPkAhUvgv7WnTuJpf2GPdAoQ+UA=,UkYo07Jjz5Q6caQV2AgECk3mdHg=
-18,-23,zPkAhUvgv7WnTuJpf2GPdAoQ+UA=,UkYo07Jjz5Q6caQV2AgECk3mdHg=
-20,-20,zPkAhUvgv7WnTuJpf2GPdAoQ+UA=,UkYo07Jjz5Q6caQV2AgECk3mdHg=
-18,-21,zPkAhUvgv7WnTuJpf2GPdAoQ+UA=,UkYo07Jjz5Q6caQV2AgECk3mdHg=
-18,-25,zPkAhUvgv7WnTuJpf2GPdAoQ+UA=,UkYo07Jjz5Q6caQV2AgECk3mdHg=
-19,-25,zPkAhUvgv7WnTuJpf2GPdAoQ+UA=,UkYo07Jjz5Q6caQV2AgECk3mdHg=
-19,-21,zPkAhUvgv7WnTuJpf2GPdAoQ+UA=,UkYo07Jjz5Q6caQV2AgECk3mdHg=
-19,-24,zPkAhUvgv7WnTuJpf2GPdAoQ+UA=,UkYo07Jjz5Q6caQV2AgECk3mdHg=
-20,-24,zPkAhUvgv7WnTuJpf2GPdAoQ+UA=,UkYo07Jjz5Q6caQV2AgECk3mdHg=
-21,-21,zPkAhUvgv7WnTuJpf2GPdAoQ+UA=,UkYo07Jjz5Q6caQV2AgECk3mdHg=
