14,-10,NIdSjKAz9PKSlfYP/e7ltZHhasM=,lQMeMb5uRfYIVOyN7EuizOVzbJQ=
13,-10,NIdSjKAz9PKSlfYP/e7ltZHhasM=,lQMeMb5uRfYIVOyN7EuizOVzbJQ=
14,-11,NIdSjKAz9PKSlfYP/e7ltZHhasM=,lQMeMb5uRfYIVOyN7EuizOVzbJQ=
13,-11,NIdSjKAz9PKSlfYP/e7ltZHhasM=,lQMeMb5uRfYIVOyN7EuizOVzbJQ=
10,-14,NIdSjKAz9PKSlfYP/e7ltZHhasM=,lQMeMb5uRfYIVOyN7EuizOVzbJQ=
9,-14,NIdSjKAz9PKSlfYP/e7ltZHhasM=,lQMeMb5uRfYIVOyN7EuizOVzbJQ=
10,-15,NIdSjKAz9PKSlfYP/e7ltZHhasM=,lQMeMb5uRfYIVOyN7EuizOVzbJQ=
9,-15,NIdSjKAz9PKSlfYP/e7ltZHhasM=,lQMeMb5uRfYIVOyN7EuizOVzbJQ=
14,-14,NIdSjKAz9PKSlfYP/e7ltZHhasM=,lQMeMb5uRfYIVOyN7EuizOVzbJQ=
8,-14,NIdSjKAz9PKSlfYP/e7ltZHhasM=,lQMeMb5uRfYIVOyN7EuizOVzbJQ=
14,-13,NIdSjKAz9PKSlfYP/e7ltZHhasM=,lQMeMb5uRfYIVOyN7EuizOVzbJQ=
11,-10,NIdSjKAz9PKSlfYP/e7ltZHhasM=,lQMeMb5uRfYIVOyN7EuizOVzbJQ=
11,-14,NIdSjKAz9PKSlfYP/e7ltZHhasM=,lQMeMb5uRfYIVOyN7EuizOVzbJQ=
5,-14,/TdegxH9nX+qLvhRrqWZW/K3fgs=,qVBJmxs35Hj5lEAU0cFvg3YTx6g=
6,-11,/TdegxH9nX+qLvhRrqWZW/K3fgs=,RjmI1wJ3FGyajzJpWQpe262oOf8=
12,-10,NIdSjKAz9PKSlfYP/e7ltZHhasM=,lQMeMb5uRfYIVOyN7EuizOVzbJQ=
8,-15,NIdSjKAz9PKSlfYP/e7ltZHhasM=,lQMeMb5uRfYIVOyN7EuizOVzbJQ=
13,-14,NIdSjKAz9PKSlfYP/e7ltZHhasM=,lQMeMb5uRfYIVOyN7EuizOVzbJQ=
5,-11,/TdegxH9nX+qLvhRrqWZW/K3fgs=,RjmI1wJ3FGyajzJpWQpe262oOf8=
10,-10,NIdSjKAz9PKSlfYP/e7ltZHhasM=,lQMeMb5uRfYIVOyN7EuizOVzbJQ=
7,-12,/TdegxH9nX+qLvhRrqWZW/K3fgs=,RjmI1wJ3FGyajzJpWQpe262oOf8=
7,-15,/TdegxH9nX+qLvhRrqWZW/K3fgs=,qVBJmxs35Hj5lEAU0cFvg3YTx6g=
13,-13,NIdSjKAz9PKSlfYP/e7ltZHhasM=,lQMeMb5uRfYIVOyN7EuizOVzbJQ=
7,-14,/TdegxH9nX+qLvhRrqWZW/K3fgs=,qVBJmxs35Hj5lEAU0cFvg3YTx6g=
6,-12,/TdegxH9nX+qLvhRrqWZW/K3fgs=,RjmI1wJ3FGyajzJpWQpe262oOf8=
12,-14,NIdSjKAz9PKSlfYP/e7ltZHhasM=,lQMeMb5uRfYIVOyN7EuizOVzbJQ=
12,-13,NIdSjKAz9PKSlfYP/e7ltZHhasM=,lQMeMb5uRfYIVOyN7EuizOVzbJQ=
5,-15,/TdegxH9nX+qLvhRrqWZW/K3fgs=,qVBJmxs35Hj5lEAU0cFvg3YTx6g=
5,-12,/TdegxH9nX+qLvhRrqWZW/K3fgs=,RjmI1wJ3FGyajzJpWQpe262oOf8=
14,-12,NIdSjKAz9PKSlfYP/e7ltZHhasM=,lQMeMb5uRfYIVOyN7EuizOVzbJQ=
12,-11,NIdSjKAz9PKSlfYP/e7ltZHhasM=,lQMeMb5uRfYIVOyN7EuizOVzbJQ=
6,-14,/TdegxH9nX+qLvhRrqWZW/K3fgs=,qVBJmxs35Hj5lEAU0cFvg3YTx6g=
8,-10,NIdSjKAz9PKSlfYP/e7ltZHhasM=,lQMeMb5uRfYIVOyN7EuizOVzbJQ=
9,-10,NIdSjKAz9PKSlfYP/e7ltZHhasM=,lQMeMb5uRfYIVOyN7EuizOVzbJQ=
11,-15,NIdSjKAz9PKSlfYP/e7ltZHhasM=,lQMeMb5uRfYIVOyN7EuizOVzbJQ=
7,-10,/TdegxH9nX+qLvhRrqWZW/K3fgs=,RjmI1wJ3FGyajzJpWQpe262oOf8=
6,-15,/TdegxH9nX+qLvhRrqWZW/K3fgs=,qVBJmxs35Hj5lEAU0cFvg3YTx6g=
8,-11,NIdSjKAz9PKSlfYP/e7ltZHhasM=,lQMeMb5uRfYIVOyN7EuizOVzbJQ=
13,-12,NIdSjKAz9PKSlfYP/e7ltZHhasM=,lQMeMb5uRfYIVOyN7EuizOVzbJQ=
11,-11,NIdSjKAz9PKSlfYP/e7ltZHhasM=,lQMeMb5uRfYIVOyN7EuizOVzbJQ=
6,-10,/TdegxH9nX+qLvhRrqWZW/K3fgs=,RjmI1wJ3FGyajzJpWQpe262oOf8=
14,-15,NIdSjKAz9PKSlfYP/e7ltZHhasM=,lQMeMb5uRfYIVOyN7EuizOVzbJQ=
10,-11,NIdSjKAz9PKSlfYP/e7ltZHhasM=,lQMeMb5uRfYIVOyN7EuizOVzbJQ=
5,-10,/TdegxH9nX+qLvhRrqWZW/K3fgs=,RjmI1wJ3FGyajzJpWQpe262oOf8=
13,-15,NIdSjKAz9PKSlfYP/e7ltZHhasM=,lQMeMb5uRfYIVOyN7EuizOVzbJQ=
8,-13,NIdSjKAz9PKSlfYP/e7ltZHhasM=,lQMeMb5uRfYIVOyN7EuizOVzbJQ=
12,-12,NIdSjKAz9PKSlfYP/e7ltZHhasM=,lQMeMb5uRfYIVOyN7EuizOVzbJQ=
7,-11,/TdegxH9nX+qLvhRrqWZW/K3fgs=,RjmI1wJ3FGyajzJpWQpe262oOf8=
9,-11,NIdSjKAz9PKSlfYP/e7ltZHhasM=,lQMeMb5uRfYIVOyN7EuizOVzbJQ=
12,-15,NIdSjKAz9PKSlfYP/e7ltZHhasM=,lQMeMb5uRfYIVOyN7EuizOVzbJQ=
8,-12,NIdSjKAz9PKSlfYP/e7ltZHhasM=,lQMeMb5uRfYIVOyN7EuizOVzbJQ=
11,-13,NIdSjKAz9PKSlfYP/e7ltZHhasM=,lQMeMb5uRfYIVOyN7EuizOVzbJQ=
7,-13,/TdegxH9nX+qLvhRrqWZW/K3fgs=,qVBJmxs35Hj5lEAU0cFvg3YTx6g=
6,-13,/TdegxH9nX+qLvhRrqWZW/K3fgs=,qVBJmxs35Hj5lEAU0cFvg3YTx6g=
5,-13,/TdegxH9nX+qLvhRrqWZW/K3fgs=,qVBJmxs35Hj5lEAU0cFvg3YTx6g=
10,-13,NIdSjKAz9PKSlfYP/e7ltZHhasM=,lQMeMb5uRfYIVOyN7EuizOVzbJQ=
11,-12,NIdSjKAz9PKSlfYP/e7ltZHhasM=,lQMeMb5uRfYIVOyN7EuizOVzbJQ=
9,-13,NIdSjKAz9PKSlfYP/e7ltZHhasM=,lQMeMb5uRfYIVOyN7EuizOVzbJQ=
10,-12,NIdSjKAz9PKSlfYP/e7ltZHhasM=,lQMeMb5uRfYIVOyN7EuizOVzbJQ=
9,-12,NIdSjKAz9PKSlfYP/e7ltZHhasM=,lQMeMb5uRfYIVOyN7EuizOVzbJQ=
3,-15,0XRIMwOxF3APEw18D38wM47V1IY=,qVBJmxs35Hj5lEAU0cFvg3YTx6g=
3,-14,/TdegxH9nX+qLvhRrqWZW/K3fgs=,qVBJmxs35Hj5lEAU0cFvg3YTx6g=
2,-14,/TdegxH9nX+qLvhRrqWZW/K3fgs=,qVBJmxs35Hj5lEAU0cFvg3YTx6g=
2,-15,0XRIMwOxF3APEw18D38wM47V1IY=,qVBJmxs35Hj5lEAU0cFvg3YTx6g=
1,-15,0XRIMwOxF3APEw18D38wM47V1IY=,qVBJmxs35Hj5lEAU0cFvg3YTx6g=
1,-14,/TdegxH9nX+qLvhRrqWZW/K3fgs=,qVBJmxs35Hj5lEAU0cFvg3YTx6g=
4,-14,0XRIMwOxF3APEw18D38wM47V1IY=,qVBJmxs35Hj5lEAU0cFvg3YTx6g=
3,-10,/TdegxH9nX+qLvhRrqWZW/K3fgs=,qcH8myg6PfQNAvh2oig7BWToAG4=
4,-15,0XRIMwOxF3APEw18D38wM47V1IY=,qVBJmxs35Hj5lEAU0cFvg3YTx6g=
1,-8,/TdegxH9nX+qLvhRrqWZW/K3fgs=,OukYRe9ZlhOwL0iAi2bAudglAVk=
2,-10,/TdegxH9nX+qLvhRrqWZW/K3fgs=,qcH8myg6PfQNAvh2oig7BWToAG4=
2,-9,/TdegxH9nX+qLvhRrqWZW/K3fgs=,qcH8myg6PfQNAvh2oig7BWToAG4=
4,-11,/TdegxH9nX+qLvhRrqWZW/K3fgs=,RjmI1wJ3FGyajzJpWQpe262oOf8=
1,-9,/TdegxH9nX+qLvhRrqWZW/K3fgs=,qcH8myg6PfQNAvh2oig7BWToAG4=
4,-12,0XRIMwOxF3APEw18D38wM47V1IY=,RjmI1wJ3FGyajzJpWQpe262oOf8=
2,-6,/TdegxH9nX+qLvhRrqWZW/K3fgs=,OukYRe9ZlhOwL0iAi2bAudglAVk=
1,-10,/TdegxH9nX+qLvhRrqWZW/K3fgs=,qcH8myg6PfQNAvh2oig7BWToAG4=
1,-6,/TdegxH9nX+qLvhRrqWZW/K3fgs=,OukYRe9ZlhOwL0iAi2bAudglAVk=
6,-7,/TdegxH9nX+qLvhRrqWZW/K3fgs=,RjmI1wJ3FGyajzJpWQpe262oOf8=
3,-11,/TdegxH9nX+qLvhRrqWZW/K3fgs=,qcH8myg6PfQNAvh2oig7BWToAG4=
2,-7,/TdegxH9nX+qLvhRrqWZW/K3fgs=,OukYRe9ZlhOwL0iAi2bAudglAVk=
2,-8,/TdegxH9nX+qLvhRrqWZW/K3fgs=,OukYRe9ZlhOwL0iAi2bAudglAVk=
5,-7,/TdegxH9nX+qLvhRrqWZW/K3fgs=,RjmI1wJ3FGyajzJpWQpe262oOf8=
2,-11,/TdegxH9nX+qLvhRrqWZW/K3fgs=,qcH8myg6PfQNAvh2oig7BWToAG4=
1,-7,/TdegxH9nX+qLvhRrqWZW/K3fgs=,OukYRe9ZlhOwL0iAi2bAudglAVk=
4,-7,/TdegxH9nX+qLvhRrqWZW/K3fgs=,RjmI1wJ3FGyajzJpWQpe262oOf8=
6,-8,/TdegxH9nX+qLvhRrqWZW/K3fgs=,RjmI1wJ3FGyajzJpWQpe262oOf8=
1,-11,/TdegxH9nX+qLvhRrqWZW/K3fgs=,qcH8myg6PfQNAvh2oig7BWToAG4=
5,-8,/TdegxH9nX+qLvhRrqWZW/K3fgs=,RjmI1wJ3FGyajzJpWQpe262oOf8=
3,-12,/TdegxH9nX+qLvhRrqWZW/K3fgs=,qcH8myg6PfQNAvh2oig7BWToAG4=
6,-9,/TdegxH9nX+qLvhRrqWZW/K3fgs=,RjmI1wJ3FGyajzJpWQpe262oOf8=
2,-12,/TdegxH9nX+qLvhRrqWZW/K3fgs=,qcH8myg6PfQNAvh2oig7BWToAG4=
1,-12,0XRIMwOxF3APEw18D38wM47V1IY=,qcH8myg6PfQNAvh2oig7BWToAG4=
4,-8,/TdegxH9nX+qLvhRrqWZW/K3fgs=,RjmI1wJ3FGyajzJpWQpe262oOf8=
3,-13,/TdegxH9nX+qLvhRrqWZW/K3fgs=,qVBJmxs35Hj5lEAU0cFvg3YTx6g=
3,-9,/TdegxH9nX+qLvhRrqWZW/K3fgs=,qcH8myg6PfQNAvh2oig7BWToAG4=
10,-6,0XRIMwOxF3APEw18D38wM47V1IY=,v5LAnC0AdwV0s3S04mirxU/KAgQ=
3,-6,/TdegxH9nX+qLvhRrqWZW/K3fgs=,OukYRe9ZlhOwL0iAi2bAudglAVk=
7,-9,0XRIMwOxF3APEw18D38wM47V1IY=,RjmI1wJ3FGyajzJpWQpe262oOf8=
2,-13,0XRIMwOxF3APEw18D38wM47V1IY=,qVBJmxs35Hj5lEAU0cFvg3YTx6g=
14,-8,24Cl3EtF2hgcxYcjR5AseTtC7cE=,lQMeMb5uRfYIVOyN7EuizOVzbJQ=
3,-7,/TdegxH9nX+qLvhRrqWZW/K3fgs=,OukYRe9ZlhOwL0iAi2bAudglAVk=
14,-6,24Cl3EtF2hgcxYcjR5AseTtC7cE=,lQMeMb5uRfYIVOyN7EuizOVzbJQ=
1,-13,0XRIMwOxF3APEw18D38wM47V1IY=,qVBJmxs35Hj5lEAU0cFvg3YTx6g=
7,-8,/TdegxH9nX+qLvhRrqWZW/K3fgs=,RjmI1wJ3FGyajzJpWQpe262oOf8=
13,-6,24Cl3EtF2hgcxYcjR5AseTtC7cE=,lQMeMb5uRfYIVOyN7EuizOVzbJQ=
9,-6,0XRIMwOxF3APEw18D38wM47V1IY=,v5LAnC0AdwV0s3S04mirxU/KAgQ=
3,-8,/TdegxH9nX+qLvhRrqWZW/K3fgs=,OukYRe9ZlhOwL0iAi2bAudglAVk=
11,-6,0XRIMwOxF3APEw18D38wM47V1IY=,v5LAnC0AdwV0s3S04mirxU/KAgQ=
4,-10,/TdegxH9nX+qLvhRrqWZW/K3fgs=,RjmI1wJ3FGyajzJpWQpe262oOf8=
7,-6,0XRIMwOxF3APEw18D38wM47V1IY=,RjmI1wJ3FGyajzJpWQpe262oOf8=
4,-13,0XRIMwOxF3APEw18D38wM47V1IY=,qVBJmxs35Hj5lEAU0cFvg3YTx6g=
6,-6,/TdegxH9nX+qLvhRrqWZW/K3fgs=,RjmI1wJ3FGyajzJpWQpe262oOf8=
12,-6,24Cl3EtF2hgcxYcjR5AseTtC7cE=,lQMeMb5uRfYIVOyN7EuizOVzbJQ=
8,-6,0XRIMwOxF3APEw18D38wM47V1IY=,v5LAnC0AdwV0s3S04mirxU/KAgQ=
13,-8,24Cl3EtF2hgcxYcjR5AseTtC7cE=,lQMeMb5uRfYIVOyN7EuizOVzbJQ=
5,-9,/TdegxH9nX+qLvhRrqWZW/K3fgs=,RjmI1wJ3FGyajzJpWQpe262oOf8=
10,-7,0XRIMwOxF3APEw18D38wM47V1IY=,v5LAnC0AdwV0s3S04mirxU/KAgQ=
9,-7,0XRIMwOxF3APEw18D38wM47V1IY=,v5LAnC0AdwV0s3S04mirxU/KAgQ=
12,-8,24Cl3EtF2hgcxYcjR5AseTtC7cE=,lQMeMb5uRfYIVOyN7EuizOVzbJQ=
4,-9,/TdegxH9nX+qLvhRrqWZW/K3fgs=,RjmI1wJ3FGyajzJpWQpe262oOf8=
14,-7,24Cl3EtF2hgcxYcjR5AseTtC7cE=,lQMeMb5uRfYIVOyN7EuizOVzbJQ=
13,-7,24Cl3EtF2hgcxYcjR5AseTtC7cE=,lQMeMb5uRfYIVOyN7EuizOVzbJQ=
5,-6,/TdegxH9nX+qLvhRrqWZW/K3fgs=,RjmI1wJ3FGyajzJpWQpe262oOf8=
8,-7,0XRIMwOxF3APEw18D38wM47V1IY=,v5LAnC0AdwV0s3S04mirxU/KAgQ=
14,-9,24Cl3EtF2hgcxYcjR5AseTtC7cE=,lQMeMb5uRfYIVOyN7EuizOVzbJQ=
4,-6,/TdegxH9nX+qLvhRrqWZW/K3fgs=,RjmI1wJ3FGyajzJpWQpe262oOf8=
10,-8,0XRIMwOxF3APEw18D38wM47V1IY=,v5LAnC0AdwV0s3S04mirxU/KAgQ=
12,-7,24Cl3EtF2hgcxYcjR5AseTtC7cE=,lQMeMb5uRfYIVOyN7EuizOVzbJQ=
9,-8,0XRIMwOxF3APEw18D38wM47V1IY=,v5LAnC0AdwV0s3S04mirxU/KAgQ=
11,-7,0XRIMwOxF3APEw18D38wM47V1IY=,v5LAnC0AdwV0s3S04mirxU/KAgQ=
8,-8,0XRIMwOxF3APEw18D38wM47V1IY=,v5LAnC0AdwV0s3S04mirxU/KAgQ=
13,-9,24Cl3EtF2hgcxYcjR5AseTtC7cE=,lQMeMb5uRfYIVOyN7EuizOVzbJQ=
7,-7,0XRIMwOxF3APEw18D38wM47V1IY=,RjmI1wJ3FGyajzJpWQpe262oOf8=
12,-9,24Cl3EtF2hgcxYcjR5AseTtC7cE=,lQMeMb5uRfYIVOyN7EuizOVzbJQ=
11,-8,0XRIMwOxF3APEw18D38wM47V1IY=,v5LAnC0AdwV0s3S04mirxU/KAgQ=
10,-9,24Cl3EtF2hgcxYcjR5AseTtC7cE=,lQMeMb5uRfYIVOyN7EuizOVzbJQ=
9,-9,24Cl3EtF2hgcxYcjR5AseTtC7cE=,lQMeMb5uRfYIVOyN7EuizOVzbJQ=
8,-9,24Cl3EtF2hgcxYcjR5AseTtC7cE=,lQMeMb5uRfYIVOyN7EuizOVzbJQ=
11,-9,24Cl3EtF2hgcxYcjR5AseTtC7cE=,lQMeMb5uRfYIVOyN7EuizOVzbJQ=
14,-4,24Cl3EtF2hgcxYcjR5AseTtC7cE=,lQMeMb5uRfYIVOyN7EuizOVzbJQ=
14,-2,24Cl3EtF2hgcxYcjR5AseTtC7cE=,lQMeMb5uRfYIVOyN7EuizOVzbJQ=
13,-2,24Cl3EtF2hgcxYcjR5AseTtC7cE=,lQMeMb5uRfYIVOyN7EuizOVzbJQ=
14,-5,24Cl3EtF2hgcxYcjR5AseTtC7cE=,lQMeMb5uRfYIVOyN7EuizOVzbJQ=
14,-3,24Cl3EtF2hgcxYcjR5AseTtC7cE=,lQMeMb5uRfYIVOyN7EuizOVzbJQ=
13,-4,24Cl3EtF2hgcxYcjR5AseTtC7cE=,lQMeMb5uRfYIVOyN7EuizOVzbJQ=
13,-5,24Cl3EtF2hgcxYcjR5AseTtC7cE=,lQMeMb5uRfYIVOyN7EuizOVzbJQ=
13,-3,24Cl3EtF2hgcxYcjR5AseTtC7cE=,lQMeMb5uRfYIVOyN7EuizOVzbJQ=
14,-1,24Cl3EtF2hgcxYcjR5AseTtC7cE=,lQMeMb5uRfYIVOyN7EuizOVzbJQ=
2,-1,0XRIMwOxF3APEw18D38wM47V1IY=,r7BpnUygBse/Gx5F1Q4AAFmcd50=
11,-2,0XRIMwOxF3APEw18D38wM47V1IY=,v5LAnC0AdwV0s3S04mirxU/KAgQ=
13,-1,24Cl3EtF2hgcxYcjR5AseTtC7cE=,lQMeMb5uRfYIVOyN7EuizOVzbJQ=
2,-4,/TdegxH9nX+qLvhRrqWZW/K3fgs=,r7BpnUygBse/Gx5F1Q4AAFmcd50=
1,-2,/TdegxH9nX+qLvhRrqWZW/K3fgs=,r7BpnUygBse/Gx5F1Q4AAFmcd50=
10,-2,0XRIMwOxF3APEw18D38wM47V1IY=,v5LAnC0AdwV0s3S04mirxU/KAgQ=
12,-1,24Cl3EtF2hgcxYcjR5AseTtC7cE=,lQMeMb5uRfYIVOyN7EuizOVzbJQ=
2,-5,/TdegxH9nX+qLvhRrqWZW/K3fgs=,OukYRe9ZlhOwL0iAi2bAudglAVk=
7,-5,0XRIMwOxF3APEw18D38wM47V1IY=,RjmI1wJ3FGyajzJpWQpe262oOf8=
12,-2,24Cl3EtF2hgcxYcjR5AseTtC7cE=,lQMeMb5uRfYIVOyN7EuizOVzbJQ=
1,-5,/TdegxH9nX+qLvhRrqWZW/K3fgs=,OukYRe9ZlhOwL0iAi2bAudglAVk=
6,-5,/TdegxH9nX+qLvhRrqWZW/K3fgs=,RjmI1wJ3FGyajzJpWQpe262oOf8=
11,-1,0XRIMwOxF3APEw18D38wM47V1IY=,v5LAnC0AdwV0s3S04mirxU/KAgQ=
1,-4,/TdegxH9nX+qLvhRrqWZW/K3fgs=,r7BpnUygBse/Gx5F1Q4AAFmcd50=
5,-5,/TdegxH9nX+qLvhRrqWZW/K3fgs=,RjmI1wJ3FGyajzJpWQpe262oOf8=
9,-2,0XRIMwOxF3APEw18D38wM47V1IY=,v5LAnC0AdwV0s3S04mirxU/KAgQ=
0,-4,/TdegxH9nX+qLvhRrqWZW/K3fgs=,r7BpnUygBse/Gx5F1Q4AAFmcd50=
3,-1,0XRIMwOxF3APEw18D38wM47V1IY=,r7BpnUygBse/Gx5F1Q4AAFmcd50=
1,-3,/TdegxH9nX+qLvhRrqWZW/K3fgs=,r7BpnUygBse/Gx5F1Q4AAFmcd50=
12,-4,24Cl3EtF2hgcxYcjR5AseTtC7cE=,lQMeMb5uRfYIVOyN7EuizOVzbJQ=
0,-5,/TdegxH9nX+qLvhRrqWZW/K3fgs=,OukYRe9ZlhOwL0iAi2bAudglAVk=
0,-3,/TdegxH9nX+qLvhRrqWZW/K3fgs=,r7BpnUygBse/Gx5F1Q4AAFmcd50=
3,-2,/TdegxH9nX+qLvhRrqWZW/K3fgs=,r7BpnUygBse/Gx5F1Q4AAFmcd50=
11,-3,0XRIMwOxF3APEw18D38wM47V1IY=,v5LAnC0AdwV0s3S04mirxU/KAgQ=
0,-6,/TdegxH9nX+qLvhRrqWZW/K3fgs=,OukYRe9ZlhOwL0iAi2bAudglAVk=
2,-3,/TdegxH9nX+qLvhRrqWZW/K3fgs=,r7BpnUygBse/Gx5F1Q4AAFmcd50=
3,-4,/TdegxH9nX+qLvhRrqWZW/K3fgs=,r7BpnUygBse/Gx5F1Q4AAFmcd50=
12,-3,24Cl3EtF2hgcxYcjR5AseTtC7cE=,lQMeMb5uRfYIVOyN7EuizOVzbJQ=
0,-7,/TdegxH9nX+qLvhRrqWZW/K3fgs=,OukYRe9ZlhOwL0iAi2bAudglAVk=
1,-1,0XRIMwOxF3APEw18D38wM47V1IY=,r7BpnUygBse/Gx5F1Q4AAFmcd50=
4,-5,/TdegxH9nX+qLvhRrqWZW/K3fgs=,RjmI1wJ3FGyajzJpWQpe262oOf8=
12,-5,24Cl3EtF2hgcxYcjR5AseTtC7cE=,lQMeMb5uRfYIVOyN7EuizOVzbJQ=
2,-2,/TdegxH9nX+qLvhRrqWZW/K3fgs=,r7BpnUygBse/Gx5F1Q4AAFmcd50=
3,-3,/TdegxH9nX+qLvhRrqWZW/K3fgs=,r7BpnUygBse/Gx5F1Q4AAFmcd50=
7,-1,0XRIMwOxF3APEw18D38wM47V1IY=,c5jg57kBvutGw9lyufnxWsoOvtk=
0,-2,/TdegxH9nX+qLvhRrqWZW/K3fgs=,r7BpnUygBse/Gx5F1Q4AAFmcd50=
0,-10,/TdegxH9nX+qLvhRrqWZW/K3fgs=,qcH8myg6PfQNAvh2oig7BWToAG4=
10,-3,0XRIMwOxF3APEw18D38wM47V1IY=,v5LAnC0AdwV0s3S04mirxU/KAgQ=
6,-3,/TdegxH9nX+qLvhRrqWZW/K3fgs=,c5jg57kBvutGw9lyufnxWsoOvtk=
0,-13,0XRIMwOxF3APEw18D38wM47V1IY=,qVBJmxs35Hj5lEAU0cFvg3YTx6g=
0,-8,/TdegxH9nX+qLvhRrqWZW/K3fgs=,OukYRe9ZlhOwL0iAi2bAudglAVk=
9,-3,0XRIMwOxF3APEw18D38wM47V1IY=,v5LAnC0AdwV0s3S04mirxU/KAgQ=
5,-3,/TdegxH9nX+qLvhRrqWZW/K3fgs=,c5jg57kBvutGw9lyufnxWsoOvtk=
3,-5,/TdegxH9nX+qLvhRrqWZW/K3fgs=,OukYRe9ZlhOwL0iAi2bAudglAVk=
11,-5,0XRIMwOxF3APEw18D38wM47V1IY=,v5LAnC0AdwV0s3S04mirxU/KAgQ=
0,-14,/TdegxH9nX+qLvhRrqWZW/K3fgs=,qVBJmxs35Hj5lEAU0cFvg3YTx6g=
0,-11,/TdegxH9nX+qLvhRrqWZW/K3fgs=,qcH8myg6PfQNAvh2oig7BWToAG4=
4,-3,/TdegxH9nX+qLvhRrqWZW/K3fgs=,c5jg57kBvutGw9lyufnxWsoOvtk=
10,-5,0XRIMwOxF3APEw18D38wM47V1IY=,v5LAnC0AdwV0s3S04mirxU/KAgQ=
4,-4,/TdegxH9nX+qLvhRrqWZW/K3fgs=,c5jg57kBvutGw9lyufnxWsoOvtk=
0,-12,0XRIMwOxF3APEw18D38wM47V1IY=,qcH8myg6PfQNAvh2oig7BWToAG4=
0,-15,0XRIMwOxF3APEw18D38wM47V1IY=,qVBJmxs35Hj5lEAU0cFvg3YTx6g=
0,-9,/TdegxH9nX+qLvhRrqWZW/K3fgs=,qcH8myg6PfQNAvh2oig7BWToAG4=
6,-1,0XRIMwOxF3APEw18D38wM47V1IY=,c5jg57kBvutGw9lyufnxWsoOvtk=
9,-5,0XRIMwOxF3APEw18D38wM47V1IY=,v5LAnC0AdwV0s3S04mirxU/KAgQ=
11,-4,0XRIMwOxF3APEw18D38wM47V1IY=,v5LAnC0AdwV0s3S04mirxU/KAgQ=
6,-16,/TdegxH9nX+qLvhRrqWZW/K3fgs=,qVBJmxs35Hj5lEAU0cFvg3YTx6g=
3,-16,/TdegxH9nX+qLvhRrqWZW/K3fgs=,qVBJmxs35Hj5lEAU0cFvg3YTx6g=
8,-2,0XRIMwOxF3APEw18D38wM47V1IY=,v5LAnC0AdwV0s3S04mirxU/KAgQ=
2,-16,/TdegxH9nX+qLvhRrqWZW/K3fgs=,qVBJmxs35Hj5lEAU0cFvg3YTx6g=
5,-16,/TdegxH9nX+qLvhRrqWZW/K3fgs=,qVBJmxs35Hj5lEAU0cFvg3YTx6g=
5,-1,0XRIMwOxF3APEw18D38wM47V1IY=,c5jg57kBvutGw9lyufnxWsoOvtk=
10,-4,0XRIMwOxF3APEw18D38wM47V1IY=,v5LAnC0AdwV0s3S04mirxU/KAgQ=
4,-1,0XRIMwOxF3APEw18D38wM47V1IY=,c5jg57kBvutGw9lyufnxWsoOvtk=
1,-16,/TdegxH9nX+qLvhRrqWZW/K3fgs=,qVBJmxs35Hj5lEAU0cFvg3YTx6g=
10,-16,24Cl3EtF2hgcxYcjR5AseTtC7cE=,lQMeMb5uRfYIVOyN7EuizOVzbJQ=
9,-4,0XRIMwOxF3APEw18D38wM47V1IY=,v5LAnC0AdwV0s3S04mirxU/KAgQ=
4,-16,0XRIMwOxF3APEw18D38wM47V1IY=,qVBJmxs35Hj5lEAU0cFvg3YTx6g=
7,-16,0XRIMwOxF3APEw18D38wM47V1IY=,qVBJmxs35Hj5lEAU0cFvg3YTx6g=
7,-2,0XRIMwOxF3APEw18D38wM47V1IY=,c5jg57kBvutGw9lyufnxWsoOvtk=
6,-4,/TdegxH9nX+qLvhRrqWZW/K3fgs=,c5jg57kBvutGw9lyufnxWsoOvtk=
9,-16,24Cl3EtF2hgcxYcjR5AseTtC7cE=,lQMeMb5uRfYIVOyN7EuizOVzbJQ=
10,-1,0XRIMwOxF3APEw18D38wM47V1IY=,v5LAnC0AdwV0s3S04mirxU/KAgQ=
6,-2,/TdegxH9nX+qLvhRrqWZW/K3fgs=,c5jg57kBvutGw9lyufnxWsoOvtk=
14,-16,24Cl3EtF2hgcxYcjR5AseTtC7cE=,lQMeMb5uRfYIVOyN7EuizOVzbJQ=
8,-16,24Cl3EtF2hgcxYcjR5AseTtC7cE=,lQMeMb5uRfYIVOyN7EuizOVzbJQ=
5,-2,/TdegxH9nX+qLvhRrqWZW/K3fgs=,c5jg57kBvutGw9lyufnxWsoOvtk=
9,-1,0XRIMwOxF3APEw18D38wM47V1IY=,v5LAnC0AdwV0s3S04mirxU/KAgQ=
13,-16,24Cl3EtF2hgcxYcjR5AseTtC7cE=,lQMeMb5uRfYIVOyN7EuizOVzbJQ=
15,-14,24Cl3EtF2hgcxYcjR5AseTtC7cE=,lQMeMb5uRfYIVOyN7EuizOVzbJQ=
15,-13,24Cl3EtF2hgcxYcjR5AseTtC7cE=,lQMeMb5uRfYIVOyN7EuizOVzbJQ=
4,-2,/TdegxH9nX+qLvhRrqWZW/K3fgs=,c5jg57kBvutGw9lyufnxWsoOvtk=
11,-16,24Cl3EtF2hgcxYcjR5AseTtC7cE=,lQMeMb5uRfYIVOyN7EuizOVzbJQ=
15,-15,24Cl3EtF2hgcxYcjR5AseTtC7cE=,lQMeMb5uRfYIVOyN7EuizOVzbJQ=
15,-10,24Cl3EtF2hgcxYcjR5AseTtC7cE=,lQMeMb5uRfYIVOyN7EuizOVzbJQ=
5,-4,/TdegxH9nX+qLvhRrqWZW/K3fgs=,c5jg57kBvutGw9lyufnxWsoOvtk=
15,-6,24Cl3EtF2hgcxYcjR5AseTtC7cE=,lQMeMb5uRfYIVOyN7EuizOVzbJQ=
12,-16,24Cl3EtF2hgcxYcjR5AseTtC7cE=,lQMeMb5uRfYIVOyN7EuizOVzbJQ=
15,-8,24Cl3EtF2hgcxYcjR5AseTtC7cE=,lQMeMb5uRfYIVOyN7EuizOVzbJQ=
15,-11,24Cl3EtF2hgcxYcjR5AseTtC7cE=,lQMeMb5uRfYIVOyN7EuizOVzbJQ=
7,-4,0XRIMwOxF3APEw18D38wM47V1IY=,c5jg57kBvutGw9lyufnxWsoOvtk=
15,-4,24Cl3EtF2hgcxYcjR5AseTtC7cE=,lQMeMb5uRfYIVOyN7EuizOVzbJQ=
15,-7,24Cl3EtF2hgcxYcjR5AseTtC7cE=,lQMeMb5uRfYIVOyN7EuizOVzbJQ=
15,-2,24Cl3EtF2hgcxYcjR5AseTtC7cE=,lQMeMb5uRfYIVOyN7EuizOVzbJQ=
15,-12,24Cl3EtF2hgcxYcjR5AseTtC7cE=,lQMeMb5uRfYIVOyN7EuizOVzbJQ=
8,-3,0XRIMwOxF3APEw18D38wM47V1IY=,v5LAnC0AdwV0s3S04mirxU/KAgQ=
15,-9,24Cl3EtF2hgcxYcjR5AseTtC7cE=,lQMeMb5uRfYIVOyN7EuizOVzbJQ=
15,-5,24Cl3EtF2hgcxYcjR5AseTtC7cE=,lQMeMb5uRfYIVOyN7EuizOVzbJQ=
15,-1,24Cl3EtF2hgcxYcjR5AseTtC7cE=,lQMeMb5uRfYIVOyN7EuizOVzbJQ=
7,-3,0XRIMwOxF3APEw18D38wM47V1IY=,c5jg57kBvutGw9lyufnxWsoOvtk=
15,-3,24Cl3EtF2hgcxYcjR5AseTtC7cE=,lQMeMb5uRfYIVOyN7EuizOVzbJQ=
0,-16,0XRIMwOxF3APEw18D38wM47V1IY=,qVBJmxs35Hj5lEAU0cFvg3YTx6g=
15,-16,24Cl3EtF2hgcxYcjR5AseTtC7cE=,lQMeMb5uRfYIVOyN7EuizOVzbJQ=
8,-4,0XRIMwOxF3APEw18D38wM47V1IY=,v5LAnC0AdwV0s3S04mirxU/KAgQ=
0,-1,0XRIMwOxF3APEw18D38wM47V1IY=,r7BpnUygBse/Gx5F1Q4AAFmcd50=
8,-1,0XRIMwOxF3APEw18D38wM47V1IY=,v5LAnC0AdwV0s3S04mirxU/KAgQ=
8,-5,0XRIMwOxF3APEw18D38wM47V1IY=,v5LAnC0AdwV0s3S04mirxU/KAgQ=
0,-18,BODnPs86/FicQUvq+SXW6WdOvPA=,qVBJmxs35Hj5lEAU0cFvg3YTx6g=
3,-18,BODnPs86/FicQUvq+SXW6WdOvPA=,qVBJmxs35Hj5lEAU0cFvg3YTx6g=
0,-19,BODnPs86/FicQUvq+SXW6WdOvPA=,qVBJmxs35Hj5lEAU0cFvg3YTx6g=
2,-20,BODnPs86/FicQUvq+SXW6WdOvPA=,qVBJmxs35Hj5lEAU0cFvg3YTx6g=
9,-20,JDLvf76O7SLgW/+PtODE8a3Vd/c=,lQMeMb5uRfYIVOyN7EuizOVzbJQ=
2,-18,BODnPs86/FicQUvq+SXW6WdOvPA=,qVBJmxs35Hj5lEAU0cFvg3YTx6g=
9,-19,JDLvf76O7SLgW/+PtODE8a3Vd/c=,lQMeMb5uRfYIVOyN7EuizOVzbJQ=
3,-17,BODnPs86/FicQUvq+SXW6WdOvPA=,qVBJmxs35Hj5lEAU0cFvg3YTx6g=
11,-17,JDLvf76O7SLgW/+PtODE8a3Vd/c=,lQMeMb5uRfYIVOyN7EuizOVzbJQ=
2,-17,BODnPs86/FicQUvq+SXW6WdOvPA=,qVBJmxs35Hj5lEAU0cFvg3YTx6g=
9,-17,JDLvf76O7SLgW/+PtODE8a3Vd/c=,lQMeMb5uRfYIVOyN7EuizOVzbJQ=
8,-17,JDLvf76O7SLgW/+PtODE8a3Vd/c=,lQMeMb5uRfYIVOyN7EuizOVzbJQ=
11,-20,JDLvf76O7SLgW/+PtODE8a3Vd/c=,lQMeMb5uRfYIVOyN7EuizOVzbJQ=
8,-19,JDLvf76O7SLgW/+PtODE8a3Vd/c=,lQMeMb5uRfYIVOyN7EuizOVzbJQ=
1,-17,BODnPs86/FicQUvq+SXW6WdOvPA=,qVBJmxs35Hj5lEAU0cFvg3YTx6g=
15,-20,JDLvf76O7SLgW/+PtODE8a3Vd/c=,lQMeMb5uRfYIVOyN7EuizOVzbJQ=
14,-20,JDLvf76O7SLgW/+PtODE8a3Vd/c=,lQMeMb5uRfYIVOyN7EuizOVzbJQ=
1,-18,BODnPs86/FicQUvq+SXW6WdOvPA=,qVBJmxs35Hj5lEAU0cFvg3YTx6g=
3,-20,BODnPs86/FicQUvq+SXW6WdOvPA=,qVBJmxs35Hj5lEAU0cFvg3YTx6g=
10,-20,JDLvf76O7SLgW/+PtODE8a3Vd/c=,lQMeMb5uRfYIVOyN7EuizOVzbJQ=
3,-19,BODnPs86/FicQUvq+SXW6WdOvPA=,qVBJmxs35Hj5lEAU0cFvg3YTx6g=
14,-17,JDLvf76O7SLgW/+PtODE8a3Vd/c=,lQMeMb5uRfYIVOyN7EuizOVzbJQ=
9,-18,JDLvf76O7SLgW/+PtODE8a3Vd/c=,lQMeMb5uRfYIVOyN7EuizOVzbJQ=
8,-20,JDLvf76O7SLgW/+PtODE8a3Vd/c=,lQMeMb5uRfYIVOyN7EuizOVzbJQ=
1,-20,BODnPs86/FicQUvq+SXW6WdOvPA=,qVBJmxs35Hj5lEAU0cFvg3YTx6g=
10,-17,JDLvf76O7SLgW/+PtODE8a3Vd/c=,lQMeMb5uRfYIVOyN7EuizOVzbJQ=
15,-19,JDLvf76O7SLgW/+PtODE8a3Vd/c=,lQMeMb5uRfYIVOyN7EuizOVzbJQ=
15,-17,JDLvf76O7SLgW/+PtODE8a3Vd/c=,lQMeMb5uRfYIVOyN7EuizOVzbJQ=
8,-18,JDLvf76O7SLgW/+PtODE8a3Vd/c=,lQMeMb5uRfYIVOyN7EuizOVzbJQ=
2,-19,BODnPs86/FicQUvq+SXW6WdOvPA=,qVBJmxs35Hj5lEAU0cFvg3YTx6g=
14,-19,JDLvf76O7SLgW/+PtODE8a3Vd/c=,lQMeMb5uRfYIVOyN7EuizOVzbJQ=
0,-17,BODnPs86/FicQUvq+SXW6WdOvPA=,qVBJmxs35Hj5lEAU0cFvg3YTx6g=
1,-19,BODnPs86/FicQUvq+SXW6WdOvPA=,qVBJmxs35Hj5lEAU0cFvg3YTx6g=
10,-19,JDLvf76O7SLgW/+PtODE8a3Vd/c=,lQMeMb5uRfYIVOyN7EuizOVzbJQ=
13,-17,JDLvf76O7SLgW/+PtODE8a3Vd/c=,lQMeMb5uRfYIVOyN7EuizOVzbJQ=
0,-20,BODnPs86/FicQUvq+SXW6WdOvPA=,qVBJmxs35Hj5lEAU0cFvg3YTx6g=
13,-19,JDLvf76O7SLgW/+PtODE8a3Vd/c=,lQMeMb5uRfYIVOyN7EuizOVzbJQ=
10,-18,JDLvf76O7SLgW/+PtODE8a3Vd/c=,lQMeMb5uRfYIVOyN7EuizOVzbJQ=
13,-20,JDLvf76O7SLgW/+PtODE8a3Vd/c=,lQMeMb5uRfYIVOyN7EuizOVzbJQ=
15,-18,JDLvf76O7SLgW/+PtODE8a3Vd/c=,lQMeMb5uRfYIVOyN7EuizOVzbJQ=
14,-18,JDLvf76O7SLgW/+PtODE8a3Vd/c=,lQMeMb5uRfYIVOyN7EuizOVzbJQ=
12,-19,JDLvf76O7SLgW/+PtODE8a3Vd/c=,lQMeMb5uRfYIVOyN7EuizOVzbJQ=
13,-18,JDLvf76O7SLgW/+PtODE8a3Vd/c=,lQMeMb5uRfYIVOyN7EuizOVzbJQ=
12,-20,JDLvf76O7SLgW/+PtODE8a3Vd/c=,lQMeMb5uRfYIVOyN7EuizOVzbJQ=
11,-19,JDLvf76O7SLgW/+PtODE8a3Vd/c=,lQMeMb5uRfYIVOyN7EuizOVzbJQ=
12,-18,JDLvf76O7SLgW/+PtODE8a3Vd/c=,lQMeMb5uRfYIVOyN7EuizOVzbJQ=
11,-18,JDLvf76O7SLgW/+PtODE8a3Vd/c=,lQMeMb5uRfYIVOyN7EuizOVzbJQ=
12,-17,JDLvf76O7SLgW/+PtODE8a3Vd/c=,lQMeMb5uRfYIVOyN7EuizOVzbJQ=
30,-14,ZrO8GTOjhO2SWLVu2DoY6ePTNk0=,lQMeMb5uRfYIVOyN7EuizOVzbJQ=
26,-6,ZrO8GTOjhO2SWLVu2DoY6ePTNk0=,lQMeMb5uRfYIVOyN7EuizOVzbJQ=
29,-14,ZrO8GTOjhO2SWLVu2DoY6ePTNk0=,lQMeMb5uRfYIVOyN7EuizOVzbJQ=
25,-6,ZrO8GTOjhO2SWLVu2DoY6ePTNk0=,lQMeMb5uRfYIVOyN7EuizOVzbJQ=
30,-15,ZrO8GTOjhO2SWLVu2DoY6ePTNk0=,lQMeMb5uRfYIVOyN7EuizOVzbJQ=
26,-7,ZrO8GTOjhO2SWLVu2DoY6ePTNk0=,lQMeMb5uRfYIVOyN7EuizOVzbJQ=
29,-15,ZrO8GTOjhO2SWLVu2DoY6ePTNk0=,lQMeMb5uRfYIVOyN7EuizOVzbJQ=
25,-7,ZrO8GTOjhO2SWLVu2DoY6ePTNk0=,lQMeMb5uRfYIVOyN7EuizOVzbJQ=
30,-10,ZrO8GTOjhO2SWLVu2DoY6ePTNk0=,lQMeMb5uRfYIVOyN7EuizOVzbJQ=
29,-10,ZrO8GTOjhO2SWLVu2DoY6ePTNk0=,lQMeMb5uRfYIVOyN7EuizOVzbJQ=
30,-12,ZrO8GTOjhO2SWLVu2DoY6ePTNk0=,lQMeMb5uRfYIVOyN7EuizOVzbJQ=
29,-12,ZrO8GTOjhO2SWLVu2DoY6ePTNk0=,lQMeMb5uRfYIVOyN7EuizOVzbJQ=
30,-8,ZrO8GTOjhO2SWLVu2DoY6ePTNk0=,lQMeMb5uRfYIVOyN7EuizOVzbJQ=
30,-11,ZrO8GTOjhO2SWLVu2DoY6ePTNk0=,lQMeMb5uRfYIVOyN7EuizOVzbJQ=
29,-8,ZrO8GTOjhO2SWLVu2DoY6ePTNk0=,lQMeMb5uRfYIVOyN7EuizOVzbJQ=
29,-11,ZrO8GTOjhO2SWLVu2DoY6ePTNk0=,lQMeMb5uRfYIVOyN7EuizOVzbJQ=
27,-6,ZrO8GTOjhO2SWLVu2DoY6ePTNk0=,lQMeMb5uRfYIVOyN7EuizOVzbJQ=
30,-13,ZrO8GTOjhO2SWLVu2DoY6ePTNk0=,lQMeMb5uRfYIVOyN7EuizOVzbJQ=
30,-9,ZrO8GTOjhO2SWLVu2DoY6ePTNk0=,lQMeMb5uRfYIVOyN7EuizOVzbJQ=
29,-13,ZrO8GTOjhO2SWLVu2DoY6ePTNk0=,lQMeMb5uRfYIVOyN7EuizOVzbJQ=
30,-6,ZrO8GTOjhO2SWLVu2DoY6ePTNk0=,lQMeMb5uRfYIVOyN7EuizOVzbJQ=
26,-2,ZrO8GTOjhO2SWLVu2DoY6ePTNk0=,lQMeMb5uRfYIVOyN7EuizOVzbJQ=
29,-6,ZrO8GTOjhO2SWLVu2DoY6ePTNk0=,lQMeMb5uRfYIVOyN7EuizOVzbJQ=
25,-2,ZrO8GTOjhO2SWLVu2DoY6ePTNk0=,lQMeMb5uRfYIVOyN7EuizOVzbJQ=
28,-6,ZrO8GTOjhO2SWLVu2DoY6ePTNk0=,lQMeMb5uRfYIVOyN7EuizOVzbJQ=
26,-3,ZrO8GTOjhO2SWLVu2DoY6ePTNk0=,lQMeMb5uRfYIVOyN7EuizOVzbJQ=
30,-7,ZrO8GTOjhO2SWLVu2DoY6ePTNk0=,lQMeMb5uRfYIVOyN7EuizOVzbJQ=
25,-3,ZrO8GTOjhO2SWLVu2DoY6ePTNk0=,lQMeMb5uRfYIVOyN7EuizOVzbJQ=
27,-7,ZrO8GTOjhO2SWLVu2DoY6ePTNk0=,lQMeMb5uRfYIVOyN7EuizOVzbJQ=
26,-4,ZrO8GTOjhO2SWLVu2DoY6ePTNk0=,lQMeMb5uRfYIVOyN7EuizOVzbJQ=
29,-9,ZrO8GTOjhO2SWLVu2DoY6ePTNk0=,lQMeMb5uRfYIVOyN7EuizOVzbJQ=
25,-4,ZrO8GTOjhO2SWLVu2DoY6ePTNk0=,lQMeMb5uRfYIVOyN7EuizOVzbJQ=
29,-7,ZrO8GTOjhO2SWLVu2DoY6ePTNk0=,lQMeMb5uRfYIVOyN7EuizOVzbJQ=
26,-5,ZrO8GTOjhO2SWLVu2DoY6ePTNk0=,lQMeMb5uRfYIVOyN7EuizOVzbJQ=
28,-7,ZrO8GTOjhO2SWLVu2DoY6ePTNk0=,lQMeMb5uRfYIVOyN7EuizOVzbJQ=
25,-5,ZrO8GTOjhO2SWLVu2DoY6ePTNk0=,lQMeMb5uRfYIVOyN7EuizOVzbJQ=
18,-7,ZrO8GTOjhO2SWLVu2DoY6ePTNk0=,lQMeMb5uRfYIVOyN7EuizOVzbJQ=
17,-7,ZrO8GTOjhO2SWLVu2DoY6ePTNk0=,lQMeMb5uRfYIVOyN7EuizOVzbJQ=
20,-7,ZrO8GTOjhO2SWLVu2DoY6ePTNk0=,lQMeMb5uRfYIVOyN7EuizOVzbJQ=
18,-6,ZrO8GTOjhO2SWLVu2DoY6ePTNk0=,lQMeMb5uRfYIVOyN7EuizOVzbJQ=
19,-7,ZrO8GTOjhO2SWLVu2DoY6ePTNk0=,lQMeMb5uRfYIVOyN7EuizOVzbJQ=
17,-6,ZrO8GTOjhO2SWLVu2DoY6ePTNk0=,lQMeMb5uRfYIVOyN7EuizOVzbJQ=
23,-6,ZrO8GTOjhO2SWLVu2DoY6ePTNk0=,lQMeMb5uRfYIVOyN7EuizOVzbJQ=
22,-6,ZrO8GTOjhO2SWLVu2DoY6ePTNk0=,lQMeMb5uRfYIVOyN7EuizOVzbJQ=
21,-6,ZrO8GTOjhO2SWLVu2DoY6ePTNk0=,lQMeMb5uRfYIVOyN7EuizOVzbJQ=
19,-6,ZrO8GTOjhO2SWLVu2DoY6ePTNk0=,lQMeMb5uRfYIVOyN7EuizOVzbJQ=
20,-6,ZrO8GTOjhO2SWLVu2DoY6ePTNk0=,lQMeMb5uRfYIVOyN7EuizOVzbJQ=
23,-7,ZrO8GTOjhO2SWLVu2DoY6ePTNk0=,lQMeMb5uRfYIVOyN7EuizOVzbJQ=
22,-7,ZrO8GTOjhO2SWLVu2DoY6ePTNk0=,lQMeMb5uRfYIVOyN7EuizOVzbJQ=
21,-7,ZrO8GTOjhO2SWLVu2DoY6ePTNk0=,lQMeMb5uRfYIVOyN7EuizOVzbJQ=
30,-4,ZrO8GTOjhO2SWLVu2DoY6ePTNk0=,lQMeMb5uRfYIVOyN7EuizOVzbJQ=
24,-6,ZrO8GTOjhO2SWLVu2DoY6ePTNk0=,lQMeMb5uRfYIVOyN7EuizOVzbJQ=
29,-4,ZrO8GTOjhO2SWLVu2DoY6ePTNk0=,lQMeMb5uRfYIVOyN7EuizOVzbJQ=
24,-7,ZrO8GTOjhO2SWLVu2DoY6ePTNk0=,lQMeMb5uRfYIVOyN7EuizOVzbJQ=
28,-4,ZrO8GTOjhO2SWLVu2DoY6ePTNk0=,lQMeMb5uRfYIVOyN7EuizOVzbJQ=
27,-5,ZrO8GTOjhO2SWLVu2DoY6ePTNk0=,lQMeMb5uRfYIVOyN7EuizOVzbJQ=
30,-2,ZrO8GTOjhO2SWLVu2DoY6ePTNk0=,lQMeMb5uRfYIVOyN7EuizOVzbJQ=
27,-2,ZrO8GTOjhO2SWLVu2DoY6ePTNk0=,lQMeMb5uRfYIVOyN7EuizOVzbJQ=
29,-2,ZrO8GTOjhO2SWLVu2DoY6ePTNk0=,lQMeMb5uRfYIVOyN7EuizOVzbJQ=
27,-3,ZrO8GTOjhO2SWLVu2DoY6ePTNk0=,lQMeMb5uRfYIVOyN7EuizOVzbJQ=
27,-4,ZrO8GTOjhO2SWLVu2DoY6ePTNk0=,lQMeMb5uRfYIVOyN7EuizOVzbJQ=
28,-2,ZrO8GTOjhO2SWLVu2DoY6ePTNk0=,lQMeMb5uRfYIVOyN7EuizOVzbJQ=
30,-5,ZrO8GTOjhO2SWLVu2DoY6ePTNk0=,lQMeMb5uRfYIVOyN7EuizOVzbJQ=
29,-5,ZrO8GTOjhO2SWLVu2DoY6ePTNk0=,lQMeMb5uRfYIVOyN7EuizOVzbJQ=
16,-6,ZrO8GTOjhO2SWLVu2DoY6ePTNk0=,lQMeMb5uRfYIVOyN7EuizOVzbJQ=
28,-5,ZrO8GTOjhO2SWLVu2DoY6ePTNk0=,lQMeMb5uRfYIVOyN7EuizOVzbJQ=
16,-7,ZrO8GTOjhO2SWLVu2DoY6ePTNk0=,lQMeMb5uRfYIVOyN7EuizOVzbJQ=
30,-3,ZrO8GTOjhO2SWLVu2DoY6ePTNk0=,lQMeMb5uRfYIVOyN7EuizOVzbJQ=
22,-1,ZrO8GTOjhO2SWLVu2DoY6ePTNk0=,lQMeMb5uRfYIVOyN7EuizOVzbJQ=
29,-3,ZrO8GTOjhO2SWLVu2DoY6ePTNk0=,lQMeMb5uRfYIVOyN7EuizOVzbJQ=
23,-3,ZrO8GTOjhO2SWLVu2DoY6ePTNk0=,lQMeMb5uRfYIVOyN7EuizOVzbJQ=
28,-3,ZrO8GTOjhO2SWLVu2DoY6ePTNk0=,lQMeMb5uRfYIVOyN7EuizOVzbJQ=
22,-3,ZrO8GTOjhO2SWLVu2DoY6ePTNk0=,lQMeMb5uRfYIVOyN7EuizOVzbJQ=
21,-4,ZrO8GTOjhO2SWLVu2DoY6ePTNk0=,lQMeMb5uRfYIVOyN7EuizOVzbJQ=
21,-3,ZrO8GTOjhO2SWLVu2DoY6ePTNk0=,lQMeMb5uRfYIVOyN7EuizOVzbJQ=
23,-4,ZrO8GTOjhO2SWLVu2DoY6ePTNk0=,lQMeMb5uRfYIVOyN7EuizOVzbJQ=
24,-2,ZrO8GTOjhO2SWLVu2DoY6ePTNk0=,lQMeMb5uRfYIVOyN7EuizOVzbJQ=
24,-3,ZrO8GTOjhO2SWLVu2DoY6ePTNk0=,lQMeMb5uRfYIVOyN7EuizOVzbJQ=
24,-4,ZrO8GTOjhO2SWLVu2DoY6ePTNk0=,lQMeMb5uRfYIVOyN7EuizOVzbJQ=
23,-5,ZrO8GTOjhO2SWLVu2DoY6ePTNk0=,lQMeMb5uRfYIVOyN7EuizOVzbJQ=
22,-4,ZrO8GTOjhO2SWLVu2DoY6ePTNk0=,lQMeMb5uRfYIVOyN7EuizOVzbJQ=
23,-2,ZrO8GTOjhO2SWLVu2DoY6ePTNk0=,lQMeMb5uRfYIVOyN7EuizOVzbJQ=
21,-1,ZrO8GTOjhO2SWLVu2DoY6ePTNk0=,lQMeMb5uRfYIVOyN7EuizOVzbJQ=
17,-8,ZrO8GTOjhO2SWLVu2DoY6ePTNk0=,lQMeMb5uRfYIVOyN7EuizOVzbJQ=
22,-5,ZrO8GTOjhO2SWLVu2DoY6ePTNk0=,lQMeMb5uRfYIVOyN7EuizOVzbJQ=
18,-9,ZrO8GTOjhO2SWLVu2DoY6ePTNk0=,lQMeMb5uRfYIVOyN7EuizOVzbJQ=
20,-1,ZrO8GTOjhO2SWLVu2DoY6ePTNk0=,lQMeMb5uRfYIVOyN7EuizOVzbJQ=
18,-13,ZrO8GTOjhO2SWLVu2DoY6ePTNk0=,lQMeMb5uRfYIVOyN7EuizOVzbJQ=
17,-9,ZrO8GTOjhO2SWLVu2DoY6ePTNk0=,lQMeMb5uRfYIVOyN7EuizOVzbJQ=
22,-2,ZrO8GTOjhO2SWLVu2DoY6ePTNk0=,lQMeMb5uRfYIVOyN7EuizOVzbJQ=
17,-13,ZrO8GTOjhO2SWLVu2DoY6ePTNk0=,lQMeMb5uRfYIVOyN7EuizOVzbJQ=
19,-3,ZrO8GTOjhO2SWLVu2DoY6ePTNk0=,lQMeMb5uRfYIVOyN7EuizOVzbJQ=
18,-10,ZrO8GTOjhO2SWLVu2DoY6ePTNk0=,lQMeMb5uRfYIVOyN7EuizOVzbJQ=
24,-5,ZrO8GTOjhO2SWLVu2DoY6ePTNk0=,lQMeMb5uRfYIVOyN7EuizOVzbJQ=
18,-14,ZrO8GTOjhO2SWLVu2DoY6ePTNk0=,lQMeMb5uRfYIVOyN7EuizOVzbJQ=
21,-5,ZrO8GTOjhO2SWLVu2DoY6ePTNk0=,lQMeMb5uRfYIVOyN7EuizOVzbJQ=
17,-10,ZrO8GTOjhO2SWLVu2DoY6ePTNk0=,lQMeMb5uRfYIVOyN7EuizOVzbJQ=
20,-3,ZrO8GTOjhO2SWLVu2DoY6ePTNk0=,lQMeMb5uRfYIVOyN7EuizOVzbJQ=
17,-14,ZrO8GTOjhO2SWLVu2DoY6ePTNk0=,lQMeMb5uRfYIVOyN7EuizOVzbJQ=
18,-8,ZrO8GTOjhO2SWLVu2DoY6ePTNk0=,lQMeMb5uRfYIVOyN7EuizOVzbJQ=
21,-2,ZrO8GTOjhO2SWLVu2DoY6ePTNk0=,lQMeMb5uRfYIVOyN7EuizOVzbJQ=
18,-12,ZrO8GTOjhO2SWLVu2DoY6ePTNk0=,lQMeMb5uRfYIVOyN7EuizOVzbJQ=
20,-2,ZrO8GTOjhO2SWLVu2DoY6ePTNk0=,lQMeMb5uRfYIVOyN7EuizOVzbJQ=
18,-11,ZrO8GTOjhO2SWLVu2DoY6ePTNk0=,lQMeMb5uRfYIVOyN7EuizOVzbJQ=
19,-8,ZrO8GTOjhO2SWLVu2DoY6ePTNk0=,lQMeMb5uRfYIVOyN7EuizOVzbJQ=
17,-12,ZrO8GTOjhO2SWLVu2DoY6ePTNk0=,lQMeMb5uRfYIVOyN7EuizOVzbJQ=
17,-11,ZrO8GTOjhO2SWLVu2DoY6ePTNk0=,lQMeMb5uRfYIVOyN7EuizOVzbJQ=
17,-2,ZrO8GTOjhO2SWLVu2DoY6ePTNk0=,lQMeMb5uRfYIVOyN7EuizOVzbJQ=
19,-9,ZrO8GTOjhO2SWLVu2DoY6ePTNk0=,lQMeMb5uRfYIVOyN7EuizOVzbJQ=
18,-15,ZrO8GTOjhO2SWLVu2DoY6ePTNk0=,lQMeMb5uRfYIVOyN7EuizOVzbJQ=
31,-14,ZrO8GTOjhO2SWLVu2DoY6ePTNk0=,lQMeMb5uRfYIVOyN7EuizOVzbJQ=
17,-15,ZrO8GTOjhO2SWLVu2DoY6ePTNk0=,lQMeMb5uRfYIVOyN7EuizOVzbJQ=
19,-10,ZrO8GTOjhO2SWLVu2DoY6ePTNk0=,lQMeMb5uRfYIVOyN7EuizOVzbJQ=
18,-3,ZrO8GTOjhO2SWLVu2DoY6ePTNk0=,lQMeMb5uRfYIVOyN7EuizOVzbJQ=
31,-15,ZrO8GTOjhO2SWLVu2DoY6ePTNk0=,lQMeMb5uRfYIVOyN7EuizOVzbJQ=
22,-8,ZrO8GTOjhO2SWLVu2DoY6ePTNk0=,lQMeMb5uRfYIVOyN7EuizOVzbJQ=
31,-12,ZrO8GTOjhO2SWLVu2DoY6ePTNk0=,lQMeMb5uRfYIVOyN7EuizOVzbJQ=
16,-5,ZrO8GTOjhO2SWLVu2DoY6ePTNk0=,lQMeMb5uRfYIVOyN7EuizOVzbJQ=
31,-8,ZrO8GTOjhO2SWLVu2DoY6ePTNk0=,lQMeMb5uRfYIVOyN7EuizOVzbJQ=
31,-10,ZrO8GTOjhO2SWLVu2DoY6ePTNk0=,lQMeMb5uRfYIVOyN7EuizOVzbJQ=
19,-11,ZrO8GTOjhO2SWLVu2DoY6ePTNk0=,lQMeMb5uRfYIVOyN7EuizOVzbJQ=
20,-4,ZrO8GTOjhO2SWLVu2DoY6ePTNk0=,lQMeMb5uRfYIVOyN7EuizOVzbJQ=
21,-8,ZrO8GTOjhO2SWLVu2DoY6ePTNk0=,lQMeMb5uRfYIVOyN7EuizOVzbJQ=
31,-11,ZrO8GTOjhO2SWLVu2DoY6ePTNk0=,lQMeMb5uRfYIVOyN7EuizOVzbJQ=
31,-9,ZrO8GTOjhO2SWLVu2DoY6ePTNk0=,lQMeMb5uRfYIVOyN7EuizOVzbJQ=
19,-1,ZrO8GTOjhO2SWLVu2DoY6ePTNk0=,lQMeMb5uRfYIVOyN7EuizOVzbJQ=
20,-8,ZrO8GTOjhO2SWLVu2DoY6ePTNk0=,lQMeMb5uRfYIVOyN7EuizOVzbJQ=
31,-6,ZrO8GTOjhO2SWLVu2DoY6ePTNk0=,lQMeMb5uRfYIVOyN7EuizOVzbJQ=
31,-13,ZrO8GTOjhO2SWLVu2DoY6ePTNk0=,lQMeMb5uRfYIVOyN7EuizOVzbJQ=
31,-7,ZrO8GTOjhO2SWLVu2DoY6ePTNk0=,lQMeMb5uRfYIVOyN7EuizOVzbJQ=
18,-1,ZrO8GTOjhO2SWLVu2DoY6ePTNk0=,lQMeMb5uRfYIVOyN7EuizOVzbJQ=
31,-4,ZrO8GTOjhO2SWLVu2DoY6ePTNk0=,lQMeMb5uRfYIVOyN7EuizOVzbJQ=
16,-2,ZrO8GTOjhO2SWLVu2DoY6ePTNk0=,lQMeMb5uRfYIVOyN7EuizOVzbJQ=
30,-1,ZrO8GTOjhO2SWLVu2DoY6ePTNk0=,lQMeMb5uRfYIVOyN7EuizOVzbJQ=
27,-1,ZrO8GTOjhO2SWLVu2DoY6ePTNk0=,lQMeMb5uRfYIVOyN7EuizOVzbJQ=
31,-2,ZrO8GTOjhO2SWLVu2DoY6ePTNk0=,lQMeMb5uRfYIVOyN7EuizOVzbJQ=
29,-1,ZrO8GTOjhO2SWLVu2DoY6ePTNk0=,lQMeMb5uRfYIVOyN7EuizOVzbJQ=
26,-1,ZrO8GTOjhO2SWLVu2DoY6ePTNk0=,lQMeMb5uRfYIVOyN7EuizOVzbJQ=
17,-1,ZrO8GTOjhO2SWLVu2DoY6ePTNk0=,lQMeMb5uRfYIVOyN7EuizOVzbJQ=
31,-3,ZrO8GTOjhO2SWLVu2DoY6ePTNk0=,lQMeMb5uRfYIVOyN7EuizOVzbJQ=
23,-8,ZrO8GTOjhO2SWLVu2DoY6ePTNk0=,lQMeMb5uRfYIVOyN7EuizOVzbJQ=
25,-1,ZrO8GTOjhO2SWLVu2DoY6ePTNk0=,lQMeMb5uRfYIVOyN7EuizOVzbJQ=
17,-3,ZrO8GTOjhO2SWLVu2DoY6ePTNk0=,lQMeMb5uRfYIVOyN7EuizOVzbJQ=
31,-5,ZrO8GTOjhO2SWLVu2DoY6ePTNk0=,lQMeMb5uRfYIVOyN7EuizOVzbJQ=
27,-8,ZrO8GTOjhO2SWLVu2DoY6ePTNk0=,lQMeMb5uRfYIVOyN7EuizOVzbJQ=
17,-4,ZrO8GTOjhO2SWLVu2DoY6ePTNk0=,lQMeMb5uRfYIVOyN7EuizOVzbJQ=
24,-1,ZrO8GTOjhO2SWLVu2DoY6ePTNk0=,lQMeMb5uRfYIVOyN7EuizOVzbJQ=
26,-8,ZrO8GTOjhO2SWLVu2DoY6ePTNk0=,lQMeMb5uRfYIVOyN7EuizOVzbJQ=
16,-15,ZrO8GTOjhO2SWLVu2DoY6ePTNk0=,lQMeMb5uRfYIVOyN7EuizOVzbJQ=
16,-3,ZrO8GTOjhO2SWLVu2DoY6ePTNk0=,lQMeMb5uRfYIVOyN7EuizOVzbJQ=
25,-8,ZrO8GTOjhO2SWLVu2DoY6ePTNk0=,lQMeMb5uRfYIVOyN7EuizOVzbJQ=
28,-1,ZrO8GTOjhO2SWLVu2DoY6ePTNk0=,lQMeMb5uRfYIVOyN7EuizOVzbJQ=
16,-14,ZrO8GTOjhO2SWLVu2DoY6ePTNk0=,lQMeMb5uRfYIVOyN7EuizOVzbJQ=
19,-2,ZrO8GTOjhO2SWLVu2DoY6ePTNk0=,lQMeMb5uRfYIVOyN7EuizOVzbJQ=
24,-8,ZrO8GTOjhO2SWLVu2DoY6ePTNk0=,lQMeMb5uRfYIVOyN7EuizOVzbJQ=
23,-1,ZrO8GTOjhO2SWLVu2DoY6ePTNk0=,lQMeMb5uRfYIVOyN7EuizOVzbJQ=
16,-8,ZrO8GTOjhO2SWLVu2DoY6ePTNk0=,lQMeMb5uRfYIVOyN7EuizOVzbJQ=
18,-2,ZrO8GTOjhO2SWLVu2DoY6ePTNk0=,lQMeMb5uRfYIVOyN7EuizOVzbJQ=
28,-14,ZrO8GTOjhO2SWLVu2DoY6ePTNk0=,lQMeMb5uRfYIVOyN7EuizOVzbJQ=
28,-10,ZrO8GTOjhO2SWLVu2DoY6ePTNk0=,lQMeMb5uRfYIVOyN7EuizOVzbJQ=
28,-8,ZrO8GTOjhO2SWLVu2DoY6ePTNk0=,lQMeMb5uRfYIVOyN7EuizOVzbJQ=
28,-15,ZrO8GTOjhO2SWLVu2DoY6ePTNk0=,lQMeMb5uRfYIVOyN7EuizOVzbJQ=
16,-13,ZrO8GTOjhO2SWLVu2DoY6ePTNk0=,lQMeMb5uRfYIVOyN7EuizOVzbJQ=
16,-4,ZrO8GTOjhO2SWLVu2DoY6ePTNk0=,lQMeMb5uRfYIVOyN7EuizOVzbJQ=
28,-12,ZrO8GTOjhO2SWLVu2DoY6ePTNk0=,lQMeMb5uRfYIVOyN7EuizOVzbJQ=
28,-11,ZrO8GTOjhO2SWLVu2DoY6ePTNk0=,lQMeMb5uRfYIVOyN7EuizOVzbJQ=
16,-9,ZrO8GTOjhO2SWLVu2DoY6ePTNk0=,lQMeMb5uRfYIVOyN7EuizOVzbJQ=
19,-4,ZrO8GTOjhO2SWLVu2DoY6ePTNk0=,lQMeMb5uRfYIVOyN7EuizOVzbJQ=
16,-10,ZrO8GTOjhO2SWLVu2DoY6ePTNk0=,lQMeMb5uRfYIVOyN7EuizOVzbJQ=
19,-5,ZrO8GTOjhO2SWLVu2DoY6ePTNk0=,lQMeMb5uRfYIVOyN7EuizOVzbJQ=
28,-13,ZrO8GTOjhO2SWLVu2DoY6ePTNk0=,lQMeMb5uRfYIVOyN7EuizOVzbJQ=
28,-9,ZrO8GTOjhO2SWLVu2DoY6ePTNk0=,lQMeMb5uRfYIVOyN7EuizOVzbJQ=
30,-16,ZrO8GTOjhO2SWLVu2DoY6ePTNk0=,lQMeMb5uRfYIVOyN7EuizOVzbJQ=
18,-5,ZrO8GTOjhO2SWLVu2DoY6ePTNk0=,lQMeMb5uRfYIVOyN7EuizOVzbJQ=
31,-16,ZrO8GTOjhO2SWLVu2DoY6ePTNk0=,lQMeMb5uRfYIVOyN7EuizOVzbJQ=
16,-11,ZrO8GTOjhO2SWLVu2DoY6ePTNk0=,lQMeMb5uRfYIVOyN7EuizOVzbJQ=
29,-16,ZrO8GTOjhO2SWLVu2DoY6ePTNk0=,lQMeMb5uRfYIVOyN7EuizOVzbJQ=
17,-5,ZrO8GTOjhO2SWLVu2DoY6ePTNk0=,lQMeMb5uRfYIVOyN7EuizOVzbJQ=
18,-16,ZrO8GTOjhO2SWLVu2DoY6ePTNk0=,lQMeMb5uRfYIVOyN7EuizOVzbJQ=
16,-12,ZrO8GTOjhO2SWLVu2DoY6ePTNk0=,lQMeMb5uRfYIVOyN7EuizOVzbJQ=
19,-16,ZrO8GTOjhO2SWLVu2DoY6ePTNk0=,lQMeMb5uRfYIVOyN7EuizOVzbJQ=
17,-16,ZrO8GTOjhO2SWLVu2DoY6ePTNk0=,lQMeMb5uRfYIVOyN7EuizOVzbJQ=
20,-5,ZrO8GTOjhO2SWLVu2DoY6ePTNk0=,lQMeMb5uRfYIVOyN7EuizOVzbJQ=
16,-16,ZrO8GTOjhO2SWLVu2DoY6ePTNk0=,lQMeMb5uRfYIVOyN7EuizOVzbJQ=
19,-13,ZrO8GTOjhO2SWLVu2DoY6ePTNk0=,lQMeMb5uRfYIVOyN7EuizOVzbJQ=
18,-4,ZrO8GTOjhO2SWLVu2DoY6ePTNk0=,lQMeMb5uRfYIVOyN7EuizOVzbJQ=
31,-1,ZrO8GTOjhO2SWLVu2DoY6ePTNk0=,lQMeMb5uRfYIVOyN7EuizOVzbJQ=
19,-14,ZrO8GTOjhO2SWLVu2DoY6ePTNk0=,lQMeMb5uRfYIVOyN7EuizOVzbJQ=
28,-16,ZrO8GTOjhO2SWLVu2DoY6ePTNk0=,lQMeMb5uRfYIVOyN7EuizOVzbJQ=
19,-12,ZrO8GTOjhO2SWLVu2DoY6ePTNk0=,lQMeMb5uRfYIVOyN7EuizOVzbJQ=
16,-1,ZrO8GTOjhO2SWLVu2DoY6ePTNk0=,lQMeMb5uRfYIVOyN7EuizOVzbJQ=
19,-15,ZrO8GTOjhO2SWLVu2DoY6ePTNk0=,lQMeMb5uRfYIVOyN7EuizOVzbJQ=
16,-18,ZrO8GTOjhO2SWLVu2DoY6ePTNk0=,lQMeMb5uRfYIVOyN7EuizOVzbJQ=
18,-18,ZrO8GTOjhO2SWLVu2DoY6ePTNk0=,lQMeMb5uRfYIVOyN7EuizOVzbJQ=
19,-19,ZrO8GTOjhO2SWLVu2DoY6ePTNk0=,lQMeMb5uRfYIVOyN7EuizOVzbJQ=
17,-18,ZrO8GTOjhO2SWLVu2DoY6ePTNk0=,lQMeMb5uRfYIVOyN7EuizOVzbJQ=
19,-20,ZrO8GTOjhO2SWLVu2DoY6ePTNk0=,lQMeMb5uRfYIVOyN7EuizOVzbJQ=
19,-18,ZrO8GTOjhO2SWLVu2DoY6ePTNk0=,lQMeMb5uRfYIVOyN7EuizOVzbJQ=
18,-20,ZrO8GTOjhO2SWLVu2DoY6ePTNk0=,lQMeMb5uRfYIVOyN7EuizOVzbJQ=
18,-19,ZrO8GTOjhO2SWLVu2DoY6ePTNk0=,lQMeMb5uRfYIVOyN7EuizOVzbJQ=
17,-17,ZrO8GTOjhO2SWLVu2DoY6ePTNk0=,lQMeMb5uRfYIVOyN7EuizOVzbJQ=
16,-17,ZrO8GTOjhO2SWLVu2DoY6ePTNk0=,lQMeMb5uRfYIVOyN7EuizOVzbJQ=
17,-20,ZrO8GTOjhO2SWLVu2DoY6ePTNk0=,lQMeMb5uRfYIVOyN7EuizOVzbJQ=
19,-17,ZrO8GTOjhO2SWLVu2DoY6ePTNk0=,lQMeMb5uRfYIVOyN7EuizOVzbJQ=
17,-19,ZrO8GTOjhO2SWLVu2DoY6ePTNk0=,lQMeMb5uRfYIVOyN7EuizOVzbJQ=
16,-20,ZrO8GTOjhO2SWLVu2DoY6ePTNk0=,lQMeMb5uRfYIVOyN7EuizOVzbJQ=
16,-19,ZrO8GTOjhO2SWLVu2DoY6ePTNk0=,lQMeMb5uRfYIVOyN7EuizOVzbJQ=
18,-17,ZrO8GTOjhO2SWLVu2DoY6ePTNk0=,lQMeMb5uRfYIVOyN7EuizOVzbJQ=
1,-31,0XRIMwOxF3APEw18D38wM47V1IY=,r7BpnUygBse/Gx5F1Q4AAFmcd50=
1,-30,0XRIMwOxF3APEw18D38wM47V1IY=,r7BpnUygBse/Gx5F1Q4AAFmcd50=
2,-30,0XRIMwOxF3APEw18D38wM47V1IY=,r7BpnUygBse/Gx5F1Q4AAFmcd50=
2,-31,0XRIMwOxF3APEw18D38wM47V1IY=,r7BpnUygBse/Gx5F1Q4AAFmcd50=
10,-26,0XRIMwOxF3APEw18D38wM47V1IY=,r7BpnUygBse/Gx5F1Q4AAFmcd50=
1,-29,0XRIMwOxF3APEw18D38wM47V1IY=,r7BpnUygBse/Gx5F1Q4AAFmcd50=
9,-26,0XRIMwOxF3APEw18D38wM47V1IY=,r7BpnUygBse/Gx5F1Q4AAFmcd50=
2,-29,0XRIMwOxF3APEw18D38wM47V1IY=,r7BpnUygBse/Gx5F1Q4AAFmcd50=
10,-27,0XRIMwOxF3APEw18D38wM47V1IY=,r7BpnUygBse/Gx5F1Q4AAFmcd50=
2,-28,0XRIMwOxF3APEw18D38wM47V1IY=,r7BpnUygBse/Gx5F1Q4AAFmcd50=
9,-27,0XRIMwOxF3APEw18D38wM47V1IY=,r7BpnUygBse/Gx5F1Q4AAFmcd50=
1,-28,0XRIMwOxF3APEw18D38wM47V1IY=,r7BpnUygBse/Gx5F1Q4AAFmcd50=
2,-26,0XRIMwOxF3APEw18D38wM47V1IY=,r7BpnUygBse/Gx5F1Q4AAFmcd50=
1,-26,0XRIMwOxF3APEw18D38wM47V1IY=,r7BpnUygBse/Gx5F1Q4AAFmcd50=
2,-27,0XRIMwOxF3APEw18D38wM47V1IY=,r7BpnUygBse/Gx5F1Q4AAFmcd50=
7,-26,0XRIMwOxF3APEw18D38wM47V1IY=,r7BpnUygBse/Gx5F1Q4AAFmcd50=
1,-27,0XRIMwOxF3APEw18D38wM47V1IY=,r7BpnUygBse/Gx5F1Q4AAFmcd50=
6,-26,0XRIMwOxF3APEw18D38wM47V1IY=,r7BpnUygBse/Gx5F1Q4AAFmcd50=
5,-26,0XRIMwOxF3APEw18D38wM47V1IY=,r7BpnUygBse/Gx5F1Q4AAFmcd50=
4,-26,0XRIMwOxF3APEw18D38wM47V1IY=,r7BpnUygBse/Gx5F1Q4AAFmcd50=
3,-29,0XRIMwOxF3APEw18D38wM47V1IY=,r7BpnUygBse/Gx5F1Q4AAFmcd50=
8,-26,0XRIMwOxF3APEw18D38wM47V1IY=,r7BpnUygBse/Gx5F1Q4AAFmcd50=
7,-27,0XRIMwOxF3APEw18D38wM47V1IY=,r7BpnUygBse/Gx5F1Q4AAFmcd50=
6,-30,0XRIMwOxF3APEw18D38wM47V1IY=,r7BpnUygBse/Gx5F1Q4AAFmcd50=
6,-27,0XRIMwOxF3APEw18D38wM47V1IY=,r7BpnUygBse/Gx5F1Q4AAFmcd50=
5,-28,0XRIMwOxF3APEw18D38wM47V1IY=,r7BpnUygBse/Gx5F1Q4AAFmcd50=
5,-27,0XRIMwOxF3APEw18D38wM47V1IY=,r7BpnUygBse/Gx5F1Q4AAFmcd50=
3,-28,0XRIMwOxF3APEw18D38wM47V1IY=,r7BpnUygBse/Gx5F1Q4AAFmcd50=
8,-27,0XRIMwOxF3APEw18D38wM47V1IY=,r7BpnUygBse/Gx5F1Q4AAFmcd50=
4,-27,0XRIMwOxF3APEw18D38wM47V1IY=,r7BpnUygBse/Gx5F1Q4AAFmcd50=
5,-30,0XRIMwOxF3APEw18D38wM47V1IY=,r7BpnUygBse/Gx5F1Q4AAFmcd50=
3,-26,0XRIMwOxF3APEw18D38wM47V1IY=,r7BpnUygBse/Gx5F1Q4AAFmcd50=
4,-30,0XRIMwOxF3APEw18D38wM47V1IY=,r7BpnUygBse/Gx5F1Q4AAFmcd50=
3,-27,0XRIMwOxF3APEw18D38wM47V1IY=,r7BpnUygBse/Gx5F1Q4AAFmcd50=
3,-31,0XRIMwOxF3APEw18D38wM47V1IY=,r7BpnUygBse/Gx5F1Q4AAFmcd50=
4,-28,0XRIMwOxF3APEw18D38wM47V1IY=,r7BpnUygBse/Gx5F1Q4AAFmcd50=
3,-30,0XRIMwOxF3APEw18D38wM47V1IY=,r7BpnUygBse/Gx5F1Q4AAFmcd50=
6,-31,0XRIMwOxF3APEw18D38wM47V1IY=,r7BpnUygBse/Gx5F1Q4AAFmcd50=
6,-29,0XRIMwOxF3APEw18D38wM47V1IY=,r7BpnUygBse/Gx5F1Q4AAFmcd50=
6,-28,0XRIMwOxF3APEw18D38wM47V1IY=,r7BpnUygBse/Gx5F1Q4AAFmcd50=
5,-29,0XRIMwOxF3APEw18D38wM47V1IY=,r7BpnUygBse/Gx5F1Q4AAFmcd50=
4,-29,0XRIMwOxF3APEw18D38wM47V1IY=,r7BpnUygBse/Gx5F1Q4AAFmcd50=
5,-31,0XRIMwOxF3APEw18D38wM47V1IY=,r7BpnUygBse/Gx5F1Q4AAFmcd50=
5,-24,0XRIMwOxF3APEw18D38wM47V1IY=,qVBJmxs35Hj5lEAU0cFvg3YTx6g=
4,-31,0XRIMwOxF3APEw18D38wM47V1IY=,r7BpnUygBse/Gx5F1Q4AAFmcd50=
5,-22,0XRIMwOxF3APEw18D38wM47V1IY=,qVBJmxs35Hj5lEAU0cFvg3YTx6g=
6,-25,0XRIMwOxF3APEw18D38wM47V1IY=,r7BpnUygBse/Gx5F1Q4AAFmcd50=
5,-25,0XRIMwOxF3APEw18D38wM47V1IY=,r7BpnUygBse/Gx5F1Q4AAFmcd50=
6,-23,BODnPs86/FicQUvq+SXW6WdOvPA=,qVBJmxs35Hj5lEAU0cFvg3YTx6g=
10,-28,BODnPs86/FicQUvq+SXW6WdOvPA=,r7BpnUygBse/Gx5F1Q4AAFmcd50=
5,-23,BODnPs86/FicQUvq+SXW6WdOvPA=,qVBJmxs35Hj5lEAU0cFvg3YTx6g=
10,-22,BODnPs86/FicQUvq+SXW6WdOvPA=,qVBJmxs35Hj5lEAU0cFvg3YTx6g=
7,-28,BODnPs86/FicQUvq+SXW6WdOvPA=,r7BpnUygBse/Gx5F1Q4AAFmcd50=
6,-24,BODnPs86/FicQUvq+SXW6WdOvPA=,qVBJmxs35Hj5lEAU0cFvg3YTx6g=
9,-22,BODnPs86/FicQUvq+SXW6WdOvPA=,qVBJmxs35Hj5lEAU0cFvg3YTx6g=
6,-22,BODnPs86/FicQUvq+SXW6WdOvPA=,qVBJmxs35Hj5lEAU0cFvg3YTx6g=
8,-22,BODnPs86/FicQUvq+SXW6WdOvPA=,qVBJmxs35Hj5lEAU0cFvg3YTx6g=
9,-28,BODnPs86/FicQUvq+SXW6WdOvPA=,r7BpnUygBse/Gx5F1Q4AAFmcd50=
10,-23,BODnPs86/FicQUvq+SXW6WdOvPA=,qVBJmxs35Hj5lEAU0cFvg3YTx6g=
7,-30,BODnPs86/FicQUvq+SXW6WdOvPA=,r7BpnUygBse/Gx5F1Q4AAFmcd50=
9,-23,BODnPs86/FicQUvq+SXW6WdOvPA=,qVBJmxs35Hj5lEAU0cFvg3YTx6g=
8,-23,BODnPs86/FicQUvq+SXW6WdOvPA=,qVBJmxs35Hj5lEAU0cFvg3YTx6g=
8,-28,BODnPs86/FicQUvq+SXW6WdOvPA=,r7BpnUygBse/Gx5F1Q4AAFmcd50=
4,-24,BODnPs86/FicQUvq+SXW6WdOvPA=,qVBJmxs35Hj5lEAU0cFvg3YTx6g=
7,-25,BODnPs86/FicQUvq+SXW6WdOvPA=,r7BpnUygBse/Gx5F1Q4AAFmcd50=
7,-31,BODnPs86/FicQUvq+SXW6WdOvPA=,r7BpnUygBse/Gx5F1Q4AAFmcd50=
7,-23,BODnPs86/FicQUvq+SXW6WdOvPA=,qVBJmxs35Hj5lEAU0cFvg3YTx6g=
4,-22,BODnPs86/FicQUvq+SXW6WdOvPA=,qVBJmxs35Hj5lEAU0cFvg3YTx6g=
7,-24,BODnPs86/FicQUvq+SXW6WdOvPA=,qVBJmxs35Hj5lEAU0cFvg3YTx6g=
3,-25,BODnPs86/FicQUvq+SXW6WdOvPA=,r7BpnUygBse/Gx5F1Q4AAFmcd50=
7,-29,BODnPs86/FicQUvq+SXW6WdOvPA=,r7BpnUygBse/Gx5F1Q4AAFmcd50=
10,-24,BODnPs86/FicQUvq+SXW6WdOvPA=,qVBJmxs35Hj5lEAU0cFvg3YTx6g=
4,-25,BODnPs86/FicQUvq+SXW6WdOvPA=,r7BpnUygBse/Gx5F1Q4AAFmcd50=
9,-24,BODnPs86/FicQUvq+SXW6WdOvPA=,qVBJmxs35Hj5lEAU0cFvg3YTx6g=
8,-31,BODnPs86/FicQUvq+SXW6WdOvPA=,r7BpnUygBse/Gx5F1Q4AAFmcd50=
4,-23,BODnPs86/FicQUvq+SXW6WdOvPA=,qVBJmxs35Hj5lEAU0cFvg3YTx6g=
10,-25,BODnPs86/FicQUvq+SXW6WdOvPA=,r7BpnUygBse/Gx5F1Q4AAFmcd50=
9,-31,BODnPs86/FicQUvq+SXW6WdOvPA=,r7BpnUygBse/Gx5F1Q4AAFmcd50=
8,-24,BODnPs86/FicQUvq+SXW6WdOvPA=,qVBJmxs35Hj5lEAU0cFvg3YTx6g=
2,-25,BODnPs86/FicQUvq+SXW6WdOvPA=,r7BpnUygBse/Gx5F1Q4AAFmcd50=
10,-31,BODnPs86/FicQUvq+SXW6WdOvPA=,r7BpnUygBse/Gx5F1Q4AAFmcd50=
9,-25,BODnPs86/FicQUvq+SXW6WdOvPA=,r7BpnUygBse/Gx5F1Q4AAFmcd50=
3,-22,BODnPs86/FicQUvq+SXW6WdOvPA=,qVBJmxs35Hj5lEAU0cFvg3YTx6g=
8,-25,BODnPs86/FicQUvq+SXW6WdOvPA=,r7BpnUygBse/Gx5F1Q4AAFmcd50=
2,-22,BODnPs86/FicQUvq+SXW6WdOvPA=,qVBJmxs35Hj5lEAU0cFvg3YTx6g=
8,-30,BODnPs86/FicQUvq+SXW6WdOvPA=,r7BpnUygBse/Gx5F1Q4AAFmcd50=
7,-22,BODnPs86/FicQUvq+SXW6WdOvPA=,qVBJmxs35Hj5lEAU0cFvg3YTx6g=
9,-30,BODnPs86/FicQUvq+SXW6WdOvPA=,r7BpnUygBse/Gx5F1Q4AAFmcd50=
1,-22,BODnPs86/FicQUvq+SXW6WdOvPA=,qVBJmxs35Hj5lEAU0cFvg3YTx6g=
10,-30,BODnPs86/FicQUvq+SXW6WdOvPA=,r7BpnUygBse/Gx5F1Q4AAFmcd50=
3,-24,BODnPs86/FicQUvq+SXW6WdOvPA=,qVBJmxs35Hj5lEAU0cFvg3YTx6g=
8,-29,BODnPs86/FicQUvq+SXW6WdOvPA=,r7BpnUygBse/Gx5F1Q4AAFmcd50=
1,-25,BODnPs86/FicQUvq+SXW6WdOvPA=,r7BpnUygBse/Gx5F1Q4AAFmcd50=
5,-20,BODnPs86/FicQUvq+SXW6WdOvPA=,qVBJmxs35Hj5lEAU0cFvg3YTx6g=
2,-24,BODnPs86/FicQUvq+SXW6WdOvPA=,qVBJmxs35Hj5lEAU0cFvg3YTx6g=
9,-29,BODnPs86/FicQUvq+SXW6WdOvPA=,r7BpnUygBse/Gx5F1Q4AAFmcd50=
1,-24,BODnPs86/FicQUvq+SXW6WdOvPA=,qVBJmxs35Hj5lEAU0cFvg3YTx6g=
5,-21,BODnPs86/FicQUvq+SXW6WdOvPA=,qVBJmxs35Hj5lEAU0cFvg3YTx6g=
10,-29,BODnPs86/FicQUvq+SXW6WdOvPA=,r7BpnUygBse/Gx5F1Q4AAFmcd50=
3,-23,BODnPs86/FicQUvq+SXW6WdOvPA=,qVBJmxs35Hj5lEAU0cFvg3YTx6g=
2,-21,BODnPs86/FicQUvq+SXW6WdOvPA=,qVBJmxs35Hj5lEAU0cFvg3YTx6g=
10,-21,BODnPs86/FicQUvq+SXW6WdOvPA=,qVBJmxs35Hj5lEAU0cFvg3YTx6g=
4,-21,BODnPs86/FicQUvq+SXW6WdOvPA=,qVBJmxs35Hj5lEAU0cFvg3YTx6g=
2,-23,BODnPs86/FicQUvq+SXW6WdOvPA=,qVBJmxs35Hj5lEAU0cFvg3YTx6g=
9,-21,BODnPs86/FicQUvq+SXW6WdOvPA=,qVBJmxs35Hj5lEAU0cFvg3YTx6g=
1,-21,BODnPs86/FicQUvq+SXW6WdOvPA=,qVBJmxs35Hj5lEAU0cFvg3YTx6g=
7,-18,BODnPs86/FicQUvq+SXW6WdOvPA=,qVBJmxs35Hj5lEAU0cFvg3YTx6g=
1,-23,BODnPs86/FicQUvq+SXW6WdOvPA=,qVBJmxs35Hj5lEAU0cFvg3YTx6g=
11,-22,BODnPs86/FicQUvq+SXW6WdOvPA=,qVBJmxs35Hj5lEAU0cFvg3YTx6g=
8,-21,BODnPs86/FicQUvq+SXW6WdOvPA=,qVBJmxs35Hj5lEAU0cFvg3YTx6g=
4,-20,BODnPs86/FicQUvq+SXW6WdOvPA=,qVBJmxs35Hj5lEAU0cFvg3YTx6g=
11,-23,BODnPs86/FicQUvq+SXW6WdOvPA=,qVBJmxs35Hj5lEAU0cFvg3YTx6g=
1,-32,BODnPs86/FicQUvq+SXW6WdOvPA=,r7BpnUygBse/Gx5F1Q4AAFmcd50=
6,-18,BODnPs86/FicQUvq+SXW6WdOvPA=,qVBJmxs35Hj5lEAU0cFvg3YTx6g=
7,-19,BODnPs86/FicQUvq+SXW6WdOvPA=,qVBJmxs35Hj5lEAU0cFvg3YTx6g=
2,-32,BODnPs86/FicQUvq+SXW6WdOvPA=,r7BpnUygBse/Gx5F1Q4AAFmcd50=
5,-18,BODnPs86/FicQUvq+SXW6WdOvPA=,qVBJmxs35Hj5lEAU0cFvg3YTx6g=
6,-32,BODnPs86/FicQUvq+SXW6WdOvPA=,r7BpnUygBse/Gx5F1Q4AAFmcd50=
7,-21,BODnPs86/FicQUvq+SXW6WdOvPA=,qVBJmxs35Hj5lEAU0cFvg3YTx6g=
4,-18,BODnPs86/FicQUvq+SXW6WdOvPA=,qVBJmxs35Hj5lEAU0cFvg3YTx6g=
7,-20,BODnPs86/FicQUvq+SXW6WdOvPA=,qVBJmxs35Hj5lEAU0cFvg3YTx6g=
7,-32,BODnPs86/FicQUvq+SXW6WdOvPA=,r7BpnUygBse/Gx5F1Q4AAFmcd50=
5,-32,BODnPs86/FicQUvq+SXW6WdOvPA=,r7BpnUygBse/Gx5F1Q4AAFmcd50=
6,-21,BODnPs86/FicQUvq+SXW6WdOvPA=,qVBJmxs35Hj5lEAU0cFvg3YTx6g=
8,-32,BODnPs86/FicQUvq+SXW6WdOvPA=,r7BpnUygBse/Gx5F1Q4AAFmcd50=
4,-32,BODnPs86/FicQUvq+SXW6WdOvPA=,r7BpnUygBse/Gx5F1Q4AAFmcd50=
6,-19,BODnPs86/FicQUvq+SXW6WdOvPA=,qVBJmxs35Hj5lEAU0cFvg3YTx6g=
11,-31,BODnPs86/FicQUvq+SXW6WdOvPA=,r7BpnUygBse/Gx5F1Q4AAFmcd50=
5,-19,BODnPs86/FicQUvq+SXW6WdOvPA=,qVBJmxs35Hj5lEAU0cFvg3YTx6g=
3,-32,BODnPs86/FicQUvq+SXW6WdOvPA=,r7BpnUygBse/Gx5F1Q4AAFmcd50=
11,-30,BODnPs86/FicQUvq+SXW6WdOvPA=,r7BpnUygBse/Gx5F1Q4AAFmcd50=
9,-32,BODnPs86/FicQUvq+SXW6WdOvPA=,r7BpnUygBse/Gx5F1Q4AAFmcd50=
12,-31,BODnPs86/FicQUvq+SXW6WdOvPA=,r7BpnUygBse/Gx5F1Q4AAFmcd50=
11,-28,BODnPs86/FicQUvq+SXW6WdOvPA=,r7BpnUygBse/Gx5F1Q4AAFmcd50=
10,-32,BODnPs86/FicQUvq+SXW6WdOvPA=,r7BpnUygBse/Gx5F1Q4AAFmcd50=
4,-19,BODnPs86/FicQUvq+SXW6WdOvPA=,qVBJmxs35Hj5lEAU0cFvg3YTx6g=
11,-26,BODnPs86/FicQUvq+SXW6WdOvPA=,r7BpnUygBse/Gx5F1Q4AAFmcd50=
13,-31,BODnPs86/FicQUvq+SXW6WdOvPA=,r7BpnUygBse/Gx5F1Q4AAFmcd50=
6,-20,BODnPs86/FicQUvq+SXW6WdOvPA=,qVBJmxs35Hj5lEAU0cFvg3YTx6g=
15,-31,BODnPs86/FicQUvq+SXW6WdOvPA=,r7BpnUygBse/Gx5F1Q4AAFmcd50=
11,-24,BODnPs86/FicQUvq+SXW6WdOvPA=,qVBJmxs35Hj5lEAU0cFvg3YTx6g=
15,-30,BODnPs86/FicQUvq+SXW6WdOvPA=,r7BpnUygBse/Gx5F1Q4AAFmcd50=
14,-31,BODnPs86/FicQUvq+SXW6WdOvPA=,r7BpnUygBse/Gx5F1Q4AAFmcd50=
3,-21,BODnPs86/FicQUvq+SXW6WdOvPA=,qVBJmxs35Hj5lEAU0cFvg3YTx6g=
11,-25,BODnPs86/FicQUvq+SXW6WdOvPA=,r7BpnUygBse/Gx5F1Q4AAFmcd50=
0,-32,BODnPs86/FicQUvq+SXW6WdOvPA=,r7BpnUygBse/Gx5F1Q4AAFmcd50=
12,-30,BODnPs86/FicQUvq+SXW6WdOvPA=,r7BpnUygBse/Gx5F1Q4AAFmcd50=
11,-32,BODnPs86/FicQUvq+SXW6WdOvPA=,r7BpnUygBse/Gx5F1Q4AAFmcd50=
11,-27,BODnPs86/FicQUvq+SXW6WdOvPA=,r7BpnUygBse/Gx5F1Q4AAFmcd50=
13,-30,BODnPs86/FicQUvq+SXW6WdOvPA=,r7BpnUygBse/Gx5F1Q4AAFmcd50=
0,-30,BODnPs86/FicQUvq+SXW6WdOvPA=,r7BpnUygBse/Gx5F1Q4AAFmcd50=
12,-32,BODnPs86/FicQUvq+SXW6WdOvPA=,r7BpnUygBse/Gx5F1Q4AAFmcd50=
11,-29,BODnPs86/FicQUvq+SXW6WdOvPA=,r7BpnUygBse/Gx5F1Q4AAFmcd50=
0,-31,BODnPs86/FicQUvq+SXW6WdOvPA=,r7BpnUygBse/Gx5F1Q4AAFmcd50=
14,-30,BODnPs86/FicQUvq+SXW6WdOvPA=,r7BpnUygBse/Gx5F1Q4AAFmcd50=
13,-32,BODnPs86/FicQUvq+SXW6WdOvPA=,r7BpnUygBse/Gx5F1Q4AAFmcd50=
12,-29,BODnPs86/FicQUvq+SXW6WdOvPA=,r7BpnUygBse/Gx5F1Q4AAFmcd50=
0,-27,BODnPs86/FicQUvq+SXW6WdOvPA=,r7BpnUygBse/Gx5F1Q4AAFmcd50=
13,-29,BODnPs86/FicQUvq+SXW6WdOvPA=,r7BpnUygBse/Gx5F1Q4AAFmcd50=
14,-32,BODnPs86/FicQUvq+SXW6WdOvPA=,r7BpnUygBse/Gx5F1Q4AAFmcd50=
0,-24,BODnPs86/FicQUvq+SXW6WdOvPA=,qVBJmxs35Hj5lEAU0cFvg3YTx6g=
0,-29,BODnPs86/FicQUvq+SXW6WdOvPA=,r7BpnUygBse/Gx5F1Q4AAFmcd50=
15,-32,BODnPs86/FicQUvq+SXW6WdOvPA=,r7BpnUygBse/Gx5F1Q4AAFmcd50=
14,-29,BODnPs86/FicQUvq+SXW6WdOvPA=,r7BpnUygBse/Gx5F1Q4AAFmcd50=
0,-22,BODnPs86/FicQUvq+SXW6WdOvPA=,qVBJmxs35Hj5lEAU0cFvg3YTx6g=
0,-28,BODnPs86/FicQUvq+SXW6WdOvPA=,r7BpnUygBse/Gx5F1Q4AAFmcd50=
0,-23,BODnPs86/FicQUvq+SXW6WdOvPA=,qVBJmxs35Hj5lEAU0cFvg3YTx6g=
0,-26,BODnPs86/FicQUvq+SXW6WdOvPA=,r7BpnUygBse/Gx5F1Q4AAFmcd50=
0,-25,BODnPs86/FicQUvq+SXW6WdOvPA=,r7BpnUygBse/Gx5F1Q4AAFmcd50=
6,-17,BODnPs86/FicQUvq+SXW6WdOvPA=,qVBJmxs35Hj5lEAU0cFvg3YTx6g=
5,-17,BODnPs86/FicQUvq+SXW6WdOvPA=,qVBJmxs35Hj5lEAU0cFvg3YTx6g=
0,-21,BODnPs86/FicQUvq+SXW6WdOvPA=,qVBJmxs35Hj5lEAU0cFvg3YTx6g=
7,-17,BODnPs86/FicQUvq+SXW6WdOvPA=,qVBJmxs35Hj5lEAU0cFvg3YTx6g=
4,-17,BODnPs86/FicQUvq+SXW6WdOvPA=,qVBJmxs35Hj5lEAU0cFvg3YTx6g=
11,-21,BODnPs86/FicQUvq+SXW6WdOvPA=,qVBJmxs35Hj5lEAU0cFvg3YTx6g=
15,-29,BODnPs86/FicQUvq+SXW6WdOvPA=,r7BpnUygBse/Gx5F1Q4AAFmcd50=
