-46,-2,tosQER3BLtQFFcJfnqhOR8D4aD8=,xdshJUZTKdl3a7IuWdpNxTrWYvU=
-45,-2,tosQER3BLtQFFcJfnqhOR8D4aD8=,xdshJUZTKdl3a7IuWdpNxTrWYvU=
-41,-2,tosQER3BLtQFFcJfnqhOR8D4aD8=,xdshJUZTKdl3a7IuWdpNxTrWYvU=
-37,-2,tosQER3BLtQFFcJfnqhOR8D4aD8=,xdshJUZTKdl3a7IuWdpNxTrWYvU=
-41,-3,tosQER3BLtQFFcJfnqhOR8D4aD8=,xdshJUZTKdl3a7IuWdpNxTrWYvU=
-45,-3,tosQER3BLtQFFcJfnqhOR8D4aD8=,xdshJUZTKdl3a7IuWdpNxTrWYvU=
-34,-2,+foc71SZu1Nf35Lz8bV1jF7tWOg=,KUa24JktLDZ/AT5AhSQf8whCODM=
-47,-2,tosQER3BLtQFFcJfnqhOR8D4aD8=,xdshJUZTKdl3a7IuWdpNxTrWYvU=
-35,-2,+foc71SZu1Nf35Lz8bV1jF7tWOg=,KUa24JktLDZ/AT5AhSQf8whCODM=
-46,-3,tosQER3BLtQFFcJfnqhOR8D4aD8=,xdshJUZTKdl3a7IuWdpNxTrWYvU=
-39,-2,tosQER3BLtQFFcJfnqhOR8D4aD8=,xdshJUZTKdl3a7IuWdpNxTrWYvU=
-42,-2,tosQER3BLtQFFcJfnqhOR8D4aD8=,xdshJUZTKdl3a7IuWdpNxTrWYvU=
-47,-3,tosQER3BLtQFFcJfnqhOR8D4aD8=,xdshJUZTKdl3a7IuWdpNxTrWYvU=
-36,-2,+foc71SZu1Nf35Lz8bV1jF7tWOg=,KUa24JktLDZ/AT5AhSQf8whCODM=
-43,-2,tosQER3BLtQFFcJfnqhOR8D4aD8=,xdshJUZTKdl3a7IuWdpNxTrWYvU=
-40,-2,tosQER3BLtQFFcJfnqhOR8D4aD8=,xdshJUZTKdl3a7IuWdpNxTrWYvU=
-34,-3,+foc71SZu1Nf35Lz8bV1jF7tWOg=,KUa24JktLDZ/AT5AhSQf8whCODM=
-39,-3,tosQER3BLtQFFcJfnqhOR8D4aD8=,xdshJUZTKdl3a7IuWdpNxTrWYvU=
-42,-3,tosQER3BLtQFFcJfnqhOR8D4aD8=,xdshJUZTKdl3a7IuWdpNxTrWYvU=
-43,-1,tosQER3BLtQFFcJfnqhOR8D4aD8=,xdshJUZTKdl3a7IuWdpNxTrWYvU=
-35,-3,+foc71SZu1Nf35Lz8bV1jF7tWOg=,KUa24JktLDZ/AT5AhSQf8whCODM=
-38,-2,tosQER3BLtQFFcJfnqhOR8D4aD8=,xdshJUZTKdl3a7IuWdpNxTrWYvU=
-44,-2,tosQER3BLtQFFcJfnqhOR8D4aD8=,xdshJUZTKdl3a7IuWdpNxTrWYvU=
-42,-1,tosQER3BLtQFFcJfnqhOR8D4aD8=,xdshJUZTKdl3a7IuWdpNxTrWYvU=
-43,-3,tosQER3BLtQFFcJfnqhOR8D4aD8=,xdshJUZTKdl3a7IuWdpNxTrWYvU=
-36,-3,+foc71SZu1Nf35Lz8bV1jF7tWOg=,KUa24JktLDZ/AT5AhSQf8whCODM=
-40,-3,tosQER3BLtQFFcJfnqhOR8D4aD8=,xdshJUZTKdl3a7IuWdpNxTrWYvU=
-38,-3,tosQER3BLtQFFcJfnqhOR8D4aD8=,xdshJUZTKdl3a7IuWdpNxTrWYvU=
-44,-3,tosQER3BLtQFFcJfnqhOR8D4aD8=,xdshJUZTKdl3a7IuWdpNxTrWYvU=
-38,-1,tosQER3BLtQFFcJfnqhOR8D4aD8=,xdshJUZTKdl3a7IuWdpNxTrWYvU=
-37,-3,tosQER3BLtQFFcJfnqhOR8D4aD8=,xdshJUZTKdl3a7IuWdpNxTrWYvU=
-41,-1,tosQER3BLtQFFcJfnqhOR8D4aD8=,xdshJUZTKdl3a7IuWdpNxTrWYvU=
-33,-2,+foc71SZu1Nf35Lz8bV1jF7tWOg=,KUa24JktLDZ/AT5AhSQf8whCODM=
-34,-4,+foc71SZu1Nf35Lz8bV1jF7tWOg=,KUa24JktLDZ/AT5AhSQf8whCODM=
-39,-1,tosQER3BLtQFFcJfnqhOR8D4aD8=,xdshJUZTKdl3a7IuWdpNxTrWYvU=
-37,-1,tosQER3BLtQFFcJfnqhOR8D4aD8=,xdshJUZTKdl3a7IuWdpNxTrWYvU=
-33,-3,+foc71SZu1Nf35Lz8bV1jF7tWOg=,KUa24JktLDZ/AT5AhSQf8whCODM=
-35,-4,+foc71SZu1Nf35Lz8bV1jF7tWOg=,KUa24JktLDZ/AT5AhSQf8whCODM=
-41,-4,tosQER3BLtQFFcJfnqhOR8D4aD8=,xdshJUZTKdl3a7IuWdpNxTrWYvU=
-40,-1,tosQER3BLtQFFcJfnqhOR8D4aD8=,xdshJUZTKdl3a7IuWdpNxTrWYvU=
-37,-4,tosQER3BLtQFFcJfnqhOR8D4aD8=,xdshJUZTKdl3a7IuWdpNxTrWYvU=
-42,-4,tosQER3BLtQFFcJfnqhOR8D4aD8=,xdshJUZTKdl3a7IuWdpNxTrWYvU=
-36,-1,+foc71SZu1Nf35Lz8bV1jF7tWOg=,KUa24JktLDZ/AT5AhSQf8whCODM=
-36,-4,+foc71SZu1Nf35Lz8bV1jF7tWOg=,KUa24JktLDZ/AT5AhSQf8whCODM=
-47,-4,tosQER3BLtQFFcJfnqhOR8D4aD8=,xdshJUZTKdl3a7IuWdpNxTrWYvU=
-43,-4,tosQER3BLtQFFcJfnqhOR8D4aD8=,xdshJUZTKdl3a7IuWdpNxTrWYvU=
-45,-4,tosQER3BLtQFFcJfnqhOR8D4aD8=,xdshJUZTKdl3a7IuWdpNxTrWYvU=
-38,-4,tosQER3BLtQFFcJfnqhOR8D4aD8=,xdshJUZTKdl3a7IuWdpNxTrWYvU=
-33,-1,+foc71SZu1Nf35Lz8bV1jF7tWOg=,KUa24JktLDZ/AT5AhSQf8whCODM=
-40,-4,tosQER3BLtQFFcJfnqhOR8D4aD8=,xdshJUZTKdl3a7IuWdpNxTrWYvU=
-46,-4,tosQER3BLtQFFcJfnqhOR8D4aD8=,xdshJUZTKdl3a7IuWdpNxTrWYvU=
-39,-4,tosQER3BLtQFFcJfnqhOR8D4aD8=,xdshJUZTKdl3a7IuWdpNxTrWYvU=
-44,-4,tosQER3BLtQFFcJfnqhOR8D4aD8=,xdshJUZTKdl3a7IuWdpNxTrWYvU=
-48,-4,tosQER3BLtQFFcJfnqhOR8D4aD8=,xdshJUZTKdl3a7IuWdpNxTrWYvU=
-48,-2,tosQER3BLtQFFcJfnqhOR8D4aD8=,xdshJUZTKdl3a7IuWdpNxTrWYvU=
-34,-1,+foc71SZu1Nf35Lz8bV1jF7tWOg=,KUa24JktLDZ/AT5AhSQf8whCODM=
-33,-4,+foc71SZu1Nf35Lz8bV1jF7tWOg=,KUa24JktLDZ/AT5AhSQf8whCODM=
-45,-1,tosQER3BLtQFFcJfnqhOR8D4aD8=,xdshJUZTKdl3a7IuWdpNxTrWYvU=
-48,-3,tosQER3BLtQFFcJfnqhOR8D4aD8=,xdshJUZTKdl3a7IuWdpNxTrWYvU=
-46,-1,tosQER3BLtQFFcJfnqhOR8D4aD8=,xdshJUZTKdl3a7IuWdpNxTrWYvU=
-35,-1,+foc71SZu1Nf35Lz8bV1jF7tWOg=,KUa24JktLDZ/AT5AhSQf8whCODM=
-44,-1,tosQER3BLtQFFcJfnqhOR8D4aD8=,xdshJUZTKdl3a7IuWdpNxTrWYvU=
-47,-1,tosQER3BLtQFFcJfnqhOR8D4aD8=,xdshJUZTKdl3a7IuWdpNxTrWYvU=
-48,-1,tosQER3BLtQFFcJfnqhOR8D4aD8=,xdshJUZTKdl3a7IuWdpNxTrWYvU=
-38,-27,rH9STabHf4O7VcNcIWBxIqeUWJo=,Js0pxgmq17j3KS01z5bJ5o8hEds=
-39,-27,HX15oP0eWeAOpHUzQR/z2MVhaUE=,Js0pxgmq17j3KS01z5bJ5o8hEds=
-38,-26,rH9STabHf4O7VcNcIWBxIqeUWJo=,Js0pxgmq17j3KS01z5bJ5o8hEds=
-39,-26,rH9STabHf4O7VcNcIWBxIqeUWJo=,Js0pxgmq17j3KS01z5bJ5o8hEds=
-38,-30,HY5duYlP0AKsBNiLvSI3NVsD1R8=,xdshJUZTKdl3a7IuWdpNxTrWYvU=
-38,-31,HY5duYlP0AKsBNiLvSI3NVsD1R8=,xdshJUZTKdl3a7IuWdpNxTrWYvU=
-39,-30,HY5duYlP0AKsBNiLvSI3NVsD1R8=,xdshJUZTKdl3a7IuWdpNxTrWYvU=
-38,-28,rH9STabHf4O7VcNcIWBxIqeUWJo=,Js0pxgmq17j3KS01z5bJ5o8hEds=
-39,-28,rH9STabHf4O7VcNcIWBxIqeUWJo=,Js0pxgmq17j3KS01z5bJ5o8hEds=
-39,-31,G0O37G/l0HDA8+rHV7dKY7zcBMA=,xdshJUZTKdl3a7IuWdpNxTrWYvU=
-38,-29,G0O37G/l0HDA8+rHV7dKY7zcBMA=,xdshJUZTKdl3a7IuWdpNxTrWYvU=
-39,-29,G0O37G/l0HDA8+rHV7dKY7zcBMA=,xdshJUZTKdl3a7IuWdpNxTrWYvU=
-38,-25,rH9STabHf4O7VcNcIWBxIqeUWJo=,Js0pxgmq17j3KS01z5bJ5o8hEds=
-35,-22,NJ+ZHd/JLN9mnwRjTMCRbWwbM6Q=,Js0pxgmq17j3KS01z5bJ5o8hEds=
-39,-25,rH9STabHf4O7VcNcIWBxIqeUWJo=,Js0pxgmq17j3KS01z5bJ5o8hEds=
-36,-22,NJ+ZHd/JLN9mnwRjTMCRbWwbM6Q=,Js0pxgmq17j3KS01z5bJ5o8hEds=
-34,-23,NJ+ZHd/JLN9mnwRjTMCRbWwbM6Q=,Js0pxgmq17j3KS01z5bJ5o8hEds=
-35,-23,NJ+ZHd/JLN9mnwRjTMCRbWwbM6Q=,Js0pxgmq17j3KS01z5bJ5o8hEds=
-36,-23,NJ+ZHd/JLN9mnwRjTMCRbWwbM6Q=,Js0pxgmq17j3KS01z5bJ5o8hEds=
-34,-22,NJ+ZHd/JLN9mnwRjTMCRbWwbM6Q=,Js0pxgmq17j3KS01z5bJ5o8hEds=
-38,-32,G0O37G/l0HDA8+rHV7dKY7zcBMA=,xdshJUZTKdl3a7IuWdpNxTrWYvU=
-39,-32,G0O37G/l0HDA8+rHV7dKY7zcBMA=,xdshJUZTKdl3a7IuWdpNxTrWYvU=
-40,-30,G0O37G/l0HDA8+rHV7dKY7zcBMA=,xdshJUZTKdl3a7IuWdpNxTrWYvU=
-40,-31,G0O37G/l0HDA8+rHV7dKY7zcBMA=,xdshJUZTKdl3a7IuWdpNxTrWYvU=
-34,-21,NJ+ZHd/JLN9mnwRjTMCRbWwbM6Q=,Js0pxgmq17j3KS01z5bJ5o8hEds=
-33,-23,rH9STabHf4O7VcNcIWBxIqeUWJo=,Js0pxgmq17j3KS01z5bJ5o8hEds=
-35,-26,G0O37G/l0HDA8+rHV7dKY7zcBMA=,xdshJUZTKdl3a7IuWdpNxTrWYvU=
-35,-21,TtKcK8ehRsS3ORYv06SY8TJGkDQ=,Js0pxgmq17j3KS01z5bJ5o8hEds=
-33,-22,rH9STabHf4O7VcNcIWBxIqeUWJo=,Js0pxgmq17j3KS01z5bJ5o8hEds=
-36,-26,G0O37G/l0HDA8+rHV7dKY7zcBMA=,xdshJUZTKdl3a7IuWdpNxTrWYvU=
-33,-21,rH9STabHf4O7VcNcIWBxIqeUWJo=,Js0pxgmq17j3KS01z5bJ5o8hEds=
-40,-26,rH9STabHf4O7VcNcIWBxIqeUWJo=,Js0pxgmq17j3KS01z5bJ5o8hEds=
-40,-28,rH9STabHf4O7VcNcIWBxIqeUWJo=,Js0pxgmq17j3KS01z5bJ5o8hEds=
-36,-21,TtKcK8ehRsS3ORYv06SY8TJGkDQ=,Js0pxgmq17j3KS01z5bJ5o8hEds=
-33,-27,G0O37G/l0HDA8+rHV7dKY7zcBMA=,xdshJUZTKdl3a7IuWdpNxTrWYvU=
-40,-27,HX15oP0eWeAOpHUzQR/z2MVhaUE=,Js0pxgmq17j3KS01z5bJ5o8hEds=
-40,-32,G0O37G/l0HDA8+rHV7dKY7zcBMA=,xdshJUZTKdl3a7IuWdpNxTrWYvU=
-40,-29,G0O37G/l0HDA8+rHV7dKY7zcBMA=,xdshJUZTKdl3a7IuWdpNxTrWYvU=
-40,-25,rH9STabHf4O7VcNcIWBxIqeUWJo=,Js0pxgmq17j3KS01z5bJ5o8hEds=
-34,-27,G0O37G/l0HDA8+rHV7dKY7zcBMA=,xdshJUZTKdl3a7IuWdpNxTrWYvU=
-35,-27,G0O37G/l0HDA8+rHV7dKY7zcBMA=,xdshJUZTKdl3a7IuWdpNxTrWYvU=
-36,-27,G0O37G/l0HDA8+rHV7dKY7zcBMA=,xdshJUZTKdl3a7IuWdpNxTrWYvU=
-37,-27,rH9STabHf4O7VcNcIWBxIqeUWJo=,Js0pxgmq17j3KS01z5bJ5o8hEds=
-37,-25,rH9STabHf4O7VcNcIWBxIqeUWJo=,Js0pxgmq17j3KS01z5bJ5o8hEds=
-33,-25,G0O37G/l0HDA8+rHV7dKY7zcBMA=,xdshJUZTKdl3a7IuWdpNxTrWYvU=
-34,-25,G0O37G/l0HDA8+rHV7dKY7zcBMA=,xdshJUZTKdl3a7IuWdpNxTrWYvU=
-37,-26,rH9STabHf4O7VcNcIWBxIqeUWJo=,Js0pxgmq17j3KS01z5bJ5o8hEds=
-37,-30,G0O37G/l0HDA8+rHV7dKY7zcBMA=,xdshJUZTKdl3a7IuWdpNxTrWYvU=
-35,-25,G0O37G/l0HDA8+rHV7dKY7zcBMA=,xdshJUZTKdl3a7IuWdpNxTrWYvU=
-36,-25,G0O37G/l0HDA8+rHV7dKY7zcBMA=,xdshJUZTKdl3a7IuWdpNxTrWYvU=
-35,-30,G0O37G/l0HDA8+rHV7dKY7zcBMA=,xdshJUZTKdl3a7IuWdpNxTrWYvU=
-33,-26,G0O37G/l0HDA8+rHV7dKY7zcBMA=,xdshJUZTKdl3a7IuWdpNxTrWYvU=
-34,-26,G0O37G/l0HDA8+rHV7dKY7zcBMA=,xdshJUZTKdl3a7IuWdpNxTrWYvU=
-36,-30,G0O37G/l0HDA8+rHV7dKY7zcBMA=,xdshJUZTKdl3a7IuWdpNxTrWYvU=
-35,-24,rH9STabHf4O7VcNcIWBxIqeUWJo=,Js0pxgmq17j3KS01z5bJ5o8hEds=
-36,-24,rH9STabHf4O7VcNcIWBxIqeUWJo=,Js0pxgmq17j3KS01z5bJ5o8hEds=
-37,-31,G0O37G/l0HDA8+rHV7dKY7zcBMA=,xdshJUZTKdl3a7IuWdpNxTrWYvU=
-33,-24,rH9STabHf4O7VcNcIWBxIqeUWJo=,Js0pxgmq17j3KS01z5bJ5o8hEds=
-34,-24,rH9STabHf4O7VcNcIWBxIqeUWJo=,Js0pxgmq17j3KS01z5bJ5o8hEds=
-33,-31,G0O37G/l0HDA8+rHV7dKY7zcBMA=,xdshJUZTKdl3a7IuWdpNxTrWYvU=
-34,-31,G0O37G/l0HDA8+rHV7dKY7zcBMA=,xdshJUZTKdl3a7IuWdpNxTrWYvU=
-35,-31,G0O37G/l0HDA8+rHV7dKY7zcBMA=,xdshJUZTKdl3a7IuWdpNxTrWYvU=
-36,-31,G0O37G/l0HDA8+rHV7dKY7zcBMA=,xdshJUZTKdl3a7IuWdpNxTrWYvU=
-33,-32,G0O37G/l0HDA8+rHV7dKY7zcBMA=,xdshJUZTKdl3a7IuWdpNxTrWYvU=
-37,-32,G0O37G/l0HDA8+rHV7dKY7zcBMA=,xdshJUZTKdl3a7IuWdpNxTrWYvU=
-34,-32,G0O37G/l0HDA8+rHV7dKY7zcBMA=,xdshJUZTKdl3a7IuWdpNxTrWYvU=
-33,-28,G0O37G/l0HDA8+rHV7dKY7zcBMA=,xdshJUZTKdl3a7IuWdpNxTrWYvU=
-34,-28,G0O37G/l0HDA8+rHV7dKY7zcBMA=,xdshJUZTKdl3a7IuWdpNxTrWYvU=
-35,-28,G0O37G/l0HDA8+rHV7dKY7zcBMA=,xdshJUZTKdl3a7IuWdpNxTrWYvU=
-36,-28,G0O37G/l0HDA8+rHV7dKY7zcBMA=,xdshJUZTKdl3a7IuWdpNxTrWYvU=
-35,-32,G0O37G/l0HDA8+rHV7dKY7zcBMA=,xdshJUZTKdl3a7IuWdpNxTrWYvU=
-33,-29,G0O37G/l0HDA8+rHV7dKY7zcBMA=,xdshJUZTKdl3a7IuWdpNxTrWYvU=
-34,-29,G0O37G/l0HDA8+rHV7dKY7zcBMA=,xdshJUZTKdl3a7IuWdpNxTrWYvU=
-35,-29,G0O37G/l0HDA8+rHV7dKY7zcBMA=,xdshJUZTKdl3a7IuWdpNxTrWYvU=
-36,-29,G0O37G/l0HDA8+rHV7dKY7zcBMA=,xdshJUZTKdl3a7IuWdpNxTrWYvU=
-36,-32,G0O37G/l0HDA8+rHV7dKY7zcBMA=,xdshJUZTKdl3a7IuWdpNxTrWYvU=
-33,-30,G0O37G/l0HDA8+rHV7dKY7zcBMA=,xdshJUZTKdl3a7IuWdpNxTrWYvU=
-37,-28,rH9STabHf4O7VcNcIWBxIqeUWJo=,Js0pxgmq17j3KS01z5bJ5o8hEds=
-37,-29,G0O37G/l0HDA8+rHV7dKY7zcBMA=,xdshJUZTKdl3a7IuWdpNxTrWYvU=
-34,-30,G0O37G/l0HDA8+rHV7dKY7zcBMA=,xdshJUZTKdl3a7IuWdpNxTrWYvU=
-39,-11,etzuJJRu5iYMnbCmi8nAe40/Gos=,KUa24JktLDZ/AT5AhSQf8whCODM=
-38,-11,etzuJJRu5iYMnbCmi8nAe40/Gos=,KUa24JktLDZ/AT5AhSQf8whCODM=
-40,-15,tUsYWZwTDrJfL4nMrb5Q6VMGkA0=,Js0pxgmq17j3KS01z5bJ5o8hEds=
-38,-10,etzuJJRu5iYMnbCmi8nAe40/Gos=,KUa24JktLDZ/AT5AhSQf8whCODM=
-38,-14,tUsYWZwTDrJfL4nMrb5Q6VMGkA0=,Js0pxgmq17j3KS01z5bJ5o8hEds=
-39,-10,etzuJJRu5iYMnbCmi8nAe40/Gos=,KUa24JktLDZ/AT5AhSQf8whCODM=
-38,-13,tUsYWZwTDrJfL4nMrb5Q6VMGkA0=,Js0pxgmq17j3KS01z5bJ5o8hEds=
-39,-13,tUsYWZwTDrJfL4nMrb5Q6VMGkA0=,Js0pxgmq17j3KS01z5bJ5o8hEds=
-40,-14,tUsYWZwTDrJfL4nMrb5Q6VMGkA0=,Js0pxgmq17j3KS01z5bJ5o8hEds=
-38,-15,tUsYWZwTDrJfL4nMrb5Q6VMGkA0=,Js0pxgmq17j3KS01z5bJ5o8hEds=
-39,-14,tUsYWZwTDrJfL4nMrb5Q6VMGkA0=,Js0pxgmq17j3KS01z5bJ5o8hEds=
-39,-15,tUsYWZwTDrJfL4nMrb5Q6VMGkA0=,Js0pxgmq17j3KS01z5bJ5o8hEds=
-38,-12,etzuJJRu5iYMnbCmi8nAe40/Gos=,KUa24JktLDZ/AT5AhSQf8whCODM=
-39,-12,etzuJJRu5iYMnbCmi8nAe40/Gos=,KUa24JktLDZ/AT5AhSQf8whCODM=
-39,-9,+foc71SZu1Nf35Lz8bV1jF7tWOg=,KUa24JktLDZ/AT5AhSQf8whCODM=
-38,-9,+foc71SZu1Nf35Lz8bV1jF7tWOg=,KUa24JktLDZ/AT5AhSQf8whCODM=
-37,-10,+foc71SZu1Nf35Lz8bV1jF7tWOg=,KUa24JktLDZ/AT5AhSQf8whCODM=
-34,-6,+foc71SZu1Nf35Lz8bV1jF7tWOg=,KUa24JktLDZ/AT5AhSQf8whCODM=
-36,-6,+foc71SZu1Nf35Lz8bV1jF7tWOg=,KUa24JktLDZ/AT5AhSQf8whCODM=
-35,-6,+foc71SZu1Nf35Lz8bV1jF7tWOg=,KUa24JktLDZ/AT5AhSQf8whCODM=
-36,-7,+foc71SZu1Nf35Lz8bV1jF7tWOg=,KUa24JktLDZ/AT5AhSQf8whCODM=
-34,-10,+foc71SZu1Nf35Lz8bV1jF7tWOg=,KUa24JktLDZ/AT5AhSQf8whCODM=
-35,-10,+foc71SZu1Nf35Lz8bV1jF7tWOg=,KUa24JktLDZ/AT5AhSQf8whCODM=
-34,-7,+foc71SZu1Nf35Lz8bV1jF7tWOg=,KUa24JktLDZ/AT5AhSQf8whCODM=
-36,-10,+foc71SZu1Nf35Lz8bV1jF7tWOg=,KUa24JktLDZ/AT5AhSQf8whCODM=
-33,-10,+foc71SZu1Nf35Lz8bV1jF7tWOg=,KUa24JktLDZ/AT5AhSQf8whCODM=
-34,-5,+foc71SZu1Nf35Lz8bV1jF7tWOg=,KUa24JktLDZ/AT5AhSQf8whCODM=
-34,-14,tUsYWZwTDrJfL4nMrb5Q6VMGkA0=,Js0pxgmq17j3KS01z5bJ5o8hEds=
-35,-7,+foc71SZu1Nf35Lz8bV1jF7tWOg=,KUa24JktLDZ/AT5AhSQf8whCODM=
-34,-8,+foc71SZu1Nf35Lz8bV1jF7tWOg=,KUa24JktLDZ/AT5AhSQf8whCODM=
-35,-5,+foc71SZu1Nf35Lz8bV1jF7tWOg=,KUa24JktLDZ/AT5AhSQf8whCODM=
-33,-11,+foc71SZu1Nf35Lz8bV1jF7tWOg=,KUa24JktLDZ/AT5AhSQf8whCODM=
-34,-9,+foc71SZu1Nf35Lz8bV1jF7tWOg=,KUa24JktLDZ/AT5AhSQf8whCODM=
-35,-14,tUsYWZwTDrJfL4nMrb5Q6VMGkA0=,Js0pxgmq17j3KS01z5bJ5o8hEds=
-33,-13,tUsYWZwTDrJfL4nMrb5Q6VMGkA0=,Js0pxgmq17j3KS01z5bJ5o8hEds=
-34,-11,+foc71SZu1Nf35Lz8bV1jF7tWOg=,KUa24JktLDZ/AT5AhSQf8whCODM=
-34,-16,tUsYWZwTDrJfL4nMrb5Q6VMGkA0=,Js0pxgmq17j3KS01z5bJ5o8hEds=
-34,-13,tUsYWZwTDrJfL4nMrb5Q6VMGkA0=,Js0pxgmq17j3KS01z5bJ5o8hEds=
-33,-14,tUsYWZwTDrJfL4nMrb5Q6VMGkA0=,Js0pxgmq17j3KS01z5bJ5o8hEds=
-35,-9,+foc71SZu1Nf35Lz8bV1jF7tWOg=,KUa24JktLDZ/AT5AhSQf8whCODM=
-36,-14,tUsYWZwTDrJfL4nMrb5Q6VMGkA0=,Js0pxgmq17j3KS01z5bJ5o8hEds=
-33,-15,tUsYWZwTDrJfL4nMrb5Q6VMGkA0=,Js0pxgmq17j3KS01z5bJ5o8hEds=
-35,-11,+foc71SZu1Nf35Lz8bV1jF7tWOg=,KUa24JktLDZ/AT5AhSQf8whCODM=
-35,-16,tUsYWZwTDrJfL4nMrb5Q6VMGkA0=,Js0pxgmq17j3KS01z5bJ5o8hEds=
-36,-11,+foc71SZu1Nf35Lz8bV1jF7tWOg=,KUa24JktLDZ/AT5AhSQf8whCODM=
-35,-13,tUsYWZwTDrJfL4nMrb5Q6VMGkA0=,Js0pxgmq17j3KS01z5bJ5o8hEds=
-37,-16,tUsYWZwTDrJfL4nMrb5Q6VMGkA0=,Js0pxgmq17j3KS01z5bJ5o8hEds=
-33,-12,+foc71SZu1Nf35Lz8bV1jF7tWOg=,KUa24JktLDZ/AT5AhSQf8whCODM=
-35,-8,+foc71SZu1Nf35Lz8bV1jF7tWOg=,KUa24JktLDZ/AT5AhSQf8whCODM=
-38,-16,tUsYWZwTDrJfL4nMrb5Q6VMGkA0=,Js0pxgmq17j3KS01z5bJ5o8hEds=
-37,-14,tUsYWZwTDrJfL4nMrb5Q6VMGkA0=,Js0pxgmq17j3KS01z5bJ5o8hEds=
-40,-16,tUsYWZwTDrJfL4nMrb5Q6VMGkA0=,Js0pxgmq17j3KS01z5bJ5o8hEds=
-39,-16,tUsYWZwTDrJfL4nMrb5Q6VMGkA0=,Js0pxgmq17j3KS01z5bJ5o8hEds=
-36,-8,+foc71SZu1Nf35Lz8bV1jF7tWOg=,KUa24JktLDZ/AT5AhSQf8whCODM=
-37,-9,+foc71SZu1Nf35Lz8bV1jF7tWOg=,KUa24JktLDZ/AT5AhSQf8whCODM=
-36,-16,tUsYWZwTDrJfL4nMrb5Q6VMGkA0=,Js0pxgmq17j3KS01z5bJ5o8hEds=
-33,-16,tUsYWZwTDrJfL4nMrb5Q6VMGkA0=,Js0pxgmq17j3KS01z5bJ5o8hEds=
-37,-11,+foc71SZu1Nf35Lz8bV1jF7tWOg=,KUa24JktLDZ/AT5AhSQf8whCODM=
-34,-15,tUsYWZwTDrJfL4nMrb5Q6VMGkA0=,Js0pxgmq17j3KS01z5bJ5o8hEds=
-40,-13,tUsYWZwTDrJfL4nMrb5Q6VMGkA0=,Js0pxgmq17j3KS01z5bJ5o8hEds=
-40,-9,+foc71SZu1Nf35Lz8bV1jF7tWOg=,KUa24JktLDZ/AT5AhSQf8whCODM=
-37,-15,tUsYWZwTDrJfL4nMrb5Q6VMGkA0=,Js0pxgmq17j3KS01z5bJ5o8hEds=
-36,-9,+foc71SZu1Nf35Lz8bV1jF7tWOg=,KUa24JktLDZ/AT5AhSQf8whCODM=
-40,-10,+foc71SZu1Nf35Lz8bV1jF7tWOg=,KUa24JktLDZ/AT5AhSQf8whCODM=
-40,-12,+foc71SZu1Nf35Lz8bV1jF7tWOg=,KUa24JktLDZ/AT5AhSQf8whCODM=
-40,-11,+foc71SZu1Nf35Lz8bV1jF7tWOg=,KUa24JktLDZ/AT5AhSQf8whCODM=
-35,-15,tUsYWZwTDrJfL4nMrb5Q6VMGkA0=,Js0pxgmq17j3KS01z5bJ5o8hEds=
-33,-6,+foc71SZu1Nf35Lz8bV1jF7tWOg=,KUa24JktLDZ/AT5AhSQf8whCODM=
-34,-12,+foc71SZu1Nf35Lz8bV1jF7tWOg=,KUa24JktLDZ/AT5AhSQf8whCODM=
-33,-5,+foc71SZu1Nf35Lz8bV1jF7tWOg=,KUa24JktLDZ/AT5AhSQf8whCODM=
-33,-8,+foc71SZu1Nf35Lz8bV1jF7tWOg=,KUa24JktLDZ/AT5AhSQf8whCODM=
-35,-12,+foc71SZu1Nf35Lz8bV1jF7tWOg=,KUa24JktLDZ/AT5AhSQf8whCODM=
-33,-9,+foc71SZu1Nf35Lz8bV1jF7tWOg=,KUa24JktLDZ/AT5AhSQf8whCODM=
-36,-12,+foc71SZu1Nf35Lz8bV1jF7tWOg=,KUa24JktLDZ/AT5AhSQf8whCODM=
-36,-5,+foc71SZu1Nf35Lz8bV1jF7tWOg=,KUa24JktLDZ/AT5AhSQf8whCODM=
-37,-12,+foc71SZu1Nf35Lz8bV1jF7tWOg=,KUa24JktLDZ/AT5AhSQf8whCODM=
-33,-7,+foc71SZu1Nf35Lz8bV1jF7tWOg=,KUa24JktLDZ/AT5AhSQf8whCODM=
-36,-15,tUsYWZwTDrJfL4nMrb5Q6VMGkA0=,Js0pxgmq17j3KS01z5bJ5o8hEds=
-36,-13,tUsYWZwTDrJfL4nMrb5Q6VMGkA0=,Js0pxgmq17j3KS01z5bJ5o8hEds=
-37,-13,tUsYWZwTDrJfL4nMrb5Q6VMGkA0=,Js0pxgmq17j3KS01z5bJ5o8hEds=
-38,-22,NJ+ZHd/JLN9mnwRjTMCRbWwbM6Q=,Js0pxgmq17j3KS01z5bJ5o8hEds=
-39,-23,NJ+ZHd/JLN9mnwRjTMCRbWwbM6Q=,Js0pxgmq17j3KS01z5bJ5o8hEds=
-38,-21,NJ+ZHd/JLN9mnwRjTMCRbWwbM6Q=,Js0pxgmq17j3KS01z5bJ5o8hEds=
-39,-22,NJ+ZHd/JLN9mnwRjTMCRbWwbM6Q=,Js0pxgmq17j3KS01z5bJ5o8hEds=
-39,-19,NJ+ZHd/JLN9mnwRjTMCRbWwbM6Q=,Js0pxgmq17j3KS01z5bJ5o8hEds=
-38,-23,NJ+ZHd/JLN9mnwRjTMCRbWwbM6Q=,Js0pxgmq17j3KS01z5bJ5o8hEds=
-39,-21,NJ+ZHd/JLN9mnwRjTMCRbWwbM6Q=,Js0pxgmq17j3KS01z5bJ5o8hEds=
-38,-18,NJ+ZHd/JLN9mnwRjTMCRbWwbM6Q=,Js0pxgmq17j3KS01z5bJ5o8hEds=
-39,-18,NJ+ZHd/JLN9mnwRjTMCRbWwbM6Q=,Js0pxgmq17j3KS01z5bJ5o8hEds=
-38,-19,NJ+ZHd/JLN9mnwRjTMCRbWwbM6Q=,Js0pxgmq17j3KS01z5bJ5o8hEds=
-38,-20,NJ+ZHd/JLN9mnwRjTMCRbWwbM6Q=,Js0pxgmq17j3KS01z5bJ5o8hEds=
-39,-20,NJ+ZHd/JLN9mnwRjTMCRbWwbM6Q=,Js0pxgmq17j3KS01z5bJ5o8hEds=
-38,-24,rH9STabHf4O7VcNcIWBxIqeUWJo=,Js0pxgmq17j3KS01z5bJ5o8hEds=
-38,-17,rH9STabHf4O7VcNcIWBxIqeUWJo=,Js0pxgmq17j3KS01z5bJ5o8hEds=
-39,-24,HX15oP0eWeAOpHUzQR/z2MVhaUE=,Js0pxgmq17j3KS01z5bJ5o8hEds=
-39,-17,rH9STabHf4O7VcNcIWBxIqeUWJo=,Js0pxgmq17j3KS01z5bJ5o8hEds=
-40,-19,rH9STabHf4O7VcNcIWBxIqeUWJo=,Js0pxgmq17j3KS01z5bJ5o8hEds=
-37,-24,HX15oP0eWeAOpHUzQR/z2MVhaUE=,Js0pxgmq17j3KS01z5bJ5o8hEds=
-40,-18,TtKcK8ehRsS3ORYv06SY8TJGkDQ=,Js0pxgmq17j3KS01z5bJ5o8hEds=
-40,-24,rH9STabHf4O7VcNcIWBxIqeUWJo=,Js0pxgmq17j3KS01z5bJ5o8hEds=
-37,-22,NJ+ZHd/JLN9mnwRjTMCRbWwbM6Q=,Js0pxgmq17j3KS01z5bJ5o8hEds=
-40,-21,TtKcK8ehRsS3ORYv06SY8TJGkDQ=,Js0pxgmq17j3KS01z5bJ5o8hEds=
-40,-17,rH9STabHf4O7VcNcIWBxIqeUWJo=,Js0pxgmq17j3KS01z5bJ5o8hEds=
-40,-23,TtKcK8ehRsS3ORYv06SY8TJGkDQ=,Js0pxgmq17j3KS01z5bJ5o8hEds=
-40,-22,TtKcK8ehRsS3ORYv06SY8TJGkDQ=,Js0pxgmq17j3KS01z5bJ5o8hEds=
-37,-23,NJ+ZHd/JLN9mnwRjTMCRbWwbM6Q=,Js0pxgmq17j3KS01z5bJ5o8hEds=
-40,-20,rH9STabHf4O7VcNcIWBxIqeUWJo=,Js0pxgmq17j3KS01z5bJ5o8hEds=
-36,-20,TtKcK8ehRsS3ORYv06SY8TJGkDQ=,Js0pxgmq17j3KS01z5bJ5o8hEds=
-37,-21,NJ+ZHd/JLN9mnwRjTMCRbWwbM6Q=,Js0pxgmq17j3KS01z5bJ5o8hEds=
-35,-18,NJ+ZHd/JLN9mnwRjTMCRbWwbM6Q=,Js0pxgmq17j3KS01z5bJ5o8hEds=
-34,-20,TtKcK8ehRsS3ORYv06SY8TJGkDQ=,Js0pxgmq17j3KS01z5bJ5o8hEds=
-37,-17,rH9STabHf4O7VcNcIWBxIqeUWJo=,Js0pxgmq17j3KS01z5bJ5o8hEds=
-36,-18,NJ+ZHd/JLN9mnwRjTMCRbWwbM6Q=,Js0pxgmq17j3KS01z5bJ5o8hEds=
-35,-20,TtKcK8ehRsS3ORYv06SY8TJGkDQ=,Js0pxgmq17j3KS01z5bJ5o8hEds=
-37,-18,TtKcK8ehRsS3ORYv06SY8TJGkDQ=,Js0pxgmq17j3KS01z5bJ5o8hEds=
-33,-17,rH9STabHf4O7VcNcIWBxIqeUWJo=,Js0pxgmq17j3KS01z5bJ5o8hEds=
-34,-17,rH9STabHf4O7VcNcIWBxIqeUWJo=,Js0pxgmq17j3KS01z5bJ5o8hEds=
-33,-19,rH9STabHf4O7VcNcIWBxIqeUWJo=,Js0pxgmq17j3KS01z5bJ5o8hEds=
-34,-19,NJ+ZHd/JLN9mnwRjTMCRbWwbM6Q=,Js0pxgmq17j3KS01z5bJ5o8hEds=
-35,-17,rH9STabHf4O7VcNcIWBxIqeUWJo=,Js0pxgmq17j3KS01z5bJ5o8hEds=
-37,-19,NJ+ZHd/JLN9mnwRjTMCRbWwbM6Q=,Js0pxgmq17j3KS01z5bJ5o8hEds=
-35,-19,NJ+ZHd/JLN9mnwRjTMCRbWwbM6Q=,Js0pxgmq17j3KS01z5bJ5o8hEds=
-36,-17,rH9STabHf4O7VcNcIWBxIqeUWJo=,Js0pxgmq17j3KS01z5bJ5o8hEds=
-33,-18,rH9STabHf4O7VcNcIWBxIqeUWJo=,Js0pxgmq17j3KS01z5bJ5o8hEds=
-34,-18,NJ+ZHd/JLN9mnwRjTMCRbWwbM6Q=,Js0pxgmq17j3KS01z5bJ5o8hEds=
-37,-20,TtKcK8ehRsS3ORYv06SY8TJGkDQ=,Js0pxgmq17j3KS01z5bJ5o8hEds=
-36,-19,NJ+ZHd/JLN9mnwRjTMCRbWwbM6Q=,Js0pxgmq17j3KS01z5bJ5o8hEds=
-33,-20,rH9STabHf4O7VcNcIWBxIqeUWJo=,Js0pxgmq17j3KS01z5bJ5o8hEds=
-47,-14,tUsYWZwTDrJfL4nMrb5Q6VMGkA0=,Js0pxgmq17j3KS01z5bJ5o8hEds=
-46,-15,tUsYWZwTDrJfL4nMrb5Q6VMGkA0=,Js0pxgmq17j3KS01z5bJ5o8hEds=
-47,-15,tUsYWZwTDrJfL4nMrb5Q6VMGkA0=,Js0pxgmq17j3KS01z5bJ5o8hEds=
-46,-14,tUsYWZwTDrJfL4nMrb5Q6VMGkA0=,Js0pxgmq17j3KS01z5bJ5o8hEds=
-45,-15,tUsYWZwTDrJfL4nMrb5Q6VMGkA0=,Js0pxgmq17j3KS01z5bJ5o8hEds=
-41,-15,tUsYWZwTDrJfL4nMrb5Q6VMGkA0=,Js0pxgmq17j3KS01z5bJ5o8hEds=
-43,-14,tUsYWZwTDrJfL4nMrb5Q6VMGkA0=,Js0pxgmq17j3KS01z5bJ5o8hEds=
-41,-14,tUsYWZwTDrJfL4nMrb5Q6VMGkA0=,Js0pxgmq17j3KS01z5bJ5o8hEds=
-42,-16,tUsYWZwTDrJfL4nMrb5Q6VMGkA0=,Js0pxgmq17j3KS01z5bJ5o8hEds=
-43,-16,tUsYWZwTDrJfL4nMrb5Q6VMGkA0=,Js0pxgmq17j3KS01z5bJ5o8hEds=
-43,-15,tUsYWZwTDrJfL4nMrb5Q6VMGkA0=,Js0pxgmq17j3KS01z5bJ5o8hEds=
-42,-15,tUsYWZwTDrJfL4nMrb5Q6VMGkA0=,Js0pxgmq17j3KS01z5bJ5o8hEds=
-45,-16,tUsYWZwTDrJfL4nMrb5Q6VMGkA0=,Js0pxgmq17j3KS01z5bJ5o8hEds=
-44,-15,tUsYWZwTDrJfL4nMrb5Q6VMGkA0=,Js0pxgmq17j3KS01z5bJ5o8hEds=
-46,-16,tUsYWZwTDrJfL4nMrb5Q6VMGkA0=,Js0pxgmq17j3KS01z5bJ5o8hEds=
-44,-14,tUsYWZwTDrJfL4nMrb5Q6VMGkA0=,Js0pxgmq17j3KS01z5bJ5o8hEds=
-42,-14,tUsYWZwTDrJfL4nMrb5Q6VMGkA0=,Js0pxgmq17j3KS01z5bJ5o8hEds=
-47,-16,tUsYWZwTDrJfL4nMrb5Q6VMGkA0=,Js0pxgmq17j3KS01z5bJ5o8hEds=
-45,-14,tUsYWZwTDrJfL4nMrb5Q6VMGkA0=,Js0pxgmq17j3KS01z5bJ5o8hEds=
-48,-14,tUsYWZwTDrJfL4nMrb5Q6VMGkA0=,Js0pxgmq17j3KS01z5bJ5o8hEds=
-44,-16,tUsYWZwTDrJfL4nMrb5Q6VMGkA0=,Js0pxgmq17j3KS01z5bJ5o8hEds=
-48,-15,tUsYWZwTDrJfL4nMrb5Q6VMGkA0=,Js0pxgmq17j3KS01z5bJ5o8hEds=
-48,-16,tUsYWZwTDrJfL4nMrb5Q6VMGkA0=,Js0pxgmq17j3KS01z5bJ5o8hEds=
-41,-16,tUsYWZwTDrJfL4nMrb5Q6VMGkA0=,Js0pxgmq17j3KS01z5bJ5o8hEds=
-41,-13,tUsYWZwTDrJfL4nMrb5Q6VMGkA0=,Js0pxgmq17j3KS01z5bJ5o8hEds=
-42,-13,tUsYWZwTDrJfL4nMrb5Q6VMGkA0=,Js0pxgmq17j3KS01z5bJ5o8hEds=
-44,-13,tUsYWZwTDrJfL4nMrb5Q6VMGkA0=,Js0pxgmq17j3KS01z5bJ5o8hEds=
-43,-13,tUsYWZwTDrJfL4nMrb5Q6VMGkA0=,Js0pxgmq17j3KS01z5bJ5o8hEds=
-46,-13,tUsYWZwTDrJfL4nMrb5Q6VMGkA0=,Js0pxgmq17j3KS01z5bJ5o8hEds=
-47,-13,tUsYWZwTDrJfL4nMrb5Q6VMGkA0=,Js0pxgmq17j3KS01z5bJ5o8hEds=
-45,-13,tUsYWZwTDrJfL4nMrb5Q6VMGkA0=,Js0pxgmq17j3KS01z5bJ5o8hEds=
-48,-13,tUsYWZwTDrJfL4nMrb5Q6VMGkA0=,Js0pxgmq17j3KS01z5bJ5o8hEds=
-42,-26,TtKcK8ehRsS3ORYv06SY8TJGkDQ=,Js0pxgmq17j3KS01z5bJ5o8hEds=
-43,-26,TtKcK8ehRsS3ORYv06SY8TJGkDQ=,Js0pxgmq17j3KS01z5bJ5o8hEds=
-42,-27,TtKcK8ehRsS3ORYv06SY8TJGkDQ=,Js0pxgmq17j3KS01z5bJ5o8hEds=
-43,-27,TtKcK8ehRsS3ORYv06SY8TJGkDQ=,Js0pxgmq17j3KS01z5bJ5o8hEds=
-42,-25,TtKcK8ehRsS3ORYv06SY8TJGkDQ=,Js0pxgmq17j3KS01z5bJ5o8hEds=
-43,-25,TtKcK8ehRsS3ORYv06SY8TJGkDQ=,Js0pxgmq17j3KS01z5bJ5o8hEds=
-41,-18,TtKcK8ehRsS3ORYv06SY8TJGkDQ=,Js0pxgmq17j3KS01z5bJ5o8hEds=
-41,-23,TtKcK8ehRsS3ORYv06SY8TJGkDQ=,Js0pxgmq17j3KS01z5bJ5o8hEds=
-42,-23,TtKcK8ehRsS3ORYv06SY8TJGkDQ=,Js0pxgmq17j3KS01z5bJ5o8hEds=
-42,-18,TtKcK8ehRsS3ORYv06SY8TJGkDQ=,Js0pxgmq17j3KS01z5bJ5o8hEds=
-43,-23,TtKcK8ehRsS3ORYv06SY8TJGkDQ=,Js0pxgmq17j3KS01z5bJ5o8hEds=
-45,-27,TtKcK8ehRsS3ORYv06SY8TJGkDQ=,Js0pxgmq17j3KS01z5bJ5o8hEds=
-43,-18,TtKcK8ehRsS3ORYv06SY8TJGkDQ=,Js0pxgmq17j3KS01z5bJ5o8hEds=
-46,-27,TtKcK8ehRsS3ORYv06SY8TJGkDQ=,Js0pxgmq17j3KS01z5bJ5o8hEds=
-41,-22,TtKcK8ehRsS3ORYv06SY8TJGkDQ=,Js0pxgmq17j3KS01z5bJ5o8hEds=
-47,-27,TtKcK8ehRsS3ORYv06SY8TJGkDQ=,Js0pxgmq17j3KS01z5bJ5o8hEds=
-44,-26,TtKcK8ehRsS3ORYv06SY8TJGkDQ=,Js0pxgmq17j3KS01z5bJ5o8hEds=
-44,-27,TtKcK8ehRsS3ORYv06SY8TJGkDQ=,Js0pxgmq17j3KS01z5bJ5o8hEds=
-45,-26,TtKcK8ehRsS3ORYv06SY8TJGkDQ=,Js0pxgmq17j3KS01z5bJ5o8hEds=
-46,-26,TtKcK8ehRsS3ORYv06SY8TJGkDQ=,Js0pxgmq17j3KS01z5bJ5o8hEds=
-42,-22,TtKcK8ehRsS3ORYv06SY8TJGkDQ=,Js0pxgmq17j3KS01z5bJ5o8hEds=
-47,-26,TtKcK8ehRsS3ORYv06SY8TJGkDQ=,Js0pxgmq17j3KS01z5bJ5o8hEds=
-41,-20,TtKcK8ehRsS3ORYv06SY8TJGkDQ=,Js0pxgmq17j3KS01z5bJ5o8hEds=
-43,-22,TtKcK8ehRsS3ORYv06SY8TJGkDQ=,Js0pxgmq17j3KS01z5bJ5o8hEds=
-41,-19,TtKcK8ehRsS3ORYv06SY8TJGkDQ=,Js0pxgmq17j3KS01z5bJ5o8hEds=
-42,-24,TtKcK8ehRsS3ORYv06SY8TJGkDQ=,Js0pxgmq17j3KS01z5bJ5o8hEds=
-43,-24,TtKcK8ehRsS3ORYv06SY8TJGkDQ=,Js0pxgmq17j3KS01z5bJ5o8hEds=
-45,-25,TtKcK8ehRsS3ORYv06SY8TJGkDQ=,Js0pxgmq17j3KS01z5bJ5o8hEds=
-42,-19,TtKcK8ehRsS3ORYv06SY8TJGkDQ=,Js0pxgmq17j3KS01z5bJ5o8hEds=
-46,-25,TtKcK8ehRsS3ORYv06SY8TJGkDQ=,Js0pxgmq17j3KS01z5bJ5o8hEds=
-45,-23,TtKcK8ehRsS3ORYv06SY8TJGkDQ=,Js0pxgmq17j3KS01z5bJ5o8hEds=
-48,-23,TtKcK8ehRsS3ORYv06SY8TJGkDQ=,Js0pxgmq17j3KS01z5bJ5o8hEds=
-42,-20,TtKcK8ehRsS3ORYv06SY8TJGkDQ=,Js0pxgmq17j3KS01z5bJ5o8hEds=
-48,-22,TtKcK8ehRsS3ORYv06SY8TJGkDQ=,Js0pxgmq17j3KS01z5bJ5o8hEds=
-46,-23,TtKcK8ehRsS3ORYv06SY8TJGkDQ=,Js0pxgmq17j3KS01z5bJ5o8hEds=
-44,-25,TtKcK8ehRsS3ORYv06SY8TJGkDQ=,Js0pxgmq17j3KS01z5bJ5o8hEds=
-43,-19,TtKcK8ehRsS3ORYv06SY8TJGkDQ=,Js0pxgmq17j3KS01z5bJ5o8hEds=
-47,-23,TtKcK8ehRsS3ORYv06SY8TJGkDQ=,Js0pxgmq17j3KS01z5bJ5o8hEds=
-43,-20,TtKcK8ehRsS3ORYv06SY8TJGkDQ=,Js0pxgmq17j3KS01z5bJ5o8hEds=
-42,-17,TtKcK8ehRsS3ORYv06SY8TJGkDQ=,Js0pxgmq17j3KS01z5bJ5o8hEds=
-45,-24,TtKcK8ehRsS3ORYv06SY8TJGkDQ=,Js0pxgmq17j3KS01z5bJ5o8hEds=
-41,-21,TtKcK8ehRsS3ORYv06SY8TJGkDQ=,Js0pxgmq17j3KS01z5bJ5o8hEds=
-43,-17,TtKcK8ehRsS3ORYv06SY8TJGkDQ=,Js0pxgmq17j3KS01z5bJ5o8hEds=
-46,-24,TtKcK8ehRsS3ORYv06SY8TJGkDQ=,Js0pxgmq17j3KS01z5bJ5o8hEds=
-44,-18,TtKcK8ehRsS3ORYv06SY8TJGkDQ=,Js0pxgmq17j3KS01z5bJ5o8hEds=
-44,-20,TtKcK8ehRsS3ORYv06SY8TJGkDQ=,Js0pxgmq17j3KS01z5bJ5o8hEds=
-42,-21,TtKcK8ehRsS3ORYv06SY8TJGkDQ=,Js0pxgmq17j3KS01z5bJ5o8hEds=
-47,-24,rH9STabHf4O7VcNcIWBxIqeUWJo=,Js0pxgmq17j3KS01z5bJ5o8hEds=
-45,-17,rH9STabHf4O7VcNcIWBxIqeUWJo=,Js0pxgmq17j3KS01z5bJ5o8hEds=
-41,-17,rH9STabHf4O7VcNcIWBxIqeUWJo=,Js0pxgmq17j3KS01z5bJ5o8hEds=
-43,-21,rH9STabHf4O7VcNcIWBxIqeUWJo=,Js0pxgmq17j3KS01z5bJ5o8hEds=
-44,-22,rH9STabHf4O7VcNcIWBxIqeUWJo=,Js0pxgmq17j3KS01z5bJ5o8hEds=
-46,-17,rH9STabHf4O7VcNcIWBxIqeUWJo=,Js0pxgmq17j3KS01z5bJ5o8hEds=
-45,-22,rH9STabHf4O7VcNcIWBxIqeUWJo=,Js0pxgmq17j3KS01z5bJ5o8hEds=
-47,-17,rH9STabHf4O7VcNcIWBxIqeUWJo=,Js0pxgmq17j3KS01z5bJ5o8hEds=
-45,-18,rH9STabHf4O7VcNcIWBxIqeUWJo=,Js0pxgmq17j3KS01z5bJ5o8hEds=
-46,-22,rH9STabHf4O7VcNcIWBxIqeUWJo=,Js0pxgmq17j3KS01z5bJ5o8hEds=
-44,-21,rH9STabHf4O7VcNcIWBxIqeUWJo=,Js0pxgmq17j3KS01z5bJ5o8hEds=
-46,-18,rH9STabHf4O7VcNcIWBxIqeUWJo=,Js0pxgmq17j3KS01z5bJ5o8hEds=
-47,-22,rH9STabHf4O7VcNcIWBxIqeUWJo=,Js0pxgmq17j3KS01z5bJ5o8hEds=
-47,-18,rH9STabHf4O7VcNcIWBxIqeUWJo=,Js0pxgmq17j3KS01z5bJ5o8hEds=
-47,-25,rH9STabHf4O7VcNcIWBxIqeUWJo=,Js0pxgmq17j3KS01z5bJ5o8hEds=
-48,-18,rH9STabHf4O7VcNcIWBxIqeUWJo=,Js0pxgmq17j3KS01z5bJ5o8hEds=
-44,-23,rH9STabHf4O7VcNcIWBxIqeUWJo=,Js0pxgmq17j3KS01z5bJ5o8hEds=
-45,-19,rH9STabHf4O7VcNcIWBxIqeUWJo=,Js0pxgmq17j3KS01z5bJ5o8hEds=
-44,-24,rH9STabHf4O7VcNcIWBxIqeUWJo=,Js0pxgmq17j3KS01z5bJ5o8hEds=
-46,-19,rH9STabHf4O7VcNcIWBxIqeUWJo=,Js0pxgmq17j3KS01z5bJ5o8hEds=
-45,-21,rH9STabHf4O7VcNcIWBxIqeUWJo=,Js0pxgmq17j3KS01z5bJ5o8hEds=
-46,-21,rH9STabHf4O7VcNcIWBxIqeUWJo=,Js0pxgmq17j3KS01z5bJ5o8hEds=
-47,-21,rH9STabHf4O7VcNcIWBxIqeUWJo=,Js0pxgmq17j3KS01z5bJ5o8hEds=
-41,-25,rH9STabHf4O7VcNcIWBxIqeUWJo=,Js0pxgmq17j3KS01z5bJ5o8hEds=
-48,-21,rH9STabHf4O7VcNcIWBxIqeUWJo=,Js0pxgmq17j3KS01z5bJ5o8hEds=
-41,-28,rH9STabHf4O7VcNcIWBxIqeUWJo=,Js0pxgmq17j3KS01z5bJ5o8hEds=
-42,-28,rH9STabHf4O7VcNcIWBxIqeUWJo=,Js0pxgmq17j3KS01z5bJ5o8hEds=
-45,-31,rH9STabHf4O7VcNcIWBxIqeUWJo=,Js0pxgmq17j3KS01z5bJ5o8hEds=
-44,-17,rH9STabHf4O7VcNcIWBxIqeUWJo=,Js0pxgmq17j3KS01z5bJ5o8hEds=
-46,-31,rH9STabHf4O7VcNcIWBxIqeUWJo=,Js0pxgmq17j3KS01z5bJ5o8hEds=
-43,-28,rH9STabHf4O7VcNcIWBxIqeUWJo=,Js0pxgmq17j3KS01z5bJ5o8hEds=
-45,-30,rH9STabHf4O7VcNcIWBxIqeUWJo=,Js0pxgmq17j3KS01z5bJ5o8hEds=
-48,-31,rH9STabHf4O7VcNcIWBxIqeUWJo=,Js0pxgmq17j3KS01z5bJ5o8hEds=
-47,-19,rH9STabHf4O7VcNcIWBxIqeUWJo=,Js0pxgmq17j3KS01z5bJ5o8hEds=
-47,-31,rH9STabHf4O7VcNcIWBxIqeUWJo=,Js0pxgmq17j3KS01z5bJ5o8hEds=
-48,-30,rH9STabHf4O7VcNcIWBxIqeUWJo=,Js0pxgmq17j3KS01z5bJ5o8hEds=
-46,-30,rH9STabHf4O7VcNcIWBxIqeUWJo=,Js0pxgmq17j3KS01z5bJ5o8hEds=
-48,-19,rH9STabHf4O7VcNcIWBxIqeUWJo=,Js0pxgmq17j3KS01z5bJ5o8hEds=
-45,-29,rH9STabHf4O7VcNcIWBxIqeUWJo=,Js0pxgmq17j3KS01z5bJ5o8hEds=
-48,-27,rH9STabHf4O7VcNcIWBxIqeUWJo=,Js0pxgmq17j3KS01z5bJ5o8hEds=
-45,-20,rH9STabHf4O7VcNcIWBxIqeUWJo=,Js0pxgmq17j3KS01z5bJ5o8hEds=
-48,-29,rH9STabHf4O7VcNcIWBxIqeUWJo=,Js0pxgmq17j3KS01z5bJ5o8hEds=
-46,-29,rH9STabHf4O7VcNcIWBxIqeUWJo=,Js0pxgmq17j3KS01z5bJ5o8hEds=
-47,-30,rH9STabHf4O7VcNcIWBxIqeUWJo=,Js0pxgmq17j3KS01z5bJ5o8hEds=
-41,-26,rH9STabHf4O7VcNcIWBxIqeUWJo=,Js0pxgmq17j3KS01z5bJ5o8hEds=
-47,-29,rH9STabHf4O7VcNcIWBxIqeUWJo=,Js0pxgmq17j3KS01z5bJ5o8hEds=
-48,-24,rH9STabHf4O7VcNcIWBxIqeUWJo=,Js0pxgmq17j3KS01z5bJ5o8hEds=
-46,-20,rH9STabHf4O7VcNcIWBxIqeUWJo=,Js0pxgmq17j3KS01z5bJ5o8hEds=
-44,-28,rH9STabHf4O7VcNcIWBxIqeUWJo=,Js0pxgmq17j3KS01z5bJ5o8hEds=
-41,-27,rH9STabHf4O7VcNcIWBxIqeUWJo=,Js0pxgmq17j3KS01z5bJ5o8hEds=
-48,-28,rH9STabHf4O7VcNcIWBxIqeUWJo=,Js0pxgmq17j3KS01z5bJ5o8hEds=
-45,-28,rH9STabHf4O7VcNcIWBxIqeUWJo=,Js0pxgmq17j3KS01z5bJ5o8hEds=
-46,-28,rH9STabHf4O7VcNcIWBxIqeUWJo=,Js0pxgmq17j3KS01z5bJ5o8hEds=
-47,-28,rH9STabHf4O7VcNcIWBxIqeUWJo=,Js0pxgmq17j3KS01z5bJ5o8hEds=
-47,-20,rH9STabHf4O7VcNcIWBxIqeUWJo=,Js0pxgmq17j3KS01z5bJ5o8hEds=
-48,-25,rH9STabHf4O7VcNcIWBxIqeUWJo=,Js0pxgmq17j3KS01z5bJ5o8hEds=
-46,-32,rH9STabHf4O7VcNcIWBxIqeUWJo=,Js0pxgmq17j3KS01z5bJ5o8hEds=
-47,-32,rH9STabHf4O7VcNcIWBxIqeUWJo=,Js0pxgmq17j3KS01z5bJ5o8hEds=
-48,-26,rH9STabHf4O7VcNcIWBxIqeUWJo=,Js0pxgmq17j3KS01z5bJ5o8hEds=
-48,-20,rH9STabHf4O7VcNcIWBxIqeUWJo=,Js0pxgmq17j3KS01z5bJ5o8hEds=
-45,-32,rH9STabHf4O7VcNcIWBxIqeUWJo=,Js0pxgmq17j3KS01z5bJ5o8hEds=
-44,-19,rH9STabHf4O7VcNcIWBxIqeUWJo=,Js0pxgmq17j3KS01z5bJ5o8hEds=
-48,-17,rH9STabHf4O7VcNcIWBxIqeUWJo=,Js0pxgmq17j3KS01z5bJ5o8hEds=
-48,-32,rH9STabHf4O7VcNcIWBxIqeUWJo=,Js0pxgmq17j3KS01z5bJ5o8hEds=
-41,-24,rH9STabHf4O7VcNcIWBxIqeUWJo=,Js0pxgmq17j3KS01z5bJ5o8hEds=
-51,-15,HX15oP0eWeAOpHUzQR/z2MVhaUE=,Js0pxgmq17j3KS01z5bJ5o8hEds=
-52,-16,HX15oP0eWeAOpHUzQR/z2MVhaUE=,Js0pxgmq17j3KS01z5bJ5o8hEds=
-49,-15,HX15oP0eWeAOpHUzQR/z2MVhaUE=,Js0pxgmq17j3KS01z5bJ5o8hEds=
-50,-15,HX15oP0eWeAOpHUzQR/z2MVhaUE=,Js0pxgmq17j3KS01z5bJ5o8hEds=
-52,-15,HX15oP0eWeAOpHUzQR/z2MVhaUE=,Js0pxgmq17j3KS01z5bJ5o8hEds=
-49,-16,HX15oP0eWeAOpHUzQR/z2MVhaUE=,Js0pxgmq17j3KS01z5bJ5o8hEds=
-49,-13,HX15oP0eWeAOpHUzQR/z2MVhaUE=,Js0pxgmq17j3KS01z5bJ5o8hEds=
-50,-16,HX15oP0eWeAOpHUzQR/z2MVhaUE=,Js0pxgmq17j3KS01z5bJ5o8hEds=
-50,-13,HX15oP0eWeAOpHUzQR/z2MVhaUE=,Js0pxgmq17j3KS01z5bJ5o8hEds=
-51,-13,HX15oP0eWeAOpHUzQR/z2MVhaUE=,Js0pxgmq17j3KS01z5bJ5o8hEds=
-51,-16,HX15oP0eWeAOpHUzQR/z2MVhaUE=,Js0pxgmq17j3KS01z5bJ5o8hEds=
-52,-13,HX15oP0eWeAOpHUzQR/z2MVhaUE=,Js0pxgmq17j3KS01z5bJ5o8hEds=
-49,-14,HX15oP0eWeAOpHUzQR/z2MVhaUE=,Js0pxgmq17j3KS01z5bJ5o8hEds=
-50,-14,HX15oP0eWeAOpHUzQR/z2MVhaUE=,Js0pxgmq17j3KS01z5bJ5o8hEds=
-51,-14,HX15oP0eWeAOpHUzQR/z2MVhaUE=,Js0pxgmq17j3KS01z5bJ5o8hEds=
-52,-14,HX15oP0eWeAOpHUzQR/z2MVhaUE=,Js0pxgmq17j3KS01z5bJ5o8hEds=
-50,-31,HX15oP0eWeAOpHUzQR/z2MVhaUE=,Js0pxgmq17j3KS01z5bJ5o8hEds=
-53,-30,HX15oP0eWeAOpHUzQR/z2MVhaUE=,Js0pxgmq17j3KS01z5bJ5o8hEds=
-51,-31,HX15oP0eWeAOpHUzQR/z2MVhaUE=,Js0pxgmq17j3KS01z5bJ5o8hEds=
-54,-30,HX15oP0eWeAOpHUzQR/z2MVhaUE=,Js0pxgmq17j3KS01z5bJ5o8hEds=
-51,-30,HX15oP0eWeAOpHUzQR/z2MVhaUE=,Js0pxgmq17j3KS01z5bJ5o8hEds=
-52,-30,HX15oP0eWeAOpHUzQR/z2MVhaUE=,Js0pxgmq17j3KS01z5bJ5o8hEds=
-50,-30,HX15oP0eWeAOpHUzQR/z2MVhaUE=,Js0pxgmq17j3KS01z5bJ5o8hEds=
-52,-31,HX15oP0eWeAOpHUzQR/z2MVhaUE=,Js0pxgmq17j3KS01z5bJ5o8hEds=
-55,-30,HX15oP0eWeAOpHUzQR/z2MVhaUE=,Js0pxgmq17j3KS01z5bJ5o8hEds=
-53,-31,HX15oP0eWeAOpHUzQR/z2MVhaUE=,Js0pxgmq17j3KS01z5bJ5o8hEds=
-54,-31,HX15oP0eWeAOpHUzQR/z2MVhaUE=,Js0pxgmq17j3KS01z5bJ5o8hEds=
-55,-31,HX15oP0eWeAOpHUzQR/z2MVhaUE=,Js0pxgmq17j3KS01z5bJ5o8hEds=
-54,-28,HX15oP0eWeAOpHUzQR/z2MVhaUE=,Js0pxgmq17j3KS01z5bJ5o8hEds=
-54,-29,HX15oP0eWeAOpHUzQR/z2MVhaUE=,Js0pxgmq17j3KS01z5bJ5o8hEds=
-54,-26,HX15oP0eWeAOpHUzQR/z2MVhaUE=,Js0pxgmq17j3KS01z5bJ5o8hEds=
-55,-26,HX15oP0eWeAOpHUzQR/z2MVhaUE=,Js0pxgmq17j3KS01z5bJ5o8hEds=
-51,-29,HX15oP0eWeAOpHUzQR/z2MVhaUE=,Js0pxgmq17j3KS01z5bJ5o8hEds=
-55,-28,HX15oP0eWeAOpHUzQR/z2MVhaUE=,Js0pxgmq17j3KS01z5bJ5o8hEds=
-52,-29,HX15oP0eWeAOpHUzQR/z2MVhaUE=,Js0pxgmq17j3KS01z5bJ5o8hEds=
-54,-27,HX15oP0eWeAOpHUzQR/z2MVhaUE=,Js0pxgmq17j3KS01z5bJ5o8hEds=
-50,-28,HX15oP0eWeAOpHUzQR/z2MVhaUE=,Js0pxgmq17j3KS01z5bJ5o8hEds=
-52,-28,HX15oP0eWeAOpHUzQR/z2MVhaUE=,Js0pxgmq17j3KS01z5bJ5o8hEds=
-50,-29,HX15oP0eWeAOpHUzQR/z2MVhaUE=,Js0pxgmq17j3KS01z5bJ5o8hEds=
-53,-28,HX15oP0eWeAOpHUzQR/z2MVhaUE=,Js0pxgmq17j3KS01z5bJ5o8hEds=
-55,-27,HX15oP0eWeAOpHUzQR/z2MVhaUE=,Js0pxgmq17j3KS01z5bJ5o8hEds=
-55,-29,HX15oP0eWeAOpHUzQR/z2MVhaUE=,Js0pxgmq17j3KS01z5bJ5o8hEds=
-51,-28,HX15oP0eWeAOpHUzQR/z2MVhaUE=,Js0pxgmq17j3KS01z5bJ5o8hEds=
-54,-25,HX15oP0eWeAOpHUzQR/z2MVhaUE=,Js0pxgmq17j3KS01z5bJ5o8hEds=
-53,-29,HX15oP0eWeAOpHUzQR/z2MVhaUE=,Js0pxgmq17j3KS01z5bJ5o8hEds=
-55,-25,HX15oP0eWeAOpHUzQR/z2MVhaUE=,Js0pxgmq17j3KS01z5bJ5o8hEds=
-54,-18,HX15oP0eWeAOpHUzQR/z2MVhaUE=,Js0pxgmq17j3KS01z5bJ5o8hEds=
-53,-26,HX15oP0eWeAOpHUzQR/z2MVhaUE=,Js0pxgmq17j3KS01z5bJ5o8hEds=
-54,-19,HX15oP0eWeAOpHUzQR/z2MVhaUE=,Js0pxgmq17j3KS01z5bJ5o8hEds=
-55,-24,HX15oP0eWeAOpHUzQR/z2MVhaUE=,Js0pxgmq17j3KS01z5bJ5o8hEds=
-54,-20,HX15oP0eWeAOpHUzQR/z2MVhaUE=,Js0pxgmq17j3KS01z5bJ5o8hEds=
-50,-22,HX15oP0eWeAOpHUzQR/z2MVhaUE=,Js0pxgmq17j3KS01z5bJ5o8hEds=
-53,-27,HX15oP0eWeAOpHUzQR/z2MVhaUE=,Js0pxgmq17j3KS01z5bJ5o8hEds=
-55,-20,HX15oP0eWeAOpHUzQR/z2MVhaUE=,Js0pxgmq17j3KS01z5bJ5o8hEds=
-55,-19,HX15oP0eWeAOpHUzQR/z2MVhaUE=,Js0pxgmq17j3KS01z5bJ5o8hEds=
-54,-22,HX15oP0eWeAOpHUzQR/z2MVhaUE=,Js0pxgmq17j3KS01z5bJ5o8hEds=
-55,-18,HX15oP0eWeAOpHUzQR/z2MVhaUE=,Js0pxgmq17j3KS01z5bJ5o8hEds=
-50,-26,HX15oP0eWeAOpHUzQR/z2MVhaUE=,Js0pxgmq17j3KS01z5bJ5o8hEds=
-51,-22,HX15oP0eWeAOpHUzQR/z2MVhaUE=,Js0pxgmq17j3KS01z5bJ5o8hEds=
-55,-22,HX15oP0eWeAOpHUzQR/z2MVhaUE=,Js0pxgmq17j3KS01z5bJ5o8hEds=
-54,-21,HX15oP0eWeAOpHUzQR/z2MVhaUE=,Js0pxgmq17j3KS01z5bJ5o8hEds=
-53,-25,HX15oP0eWeAOpHUzQR/z2MVhaUE=,Js0pxgmq17j3KS01z5bJ5o8hEds=
-51,-26,HX15oP0eWeAOpHUzQR/z2MVhaUE=,Js0pxgmq17j3KS01z5bJ5o8hEds=
-54,-24,HX15oP0eWeAOpHUzQR/z2MVhaUE=,Js0pxgmq17j3KS01z5bJ5o8hEds=
-55,-21,HX15oP0eWeAOpHUzQR/z2MVhaUE=,Js0pxgmq17j3KS01z5bJ5o8hEds=
-52,-22,HX15oP0eWeAOpHUzQR/z2MVhaUE=,Js0pxgmq17j3KS01z5bJ5o8hEds=
-52,-26,HX15oP0eWeAOpHUzQR/z2MVhaUE=,Js0pxgmq17j3KS01z5bJ5o8hEds=
-54,-23,HX15oP0eWeAOpHUzQR/z2MVhaUE=,Js0pxgmq17j3KS01z5bJ5o8hEds=
-50,-23,HX15oP0eWeAOpHUzQR/z2MVhaUE=,Js0pxgmq17j3KS01z5bJ5o8hEds=
-50,-27,HX15oP0eWeAOpHUzQR/z2MVhaUE=,Js0pxgmq17j3KS01z5bJ5o8hEds=
-55,-23,HX15oP0eWeAOpHUzQR/z2MVhaUE=,Js0pxgmq17j3KS01z5bJ5o8hEds=
-53,-19,HX15oP0eWeAOpHUzQR/z2MVhaUE=,Js0pxgmq17j3KS01z5bJ5o8hEds=
-51,-23,HX15oP0eWeAOpHUzQR/z2MVhaUE=,Js0pxgmq17j3KS01z5bJ5o8hEds=
-49,-18,HX15oP0eWeAOpHUzQR/z2MVhaUE=,Js0pxgmq17j3KS01z5bJ5o8hEds=
-53,-18,HX15oP0eWeAOpHUzQR/z2MVhaUE=,Js0pxgmq17j3KS01z5bJ5o8hEds=
-51,-27,HX15oP0eWeAOpHUzQR/z2MVhaUE=,Js0pxgmq17j3KS01z5bJ5o8hEds=
-52,-21,HX15oP0eWeAOpHUzQR/z2MVhaUE=,Js0pxgmq17j3KS01z5bJ5o8hEds=
-49,-19,HX15oP0eWeAOpHUzQR/z2MVhaUE=,Js0pxgmq17j3KS01z5bJ5o8hEds=
-52,-23,HX15oP0eWeAOpHUzQR/z2MVhaUE=,Js0pxgmq17j3KS01z5bJ5o8hEds=
-52,-27,HX15oP0eWeAOpHUzQR/z2MVhaUE=,Js0pxgmq17j3KS01z5bJ5o8hEds=
-51,-18,HX15oP0eWeAOpHUzQR/z2MVhaUE=,Js0pxgmq17j3KS01z5bJ5o8hEds=
-53,-20,ljI25rs0AfhmC2LHzuOaS5WhZqc=,Js0pxgmq17j3KS01z5bJ5o8hEds=
-50,-20,ljI25rs0AfhmC2LHzuOaS5WhZqc=,Js0pxgmq17j3KS01z5bJ5o8hEds=
-53,-24,ljI25rs0AfhmC2LHzuOaS5WhZqc=,Js0pxgmq17j3KS01z5bJ5o8hEds=
-51,-19,ljI25rs0AfhmC2LHzuOaS5WhZqc=,Js0pxgmq17j3KS01z5bJ5o8hEds=
-49,-25,ljI25rs0AfhmC2LHzuOaS5WhZqc=,Js0pxgmq17j3KS01z5bJ5o8hEds=
-49,-22,ljI25rs0AfhmC2LHzuOaS5WhZqc=,Js0pxgmq17j3KS01z5bJ5o8hEds=
-50,-25,ljI25rs0AfhmC2LHzuOaS5WhZqc=,Js0pxgmq17j3KS01z5bJ5o8hEds=
-52,-19,ljI25rs0AfhmC2LHzuOaS5WhZqc=,Js0pxgmq17j3KS01z5bJ5o8hEds=
-50,-19,ljI25rs0AfhmC2LHzuOaS5WhZqc=,Js0pxgmq17j3KS01z5bJ5o8hEds=
-51,-20,ljI25rs0AfhmC2LHzuOaS5WhZqc=,Js0pxgmq17j3KS01z5bJ5o8hEds=
-51,-25,ljI25rs0AfhmC2LHzuOaS5WhZqc=,Js0pxgmq17j3KS01z5bJ5o8hEds=
-49,-24,ljI25rs0AfhmC2LHzuOaS5WhZqc=,Js0pxgmq17j3KS01z5bJ5o8hEds=
-50,-21,ljI25rs0AfhmC2LHzuOaS5WhZqc=,Js0pxgmq17j3KS01z5bJ5o8hEds=
-49,-20,ljI25rs0AfhmC2LHzuOaS5WhZqc=,Js0pxgmq17j3KS01z5bJ5o8hEds=
-52,-25,ljI25rs0AfhmC2LHzuOaS5WhZqc=,Js0pxgmq17j3KS01z5bJ5o8hEds=
-51,-21,ljI25rs0AfhmC2LHzuOaS5WhZqc=,Js0pxgmq17j3KS01z5bJ5o8hEds=
-49,-26,ljI25rs0AfhmC2LHzuOaS5WhZqc=,Js0pxgmq17j3KS01z5bJ5o8hEds=
-50,-18,ljI25rs0AfhmC2LHzuOaS5WhZqc=,Js0pxgmq17j3KS01z5bJ5o8hEds=
-49,-23,ljI25rs0AfhmC2LHzuOaS5WhZqc=,Js0pxgmq17j3KS01z5bJ5o8hEds=
-50,-24,ljI25rs0AfhmC2LHzuOaS5WhZqc=,Js0pxgmq17j3KS01z5bJ5o8hEds=
-52,-20,ljI25rs0AfhmC2LHzuOaS5WhZqc=,Js0pxgmq17j3KS01z5bJ5o8hEds=
-49,-27,ljI25rs0AfhmC2LHzuOaS5WhZqc=,Js0pxgmq17j3KS01z5bJ5o8hEds=
-51,-24,ljI25rs0AfhmC2LHzuOaS5WhZqc=,Js0pxgmq17j3KS01z5bJ5o8hEds=
-53,-21,ljI25rs0AfhmC2LHzuOaS5WhZqc=,Js0pxgmq17j3KS01z5bJ5o8hEds=
-49,-21,ljI25rs0AfhmC2LHzuOaS5WhZqc=,Js0pxgmq17j3KS01z5bJ5o8hEds=
-49,-29,ljI25rs0AfhmC2LHzuOaS5WhZqc=,Js0pxgmq17j3KS01z5bJ5o8hEds=
-52,-18,ljI25rs0AfhmC2LHzuOaS5WhZqc=,Js0pxgmq17j3KS01z5bJ5o8hEds=
-50,-32,ljI25rs0AfhmC2LHzuOaS5WhZqc=,Js0pxgmq17j3KS01z5bJ5o8hEds=
-49,-31,ljI25rs0AfhmC2LHzuOaS5WhZqc=,Js0pxgmq17j3KS01z5bJ5o8hEds=
-52,-24,ljI25rs0AfhmC2LHzuOaS5WhZqc=,Js0pxgmq17j3KS01z5bJ5o8hEds=
-51,-32,ljI25rs0AfhmC2LHzuOaS5WhZqc=,Js0pxgmq17j3KS01z5bJ5o8hEds=
-49,-30,ljI25rs0AfhmC2LHzuOaS5WhZqc=,Js0pxgmq17j3KS01z5bJ5o8hEds=
-49,-28,ljI25rs0AfhmC2LHzuOaS5WhZqc=,Js0pxgmq17j3KS01z5bJ5o8hEds=
-53,-22,ljI25rs0AfhmC2LHzuOaS5WhZqc=,Js0pxgmq17j3KS01z5bJ5o8hEds=
-53,-23,ljI25rs0AfhmC2LHzuOaS5WhZqc=,Js0pxgmq17j3KS01z5bJ5o8hEds=
-57,-18,ljI25rs0AfhmC2LHzuOaS5WhZqc=,Js0pxgmq17j3KS01z5bJ5o8hEds=
-61,-18,ljI25rs0AfhmC2LHzuOaS5WhZqc=,Js0pxgmq17j3KS01z5bJ5o8hEds=
-58,-18,ljI25rs0AfhmC2LHzuOaS5WhZqc=,Js0pxgmq17j3KS01z5bJ5o8hEds=
-62,-18,ljI25rs0AfhmC2LHzuOaS5WhZqc=,Js0pxgmq17j3KS01z5bJ5o8hEds=
-59,-18,ljI25rs0AfhmC2LHzuOaS5WhZqc=,Js0pxgmq17j3KS01z5bJ5o8hEds=
-63,-18,ljI25rs0AfhmC2LHzuOaS5WhZqc=,Js0pxgmq17j3KS01z5bJ5o8hEds=
-57,-19,ljI25rs0AfhmC2LHzuOaS5WhZqc=,Js0pxgmq17j3KS01z5bJ5o8hEds=
-61,-19,ljI25rs0AfhmC2LHzuOaS5WhZqc=,Js0pxgmq17j3KS01z5bJ5o8hEds=
-58,-19,ljI25rs0AfhmC2LHzuOaS5WhZqc=,Js0pxgmq17j3KS01z5bJ5o8hEds=
-62,-19,ljI25rs0AfhmC2LHzuOaS5WhZqc=,Js0pxgmq17j3KS01z5bJ5o8hEds=
-56,-18,ljI25rs0AfhmC2LHzuOaS5WhZqc=,Js0pxgmq17j3KS01z5bJ5o8hEds=
-60,-18,ljI25rs0AfhmC2LHzuOaS5WhZqc=,Js0pxgmq17j3KS01z5bJ5o8hEds=
-59,-19,ljI25rs0AfhmC2LHzuOaS5WhZqc=,Js0pxgmq17j3KS01z5bJ5o8hEds=
-63,-19,ljI25rs0AfhmC2LHzuOaS5WhZqc=,Js0pxgmq17j3KS01z5bJ5o8hEds=
-56,-19,ljI25rs0AfhmC2LHzuOaS5WhZqc=,Js0pxgmq17j3KS01z5bJ5o8hEds=
-60,-19,ljI25rs0AfhmC2LHzuOaS5WhZqc=,Js0pxgmq17j3KS01z5bJ5o8hEds=
-62,-26,ljI25rs0AfhmC2LHzuOaS5WhZqc=,Js0pxgmq17j3KS01z5bJ5o8hEds=
-63,-26,ljI25rs0AfhmC2LHzuOaS5WhZqc=,Js0pxgmq17j3KS01z5bJ5o8hEds=
-62,-27,ljI25rs0AfhmC2LHzuOaS5WhZqc=,Js0pxgmq17j3KS01z5bJ5o8hEds=
-63,-27,ljI25rs0AfhmC2LHzuOaS5WhZqc=,Js0pxgmq17j3KS01z5bJ5o8hEds=
-56,-30,ljI25rs0AfhmC2LHzuOaS5WhZqc=,Js0pxgmq17j3KS01z5bJ5o8hEds=
-56,-31,ljI25rs0AfhmC2LHzuOaS5WhZqc=,Js0pxgmq17j3KS01z5bJ5o8hEds=
-62,-28,ljI25rs0AfhmC2LHzuOaS5WhZqc=,Js0pxgmq17j3KS01z5bJ5o8hEds=
-63,-28,ljI25rs0AfhmC2LHzuOaS5WhZqc=,Js0pxgmq17j3KS01z5bJ5o8hEds=
-64,-26,ljI25rs0AfhmC2LHzuOaS5WhZqc=,Js0pxgmq17j3KS01z5bJ5o8hEds=
-64,-27,ljI25rs0AfhmC2LHzuOaS5WhZqc=,Js0pxgmq17j3KS01z5bJ5o8hEds=
-62,-25,ljI25rs0AfhmC2LHzuOaS5WhZqc=,Js0pxgmq17j3KS01z5bJ5o8hEds=
-64,-18,ljI25rs0AfhmC2LHzuOaS5WhZqc=,Js0pxgmq17j3KS01z5bJ5o8hEds=
-64,-20,ljI25rs0AfhmC2LHzuOaS5WhZqc=,Js0pxgmq17j3KS01z5bJ5o8hEds=
-62,-22,ljI25rs0AfhmC2LHzuOaS5WhZqc=,Js0pxgmq17j3KS01z5bJ5o8hEds=
-64,-21,ljI25rs0AfhmC2LHzuOaS5WhZqc=,Js0pxgmq17j3KS01z5bJ5o8hEds=
-63,-22,ljI25rs0AfhmC2LHzuOaS5WhZqc=,Js0pxgmq17j3KS01z5bJ5o8hEds=
-64,-19,ljI25rs0AfhmC2LHzuOaS5WhZqc=,Js0pxgmq17j3KS01z5bJ5o8hEds=
-62,-17,ljI25rs0AfhmC2LHzuOaS5WhZqc=,Js0pxgmq17j3KS01z5bJ5o8hEds=
-61,-20,ljI25rs0AfhmC2LHzuOaS5WhZqc=,Js0pxgmq17j3KS01z5bJ5o8hEds=
-57,-26,ljI25rs0AfhmC2LHzuOaS5WhZqc=,Js0pxgmq17j3KS01z5bJ5o8hEds=
-63,-17,ljI25rs0AfhmC2LHzuOaS5WhZqc=,Js0pxgmq17j3KS01z5bJ5o8hEds=
-64,-22,ljI25rs0AfhmC2LHzuOaS5WhZqc=,Js0pxgmq17j3KS01z5bJ5o8hEds=
-63,-25,ljI25rs0AfhmC2LHzuOaS5WhZqc=,Js0pxgmq17j3KS01z5bJ5o8hEds=
-50,-17,ljI25rs0AfhmC2LHzuOaS5WhZqc=,Js0pxgmq17j3KS01z5bJ5o8hEds=
-57,-24,ljI25rs0AfhmC2LHzuOaS5WhZqc=,Js0pxgmq17j3KS01z5bJ5o8hEds=
-51,-17,ljI25rs0AfhmC2LHzuOaS5WhZqc=,Js0pxgmq17j3KS01z5bJ5o8hEds=
-58,-26,ljI25rs0AfhmC2LHzuOaS5WhZqc=,Js0pxgmq17j3KS01z5bJ5o8hEds=
-53,-17,ljI25rs0AfhmC2LHzuOaS5WhZqc=,Js0pxgmq17j3KS01z5bJ5o8hEds=
-61,-26,ljI25rs0AfhmC2LHzuOaS5WhZqc=,Js0pxgmq17j3KS01z5bJ5o8hEds=
-62,-24,ljI25rs0AfhmC2LHzuOaS5WhZqc=,Js0pxgmq17j3KS01z5bJ5o8hEds=
-61,-22,ljI25rs0AfhmC2LHzuOaS5WhZqc=,Js0pxgmq17j3KS01z5bJ5o8hEds=
-54,-17,ljI25rs0AfhmC2LHzuOaS5WhZqc=,Js0pxgmq17j3KS01z5bJ5o8hEds=
-64,-25,ljI25rs0AfhmC2LHzuOaS5WhZqc=,Js0pxgmq17j3KS01z5bJ5o8hEds=
-59,-26,ljI25rs0AfhmC2LHzuOaS5WhZqc=,Js0pxgmq17j3KS01z5bJ5o8hEds=
-52,-17,ljI25rs0AfhmC2LHzuOaS5WhZqc=,Js0pxgmq17j3KS01z5bJ5o8hEds=
-61,-25,ljI25rs0AfhmC2LHzuOaS5WhZqc=,Js0pxgmq17j3KS01z5bJ5o8hEds=
-55,-17,ljI25rs0AfhmC2LHzuOaS5WhZqc=,Js0pxgmq17j3KS01z5bJ5o8hEds=
-60,-26,ljI25rs0AfhmC2LHzuOaS5WhZqc=,Js0pxgmq17j3KS01z5bJ5o8hEds=
-63,-24,ljI25rs0AfhmC2LHzuOaS5WhZqc=,Js0pxgmq17j3KS01z5bJ5o8hEds=
-62,-20,ljI25rs0AfhmC2LHzuOaS5WhZqc=,Js0pxgmq17j3KS01z5bJ5o8hEds=
-57,-27,ljI25rs0AfhmC2LHzuOaS5WhZqc=,Js0pxgmq17j3KS01z5bJ5o8hEds=
-49,-17,ljI25rs0AfhmC2LHzuOaS5WhZqc=,Js0pxgmq17j3KS01z5bJ5o8hEds=
-61,-24,ljI25rs0AfhmC2LHzuOaS5WhZqc=,Js0pxgmq17j3KS01z5bJ5o8hEds=
-64,-24,ljI25rs0AfhmC2LHzuOaS5WhZqc=,Js0pxgmq17j3KS01z5bJ5o8hEds=
-61,-28,ljI25rs0AfhmC2LHzuOaS5WhZqc=,Js0pxgmq17j3KS01z5bJ5o8hEds=
-53,-32,ljI25rs0AfhmC2LHzuOaS5WhZqc=,Js0pxgmq17j3KS01z5bJ5o8hEds=
-54,-32,ljI25rs0AfhmC2LHzuOaS5WhZqc=,Js0pxgmq17j3KS01z5bJ5o8hEds=
-58,-27,ljI25rs0AfhmC2LHzuOaS5WhZqc=,Js0pxgmq17j3KS01z5bJ5o8hEds=
-58,-24,ljI25rs0AfhmC2LHzuOaS5WhZqc=,Js0pxgmq17j3KS01z5bJ5o8hEds=
-59,-27,ljI25rs0AfhmC2LHzuOaS5WhZqc=,Js0pxgmq17j3KS01z5bJ5o8hEds=
-62,-23,ljI25rs0AfhmC2LHzuOaS5WhZqc=,Js0pxgmq17j3KS01z5bJ5o8hEds=
-55,-32,ljI25rs0AfhmC2LHzuOaS5WhZqc=,Js0pxgmq17j3KS01z5bJ5o8hEds=
-63,-20,ljI25rs0AfhmC2LHzuOaS5WhZqc=,Js0pxgmq17j3KS01z5bJ5o8hEds=
-60,-27,ljI25rs0AfhmC2LHzuOaS5WhZqc=,Js0pxgmq17j3KS01z5bJ5o8hEds=
-52,-32,ljI25rs0AfhmC2LHzuOaS5WhZqc=,Js0pxgmq17j3KS01z5bJ5o8hEds=
-61,-23,ljI25rs0AfhmC2LHzuOaS5WhZqc=,Js0pxgmq17j3KS01z5bJ5o8hEds=
-57,-28,ljI25rs0AfhmC2LHzuOaS5WhZqc=,Js0pxgmq17j3KS01z5bJ5o8hEds=
-61,-17,ljI25rs0AfhmC2LHzuOaS5WhZqc=,Js0pxgmq17j3KS01z5bJ5o8hEds=
-57,-17,ljI25rs0AfhmC2LHzuOaS5WhZqc=,Js0pxgmq17j3KS01z5bJ5o8hEds=
-61,-27,ljI25rs0AfhmC2LHzuOaS5WhZqc=,Js0pxgmq17j3KS01z5bJ5o8hEds=
-63,-23,ljI25rs0AfhmC2LHzuOaS5WhZqc=,Js0pxgmq17j3KS01z5bJ5o8hEds=
-59,-24,ljI25rs0AfhmC2LHzuOaS5WhZqc=,Js0pxgmq17j3KS01z5bJ5o8hEds=
-58,-17,ljI25rs0AfhmC2LHzuOaS5WhZqc=,Js0pxgmq17j3KS01z5bJ5o8hEds=
-58,-28,ljI25rs0AfhmC2LHzuOaS5WhZqc=,Js0pxgmq17j3KS01z5bJ5o8hEds=
-57,-20,ljI25rs0AfhmC2LHzuOaS5WhZqc=,Js0pxgmq17j3KS01z5bJ5o8hEds=
-59,-28,ljI25rs0AfhmC2LHzuOaS5WhZqc=,Js0pxgmq17j3KS01z5bJ5o8hEds=
-59,-17,ljI25rs0AfhmC2LHzuOaS5WhZqc=,Js0pxgmq17j3KS01z5bJ5o8hEds=
-62,-21,ljI25rs0AfhmC2LHzuOaS5WhZqc=,Js0pxgmq17j3KS01z5bJ5o8hEds=
-60,-28,ljI25rs0AfhmC2LHzuOaS5WhZqc=,Js0pxgmq17j3KS01z5bJ5o8hEds=
-60,-17,ljI25rs0AfhmC2LHzuOaS5WhZqc=,Js0pxgmq17j3KS01z5bJ5o8hEds=
-60,-24,ljI25rs0AfhmC2LHzuOaS5WhZqc=,Js0pxgmq17j3KS01z5bJ5o8hEds=
-64,-23,ljI25rs0AfhmC2LHzuOaS5WhZqc=,Js0pxgmq17j3KS01z5bJ5o8hEds=
-56,-28,ljI25rs0AfhmC2LHzuOaS5WhZqc=,Js0pxgmq17j3KS01z5bJ5o8hEds=
-56,-17,ljI25rs0AfhmC2LHzuOaS5WhZqc=,Js0pxgmq17j3KS01z5bJ5o8hEds=
-57,-22,ljI25rs0AfhmC2LHzuOaS5WhZqc=,Js0pxgmq17j3KS01z5bJ5o8hEds=
-56,-32,ljI25rs0AfhmC2LHzuOaS5WhZqc=,Js0pxgmq17j3KS01z5bJ5o8hEds=
-63,-21,ljI25rs0AfhmC2LHzuOaS5WhZqc=,Js0pxgmq17j3KS01z5bJ5o8hEds=
-61,-21,ljI25rs0AfhmC2LHzuOaS5WhZqc=,Js0pxgmq17j3KS01z5bJ5o8hEds=
-64,-17,ljI25rs0AfhmC2LHzuOaS5WhZqc=,Js0pxgmq17j3KS01z5bJ5o8hEds=
-64,-28,ljI25rs0AfhmC2LHzuOaS5WhZqc=,Js0pxgmq17j3KS01z5bJ5o8hEds=
-56,-26,ljI25rs0AfhmC2LHzuOaS5WhZqc=,Js0pxgmq17j3KS01z5bJ5o8hEds=
-58,-20,ljI25rs0AfhmC2LHzuOaS5WhZqc=,Js0pxgmq17j3KS01z5bJ5o8hEds=
-56,-29,ljI25rs0AfhmC2LHzuOaS5WhZqc=,Js0pxgmq17j3KS01z5bJ5o8hEds=
-49,-32,ljI25rs0AfhmC2LHzuOaS5WhZqc=,Js0pxgmq17j3KS01z5bJ5o8hEds=
-56,-27,ljI25rs0AfhmC2LHzuOaS5WhZqc=,Js0pxgmq17j3KS01z5bJ5o8hEds=
-57,-21,ljI25rs0AfhmC2LHzuOaS5WhZqc=,Js0pxgmq17j3KS01z5bJ5o8hEds=
-56,-20,ljI25rs0AfhmC2LHzuOaS5WhZqc=,Js0pxgmq17j3KS01z5bJ5o8hEds=
-58,-21,ljI25rs0AfhmC2LHzuOaS5WhZqc=,Js0pxgmq17j3KS01z5bJ5o8hEds=
-59,-20,ljI25rs0AfhmC2LHzuOaS5WhZqc=,Js0pxgmq17j3KS01z5bJ5o8hEds=
-60,-20,ljI25rs0AfhmC2LHzuOaS5WhZqc=,Js0pxgmq17j3KS01z5bJ5o8hEds=
-56,-25,ljI25rs0AfhmC2LHzuOaS5WhZqc=,Js0pxgmq17j3KS01z5bJ5o8hEds=
-56,-24,ljI25rs0AfhmC2LHzuOaS5WhZqc=,Js0pxgmq17j3KS01z5bJ5o8hEds=
-56,-21,ljI25rs0AfhmC2LHzuOaS5WhZqc=,Js0pxgmq17j3KS01z5bJ5o8hEds=
-58,-22,ljI25rs0AfhmC2LHzuOaS5WhZqc=,Js0pxgmq17j3KS01z5bJ5o8hEds=
-59,-22,ljI25rs0AfhmC2LHzuOaS5WhZqc=,Js0pxgmq17j3KS01z5bJ5o8hEds=
-60,-22,ljI25rs0AfhmC2LHzuOaS5WhZqc=,Js0pxgmq17j3KS01z5bJ5o8hEds=
-57,-23,ljI25rs0AfhmC2LHzuOaS5WhZqc=,Js0pxgmq17j3KS01z5bJ5o8hEds=
-58,-23,ljI25rs0AfhmC2LHzuOaS5WhZqc=,Js0pxgmq17j3KS01z5bJ5o8hEds=
-59,-23,ljI25rs0AfhmC2LHzuOaS5WhZqc=,Js0pxgmq17j3KS01z5bJ5o8hEds=
-56,-22,LvIjgJ45tSEFZojwHRsN0pzhqCk=,Js0pxgmq17j3KS01z5bJ5o8hEds=
-59,-21,LvIjgJ45tSEFZojwHRsN0pzhqCk=,Js0pxgmq17j3KS01z5bJ5o8hEds=
-57,-25,LvIjgJ45tSEFZojwHRsN0pzhqCk=,Js0pxgmq17j3KS01z5bJ5o8hEds=
-56,-23,LvIjgJ45tSEFZojwHRsN0pzhqCk=,Js0pxgmq17j3KS01z5bJ5o8hEds=
-60,-21,LvIjgJ45tSEFZojwHRsN0pzhqCk=,Js0pxgmq17j3KS01z5bJ5o8hEds=
-58,-25,LvIjgJ45tSEFZojwHRsN0pzhqCk=,Js0pxgmq17j3KS01z5bJ5o8hEds=
-59,-25,LvIjgJ45tSEFZojwHRsN0pzhqCk=,Js0pxgmq17j3KS01z5bJ5o8hEds=
-60,-25,LvIjgJ45tSEFZojwHRsN0pzhqCk=,Js0pxgmq17j3KS01z5bJ5o8hEds=
-60,-23,LvIjgJ45tSEFZojwHRsN0pzhqCk=,Js0pxgmq17j3KS01z5bJ5o8hEds=
