7,1,tHh+ZVRHiTBGCbdFoBalTij5kHU=,QLA7yyLMBwQ7JDUgOGQlIU7LuQk=
6,1,tHh+ZVRHiTBGCbdFoBalTij5kHU=,QLA7yyLMBwQ7JDUgOGQlIU7LuQk=
5,1,tHh+ZVRHiTBGCbdFoBalTij5kHU=,QLA7yyLMBwQ7JDUgOGQlIU7LuQk=
7,0,9KBHHVeMex1q09OjJ1aVKYPKk3g=,QLA7yyLMBwQ7JDUgOGQlIU7LuQk=
6,0,9KBHHVeMex1q09OjJ1aVKYPKk3g=,QLA7yyLMBwQ7JDUgOGQlIU7LuQk=
5,0,9KBHHVeMex1q09OjJ1aVKYPKk3g=,QLA7yyLMBwQ7JDUgOGQlIU7LuQk=
7,3,tHh+ZVRHiTBGCbdFoBalTij5kHU=,QLA7yyLMBwQ7JDUgOGQlIU7LuQk=
6,3,tHh+ZVRHiTBGCbdFoBalTij5kHU=,QLA7yyLMBwQ7JDUgOGQlIU7LuQk=
5,3,tHh+ZVRHiTBGCbdFoBalTij5kHU=,QLA7yyLMBwQ7JDUgOGQlIU7LuQk=
7,2,tHh+ZVRHiTBGCbdFoBalTij5kHU=,QLA7yyLMBwQ7JDUgOGQlIU7LuQk=
6,2,tHh+ZVRHiTBGCbdFoBalTij5kHU=,QLA7yyLMBwQ7JDUgOGQlIU7LuQk=
5,2,tHh+ZVRHiTBGCbdFoBalTij5kHU=,QLA7yyLMBwQ7JDUgOGQlIU7LuQk=
4,2,tHh+ZVRHiTBGCbdFoBalTij5kHU=,QLA7yyLMBwQ7JDUgOGQlIU7LuQk=
4,1,tHh+ZVRHiTBGCbdFoBalTij5kHU=,QLA7yyLMBwQ7JDUgOGQlIU7LuQk=
4,0,9KBHHVeMex1q09OjJ1aVKYPKk3g=,QLA7yyLMBwQ7JDUgOGQlIU7LuQk=
3,3,9pJby7TcZmIVqAZqTxO+vrkaVRk=,WgfKau/RZWJarPAnnTbb5W6O1qg=
2,3,9pJby7TcZmIVqAZqTxO+vrkaVRk=,WgfKau/RZWJarPAnnTbb5W6O1qg=
1,3,9pJby7TcZmIVqAZqTxO+vrkaVRk=,WgfKau/RZWJarPAnnTbb5W6O1qg=
0,3,9pJby7TcZmIVqAZqTxO+vrkaVRk=,WgfKau/RZWJarPAnnTbb5W6O1qg=
3,2,9pJby7TcZmIVqAZqTxO+vrkaVRk=,WgfKau/RZWJarPAnnTbb5W6O1qg=
2,2,9pJby7TcZmIVqAZqTxO+vrkaVRk=,WgfKau/RZWJarPAnnTbb5W6O1qg=
1,2,9pJby7TcZmIVqAZqTxO+vrkaVRk=,WgfKau/RZWJarPAnnTbb5W6O1qg=
0,2,9pJby7TcZmIVqAZqTxO+vrkaVRk=,WgfKau/RZWJarPAnnTbb5W6O1qg=
3,1,9pJby7TcZmIVqAZqTxO+vrkaVRk=,WgfKau/RZWJarPAnnTbb5W6O1qg=
2,1,9pJby7TcZmIVqAZqTxO+vrkaVRk=,WgfKau/RZWJarPAnnTbb5W6O1qg=
1,1,9pJby7TcZmIVqAZqTxO+vrkaVRk=,WgfKau/RZWJarPAnnTbb5W6O1qg=
0,1,9pJby7TcZmIVqAZqTxO+vrkaVRk=,WgfKau/RZWJarPAnnTbb5W6O1qg=
3,0,9pJby7TcZmIVqAZqTxO+vrkaVRk=,WgfKau/RZWJarPAnnTbb5W6O1qg=
2,0,9pJby7TcZmIVqAZqTxO+vrkaVRk=,WgfKau/RZWJarPAnnTbb5W6O1qg=
1,0,9pJby7TcZmIVqAZqTxO+vrkaVRk=,WgfKau/RZWJarPAnnTbb5W6O1qg=
4,3,9KBHHVeMex1q09OjJ1aVKYPKk3g=,QLA7yyLMBwQ7JDUgOGQlIU7LuQk=
0,0,9pJby7TcZmIVqAZqTxO+vrkaVRk=,WgfKau/RZWJarPAnnTbb5W6O1qg=
4,14,hP120N99wBIJD5O3QRWhb0D8eCs=,6LKAgaBFOVhLCwUuLMOUF0sNeUc=
6,13,hP120N99wBIJD5O3QRWhb0D8eCs=,6LKAgaBFOVhLCwUuLMOUF0sNeUc=
5,13,hP120N99wBIJD5O3QRWhb0D8eCs=,6LKAgaBFOVhLCwUuLMOUF0sNeUc=
4,13,hP120N99wBIJD5O3QRWhb0D8eCs=,6LKAgaBFOVhLCwUuLMOUF0sNeUc=
6,15,hP120N99wBIJD5O3QRWhb0D8eCs=,6LKAgaBFOVhLCwUuLMOUF0sNeUc=
5,15,hP120N99wBIJD5O3QRWhb0D8eCs=,6LKAgaBFOVhLCwUuLMOUF0sNeUc=
4,15,hP120N99wBIJD5O3QRWhb0D8eCs=,6LKAgaBFOVhLCwUuLMOUF0sNeUc=
6,14,hP120N99wBIJD5O3QRWhb0D8eCs=,6LKAgaBFOVhLCwUuLMOUF0sNeUc=
5,14,hP120N99wBIJD5O3QRWhb0D8eCs=,6LKAgaBFOVhLCwUuLMOUF0sNeUc=
11,9,hZysVQ7sT/USqfsiy9qtFiyqDm0=,/4BV2R3E5f66NG8CHb1cHik+AKk=
14,14,9KBHHVeMex1q09OjJ1aVKYPKk3g=,qVBJmxs35Hj5lEAU0cFvg3YTx6g=
10,9,hZysVQ7sT/USqfsiy9qtFiyqDm0=,/4BV2R3E5f66NG8CHb1cHik+AKk=
15,10,9KBHHVeMex1q09OjJ1aVKYPKk3g=,8MifF1FmORCIB7Ava14q/uluoqs=
9,9,hZysVQ7sT/USqfsiy9qtFiyqDm0=,/4BV2R3E5f66NG8CHb1cHik+AKk=
13,14,9KBHHVeMex1q09OjJ1aVKYPKk3g=,qVBJmxs35Hj5lEAU0cFvg3YTx6g=
12,14,9KBHHVeMex1q09OjJ1aVKYPKk3g=,qVBJmxs35Hj5lEAU0cFvg3YTx6g=
14,10,hZysVQ7sT/USqfsiy9qtFiyqDm0=,8MifF1FmORCIB7Ava14q/uluoqs=
12,10,hZysVQ7sT/USqfsiy9qtFiyqDm0=,8MifF1FmORCIB7Ava14q/uluoqs=
11,13,9KBHHVeMex1q09OjJ1aVKYPKk3g=,DB8/djV1H19IKXG6KpU7LJt2fjU=
13,10,hZysVQ7sT/USqfsiy9qtFiyqDm0=,8MifF1FmORCIB7Ava14q/uluoqs=
14,11,9KBHHVeMex1q09OjJ1aVKYPKk3g=,8MifF1FmORCIB7Ava14q/uluoqs=
12,9,hZysVQ7sT/USqfsiy9qtFiyqDm0=,8MifF1FmORCIB7Ava14q/uluoqs=
10,13,9KBHHVeMex1q09OjJ1aVKYPKk3g=,DB8/djV1H19IKXG6KpU7LJt2fjU=
11,10,hZysVQ7sT/USqfsiy9qtFiyqDm0=,/4BV2R3E5f66NG8CHb1cHik+AKk=
15,9,9KBHHVeMex1q09OjJ1aVKYPKk3g=,8MifF1FmORCIB7Ava14q/uluoqs=
13,11,9KBHHVeMex1q09OjJ1aVKYPKk3g=,8MifF1FmORCIB7Ava14q/uluoqs=
9,13,9KBHHVeMex1q09OjJ1aVKYPKk3g=,DB8/djV1H19IKXG6KpU7LJt2fjU=
14,9,hZysVQ7sT/USqfsiy9qtFiyqDm0=,8MifF1FmORCIB7Ava14q/uluoqs=
10,10,hZysVQ7sT/USqfsiy9qtFiyqDm0=,/4BV2R3E5f66NG8CHb1cHik+AKk=
15,13,9KBHHVeMex1q09OjJ1aVKYPKk3g=,qVBJmxs35Hj5lEAU0cFvg3YTx6g=
13,9,hZysVQ7sT/USqfsiy9qtFiyqDm0=,8MifF1FmORCIB7Ava14q/uluoqs=
12,11,9KBHHVeMex1q09OjJ1aVKYPKk3g=,8MifF1FmORCIB7Ava14q/uluoqs=
9,10,hZysVQ7sT/USqfsiy9qtFiyqDm0=,/4BV2R3E5f66NG8CHb1cHik+AKk=
7,13,hP120N99wBIJD5O3QRWhb0D8eCs=,6LKAgaBFOVhLCwUuLMOUF0sNeUc=
14,13,9KBHHVeMex1q09OjJ1aVKYPKk3g=,qVBJmxs35Hj5lEAU0cFvg3YTx6g=
8,13,9KBHHVeMex1q09OjJ1aVKYPKk3g=,DB8/djV1H19IKXG6KpU7LJt2fjU=
13,13,9KBHHVeMex1q09OjJ1aVKYPKk3g=,qVBJmxs35Hj5lEAU0cFvg3YTx6g=
11,12,9KBHHVeMex1q09OjJ1aVKYPKk3g=,DB8/djV1H19IKXG6KpU7LJt2fjU=
15,15,9KBHHVeMex1q09OjJ1aVKYPKk3g=,qVBJmxs35Hj5lEAU0cFvg3YTx6g=
11,15,9KBHHVeMex1q09OjJ1aVKYPKk3g=,DB8/djV1H19IKXG6KpU7LJt2fjU=
15,12,9KBHHVeMex1q09OjJ1aVKYPKk3g=,qVBJmxs35Hj5lEAU0cFvg3YTx6g=
10,12,9KBHHVeMex1q09OjJ1aVKYPKk3g=,DB8/djV1H19IKXG6KpU7LJt2fjU=
14,12,9KBHHVeMex1q09OjJ1aVKYPKk3g=,qVBJmxs35Hj5lEAU0cFvg3YTx6g=
9,12,9KBHHVeMex1q09OjJ1aVKYPKk3g=,DB8/djV1H19IKXG6KpU7LJt2fjU=
13,12,9KBHHVeMex1q09OjJ1aVKYPKk3g=,qVBJmxs35Hj5lEAU0cFvg3YTx6g=
10,15,9KBHHVeMex1q09OjJ1aVKYPKk3g=,DB8/djV1H19IKXG6KpU7LJt2fjU=
15,0,HRkEUZrFrXlV60lBlVcpzqPHN3w=,lQMeMb5uRfYIVOyN7EuizOVzbJQ=
14,15,9KBHHVeMex1q09OjJ1aVKYPKk3g=,qVBJmxs35Hj5lEAU0cFvg3YTx6g=
14,0,HRkEUZrFrXlV60lBlVcpzqPHN3w=,lQMeMb5uRfYIVOyN7EuizOVzbJQ=
11,11,9KBHHVeMex1q09OjJ1aVKYPKk3g=,/4BV2R3E5f66NG8CHb1cHik+AKk=
13,15,9KBHHVeMex1q09OjJ1aVKYPKk3g=,qVBJmxs35Hj5lEAU0cFvg3YTx6g=
13,0,HRkEUZrFrXlV60lBlVcpzqPHN3w=,lQMeMb5uRfYIVOyN7EuizOVzbJQ=
15,14,9KBHHVeMex1q09OjJ1aVKYPKk3g=,qVBJmxs35Hj5lEAU0cFvg3YTx6g=
10,11,9KBHHVeMex1q09OjJ1aVKYPKk3g=,/4BV2R3E5f66NG8CHb1cHik+AKk=
15,2,HRkEUZrFrXlV60lBlVcpzqPHN3w=,lQMeMb5uRfYIVOyN7EuizOVzbJQ=
14,2,2bajWHk306tuocSnPGadeNR8DTk=,lQMeMb5uRfYIVOyN7EuizOVzbJQ=
9,11,9KBHHVeMex1q09OjJ1aVKYPKk3g=,/4BV2R3E5f66NG8CHb1cHik+AKk=
15,11,9KBHHVeMex1q09OjJ1aVKYPKk3g=,8MifF1FmORCIB7Ava14q/uluoqs=
13,2,2bajWHk306tuocSnPGadeNR8DTk=,lQMeMb5uRfYIVOyN7EuizOVzbJQ=
15,1,HRkEUZrFrXlV60lBlVcpzqPHN3w=,lQMeMb5uRfYIVOyN7EuizOVzbJQ=
14,1,2bajWHk306tuocSnPGadeNR8DTk=,lQMeMb5uRfYIVOyN7EuizOVzbJQ=
13,1,2bajWHk306tuocSnPGadeNR8DTk=,lQMeMb5uRfYIVOyN7EuizOVzbJQ=
9,15,9KBHHVeMex1q09OjJ1aVKYPKk3g=,DB8/djV1H19IKXG6KpU7LJt2fjU=
8,15,9KBHHVeMex1q09OjJ1aVKYPKk3g=,DB8/djV1H19IKXG6KpU7LJt2fjU=
11,14,9KBHHVeMex1q09OjJ1aVKYPKk3g=,DB8/djV1H19IKXG6KpU7LJt2fjU=
12,13,9KBHHVeMex1q09OjJ1aVKYPKk3g=,qVBJmxs35Hj5lEAU0cFvg3YTx6g=
12,12,9KBHHVeMex1q09OjJ1aVKYPKk3g=,qVBJmxs35Hj5lEAU0cFvg3YTx6g=
7,15,hP120N99wBIJD5O3QRWhb0D8eCs=,6LKAgaBFOVhLCwUuLMOUF0sNeUc=
12,15,9KBHHVeMex1q09OjJ1aVKYPKk3g=,qVBJmxs35Hj5lEAU0cFvg3YTx6g=
7,14,hP120N99wBIJD5O3QRWhb0D8eCs=,6LKAgaBFOVhLCwUuLMOUF0sNeUc=
10,14,9KBHHVeMex1q09OjJ1aVKYPKk3g=,DB8/djV1H19IKXG6KpU7LJt2fjU=
9,14,9KBHHVeMex1q09OjJ1aVKYPKk3g=,DB8/djV1H19IKXG6KpU7LJt2fjU=
8,14,9KBHHVeMex1q09OjJ1aVKYPKk3g=,DB8/djV1H19IKXG6KpU7LJt2fjU=
15,7,HRkEUZrFrXlV60lBlVcpzqPHN3w=,NAo4hNEzm9DRsk4PGF7ItBpzqXk=
14,7,HRkEUZrFrXlV60lBlVcpzqPHN3w=,NAo4hNEzm9DRsk4PGF7ItBpzqXk=
13,7,HRkEUZrFrXlV60lBlVcpzqPHN3w=,NAo4hNEzm9DRsk4PGF7ItBpzqXk=
15,4,HRkEUZrFrXlV60lBlVcpzqPHN3w=,NAo4hNEzm9DRsk4PGF7ItBpzqXk=
15,6,HRkEUZrFrXlV60lBlVcpzqPHN3w=,NAo4hNEzm9DRsk4PGF7ItBpzqXk=
14,6,2bajWHk306tuocSnPGadeNR8DTk=,NAo4hNEzm9DRsk4PGF7ItBpzqXk=
13,6,2bajWHk306tuocSnPGadeNR8DTk=,NAo4hNEzm9DRsk4PGF7ItBpzqXk=
14,4,2bajWHk306tuocSnPGadeNR8DTk=,NAo4hNEzm9DRsk4PGF7ItBpzqXk=
13,4,2bajWHk306tuocSnPGadeNR8DTk=,NAo4hNEzm9DRsk4PGF7ItBpzqXk=
15,3,HRkEUZrFrXlV60lBlVcpzqPHN3w=,lQMeMb5uRfYIVOyN7EuizOVzbJQ=
14,3,2bajWHk306tuocSnPGadeNR8DTk=,lQMeMb5uRfYIVOyN7EuizOVzbJQ=
13,3,2bajWHk306tuocSnPGadeNR8DTk=,lQMeMb5uRfYIVOyN7EuizOVzbJQ=
15,5,HRkEUZrFrXlV60lBlVcpzqPHN3w=,NAo4hNEzm9DRsk4PGF7ItBpzqXk=
12,0,HRkEUZrFrXlV60lBlVcpzqPHN3w=,lQMeMb5uRfYIVOyN7EuizOVzbJQ=
11,0,ux3dHaKbOJS2NCdwkiJOQaTHuzE=,feK0AfUIJXGMoTlotY74UVhpUgA=
15,8,9KBHHVeMex1q09OjJ1aVKYPKk3g=,8MifF1FmORCIB7Ava14q/uluoqs=
9,7,tHh+ZVRHiTBGCbdFoBalTij5kHU=,MIaRfV4lqtN8Ttqe8sDShZ2ElZc=
11,2,ux3dHaKbOJS2NCdwkiJOQaTHuzE=,feK0AfUIJXGMoTlotY74UVhpUgA=
10,0,ux3dHaKbOJS2NCdwkiJOQaTHuzE=,feK0AfUIJXGMoTlotY74UVhpUgA=
11,6,tHh+ZVRHiTBGCbdFoBalTij5kHU=,MIaRfV4lqtN8Ttqe8sDShZ2ElZc=
10,2,rtux877NI4xi/cCgkuZnqbDIQ1k=,feK0AfUIJXGMoTlotY74UVhpUgA=
14,5,2bajWHk306tuocSnPGadeNR8DTk=,NAo4hNEzm9DRsk4PGF7ItBpzqXk=
10,6,tHh+ZVRHiTBGCbdFoBalTij5kHU=,MIaRfV4lqtN8Ttqe8sDShZ2ElZc=
9,6,tHh+ZVRHiTBGCbdFoBalTij5kHU=,MIaRfV4lqtN8Ttqe8sDShZ2ElZc=
9,2,rtux877NI4xi/cCgkuZnqbDIQ1k=,feK0AfUIJXGMoTlotY74UVhpUgA=
13,5,2bajWHk306tuocSnPGadeNR8DTk=,NAo4hNEzm9DRsk4PGF7ItBpzqXk=
11,1,ux3dHaKbOJS2NCdwkiJOQaTHuzE=,feK0AfUIJXGMoTlotY74UVhpUgA=
11,5,tHh+ZVRHiTBGCbdFoBalTij5kHU=,MIaRfV4lqtN8Ttqe8sDShZ2ElZc=
8,1,ux3dHaKbOJS2NCdwkiJOQaTHuzE=,feK0AfUIJXGMoTlotY74UVhpUgA=
14,8,tHh+ZVRHiTBGCbdFoBalTij5kHU=,8MifF1FmORCIB7Ava14q/uluoqs=
9,0,ux3dHaKbOJS2NCdwkiJOQaTHuzE=,feK0AfUIJXGMoTlotY74UVhpUgA=
10,5,tHh+ZVRHiTBGCbdFoBalTij5kHU=,MIaRfV4lqtN8Ttqe8sDShZ2ElZc=
10,1,ux3dHaKbOJS2NCdwkiJOQaTHuzE=,feK0AfUIJXGMoTlotY74UVhpUgA=
13,8,tHh+ZVRHiTBGCbdFoBalTij5kHU=,8MifF1FmORCIB7Ava14q/uluoqs=
9,5,tHh+ZVRHiTBGCbdFoBalTij5kHU=,MIaRfV4lqtN8Ttqe8sDShZ2ElZc=
9,1,ux3dHaKbOJS2NCdwkiJOQaTHuzE=,feK0AfUIJXGMoTlotY74UVhpUgA=
8,2,rtux877NI4xi/cCgkuZnqbDIQ1k=,feK0AfUIJXGMoTlotY74UVhpUgA=
12,2,HRkEUZrFrXlV60lBlVcpzqPHN3w=,lQMeMb5uRfYIVOyN7EuizOVzbJQ=
11,4,9KBHHVeMex1q09OjJ1aVKYPKk3g=,MIaRfV4lqtN8Ttqe8sDShZ2ElZc=
12,1,HRkEUZrFrXlV60lBlVcpzqPHN3w=,lQMeMb5uRfYIVOyN7EuizOVzbJQ=
10,4,tHh+ZVRHiTBGCbdFoBalTij5kHU=,MIaRfV4lqtN8Ttqe8sDShZ2ElZc=
8,0,ux3dHaKbOJS2NCdwkiJOQaTHuzE=,feK0AfUIJXGMoTlotY74UVhpUgA=
9,4,tHh+ZVRHiTBGCbdFoBalTij5kHU=,MIaRfV4lqtN8Ttqe8sDShZ2ElZc=
11,8,tHh+ZVRHiTBGCbdFoBalTij5kHU=,/4BV2R3E5f66NG8CHb1cHik+AKk=
10,8,tHh+ZVRHiTBGCbdFoBalTij5kHU=,/4BV2R3E5f66NG8CHb1cHik+AKk=
11,3,rtux877NI4xi/cCgkuZnqbDIQ1k=,feK0AfUIJXGMoTlotY74UVhpUgA=
10,3,rtux877NI4xi/cCgkuZnqbDIQ1k=,feK0AfUIJXGMoTlotY74UVhpUgA=
12,7,HRkEUZrFrXlV60lBlVcpzqPHN3w=,NAo4hNEzm9DRsk4PGF7ItBpzqXk=
9,3,rtux877NI4xi/cCgkuZnqbDIQ1k=,feK0AfUIJXGMoTlotY74UVhpUgA=
9,8,tHh+ZVRHiTBGCbdFoBalTij5kHU=,/4BV2R3E5f66NG8CHb1cHik+AKk=
12,4,2bajWHk306tuocSnPGadeNR8DTk=,NAo4hNEzm9DRsk4PGF7ItBpzqXk=
8,6,tHh+ZVRHiTBGCbdFoBalTij5kHU=,MIaRfV4lqtN8Ttqe8sDShZ2ElZc=
12,6,2bajWHk306tuocSnPGadeNR8DTk=,NAo4hNEzm9DRsk4PGF7ItBpzqXk=
8,5,tHh+ZVRHiTBGCbdFoBalTij5kHU=,MIaRfV4lqtN8Ttqe8sDShZ2ElZc=
12,3,HRkEUZrFrXlV60lBlVcpzqPHN3w=,lQMeMb5uRfYIVOyN7EuizOVzbJQ=
12,8,tHh+ZVRHiTBGCbdFoBalTij5kHU=,8MifF1FmORCIB7Ava14q/uluoqs=
8,4,tHh+ZVRHiTBGCbdFoBalTij5kHU=,MIaRfV4lqtN8Ttqe8sDShZ2ElZc=
8,3,rtux877NI4xi/cCgkuZnqbDIQ1k=,feK0AfUIJXGMoTlotY74UVhpUgA=
12,5,HRkEUZrFrXlV60lBlVcpzqPHN3w=,NAo4hNEzm9DRsk4PGF7ItBpzqXk=
7,6,tHh+ZVRHiTBGCbdFoBalTij5kHU=,QLA7yyLMBwQ7JDUgOGQlIU7LuQk=
3,6,9KBHHVeMex1q09OjJ1aVKYPKk3g=,H7EhyyZlPCuLv/avq3a77QTDVds=
11,7,tHh+ZVRHiTBGCbdFoBalTij5kHU=,MIaRfV4lqtN8Ttqe8sDShZ2ElZc=
6,6,hZysVQ7sT/USqfsiy9qtFiyqDm0=,QLA7yyLMBwQ7JDUgOGQlIU7LuQk=
10,7,tHh+ZVRHiTBGCbdFoBalTij5kHU=,MIaRfV4lqtN8Ttqe8sDShZ2ElZc=
2,6,9KBHHVeMex1q09OjJ1aVKYPKk3g=,H7EhyyZlPCuLv/avq3a77QTDVds=
5,6,hZysVQ7sT/USqfsiy9qtFiyqDm0=,QLA7yyLMBwQ7JDUgOGQlIU7LuQk=
1,6,tHh+ZVRHiTBGCbdFoBalTij5kHU=,H7EhyyZlPCuLv/avq3a77QTDVds=
7,5,tHh+ZVRHiTBGCbdFoBalTij5kHU=,QLA7yyLMBwQ7JDUgOGQlIU7LuQk=
0,6,9KBHHVeMex1q09OjJ1aVKYPKk3g=,H7EhyyZlPCuLv/avq3a77QTDVds=
6,5,hZysVQ7sT/USqfsiy9qtFiyqDm0=,QLA7yyLMBwQ7JDUgOGQlIU7LuQk=
2,8,oxRzZE+4xq8GE9F3oOJCPK4mrzg=,lQMeMb5uRfYIVOyN7EuizOVzbJQ=
1,8,oxRzZE+4xq8GE9F3oOJCPK4mrzg=,lQMeMb5uRfYIVOyN7EuizOVzbJQ=
3,5,9KBHHVeMex1q09OjJ1aVKYPKk3g=,H7EhyyZlPCuLv/avq3a77QTDVds=
0,8,oxRzZE+4xq8GE9F3oOJCPK4mrzg=,lQMeMb5uRfYIVOyN7EuizOVzbJQ=
5,5,hZysVQ7sT/USqfsiy9qtFiyqDm0=,QLA7yyLMBwQ7JDUgOGQlIU7LuQk=
2,5,9KBHHVeMex1q09OjJ1aVKYPKk3g=,H7EhyyZlPCuLv/avq3a77QTDVds=
2,7,tHh+ZVRHiTBGCbdFoBalTij5kHU=,H7EhyyZlPCuLv/avq3a77QTDVds=
7,4,tHh+ZVRHiTBGCbdFoBalTij5kHU=,QLA7yyLMBwQ7JDUgOGQlIU7LuQk=
1,5,9KBHHVeMex1q09OjJ1aVKYPKk3g=,H7EhyyZlPCuLv/avq3a77QTDVds=
1,7,tHh+ZVRHiTBGCbdFoBalTij5kHU=,H7EhyyZlPCuLv/avq3a77QTDVds=
0,7,tHh+ZVRHiTBGCbdFoBalTij5kHU=,H7EhyyZlPCuLv/avq3a77QTDVds=
0,5,9KBHHVeMex1q09OjJ1aVKYPKk3g=,H7EhyyZlPCuLv/avq3a77QTDVds=
6,4,tHh+ZVRHiTBGCbdFoBalTij5kHU=,QLA7yyLMBwQ7JDUgOGQlIU7LuQk=
2,11,oxRzZE+4xq8GE9F3oOJCPK4mrzg=,lQMeMb5uRfYIVOyN7EuizOVzbJQ=
1,11,oxRzZE+4xq8GE9F3oOJCPK4mrzg=,lQMeMb5uRfYIVOyN7EuizOVzbJQ=
3,4,9KBHHVeMex1q09OjJ1aVKYPKk3g=,H7EhyyZlPCuLv/avq3a77QTDVds=
0,11,HRkEUZrFrXlV60lBlVcpzqPHN3w=,lQMeMb5uRfYIVOyN7EuizOVzbJQ=
5,4,tHh+ZVRHiTBGCbdFoBalTij5kHU=,QLA7yyLMBwQ7JDUgOGQlIU7LuQk=
4,6,9KBHHVeMex1q09OjJ1aVKYPKk3g=,QLA7yyLMBwQ7JDUgOGQlIU7LuQk=
2,10,oxRzZE+4xq8GE9F3oOJCPK4mrzg=,lQMeMb5uRfYIVOyN7EuizOVzbJQ=
1,10,oxRzZE+4xq8GE9F3oOJCPK4mrzg=,lQMeMb5uRfYIVOyN7EuizOVzbJQ=
0,10,oxRzZE+4xq8GE9F3oOJCPK4mrzg=,lQMeMb5uRfYIVOyN7EuizOVzbJQ=
4,5,9KBHHVeMex1q09OjJ1aVKYPKk3g=,QLA7yyLMBwQ7JDUgOGQlIU7LuQk=
2,4,9KBHHVeMex1q09OjJ1aVKYPKk3g=,H7EhyyZlPCuLv/avq3a77QTDVds=
2,9,oxRzZE+4xq8GE9F3oOJCPK4mrzg=,lQMeMb5uRfYIVOyN7EuizOVzbJQ=
1,9,oxRzZE+4xq8GE9F3oOJCPK4mrzg=,lQMeMb5uRfYIVOyN7EuizOVzbJQ=
0,9,oxRzZE+4xq8GE9F3oOJCPK4mrzg=,lQMeMb5uRfYIVOyN7EuizOVzbJQ=
1,4,tHh+ZVRHiTBGCbdFoBalTij5kHU=,H7EhyyZlPCuLv/avq3a77QTDVds=
6,7,hZysVQ7sT/USqfsiy9qtFiyqDm0=,QLA7yyLMBwQ7JDUgOGQlIU7LuQk=
3,8,oxRzZE+4xq8GE9F3oOJCPK4mrzg=,lQMeMb5uRfYIVOyN7EuizOVzbJQ=
4,10,tHh+ZVRHiTBGCbdFoBalTij5kHU=,/4BV2R3E5f66NG8CHb1cHik+AKk=
7,9,hZysVQ7sT/USqfsiy9qtFiyqDm0=,/4BV2R3E5f66NG8CHb1cHik+AKk=
0,4,9KBHHVeMex1q09OjJ1aVKYPKk3g=,H7EhyyZlPCuLv/avq3a77QTDVds=
8,7,tHh+ZVRHiTBGCbdFoBalTij5kHU=,MIaRfV4lqtN8Ttqe8sDShZ2ElZc=
3,7,tHh+ZVRHiTBGCbdFoBalTij5kHU=,H7EhyyZlPCuLv/avq3a77QTDVds=
8,9,hZysVQ7sT/USqfsiy9qtFiyqDm0=,/4BV2R3E5f66NG8CHb1cHik+AKk=
8,12,9KBHHVeMex1q09OjJ1aVKYPKk3g=,DB8/djV1H19IKXG6KpU7LJt2fjU=
7,12,hP120N99wBIJD5O3QRWhb0D8eCs=,6LKAgaBFOVhLCwUuLMOUF0sNeUc=
8,11,9KBHHVeMex1q09OjJ1aVKYPKk3g=,/4BV2R3E5f66NG8CHb1cHik+AKk=
5,7,hZysVQ7sT/USqfsiy9qtFiyqDm0=,QLA7yyLMBwQ7JDUgOGQlIU7LuQk=
3,11,oxRzZE+4xq8GE9F3oOJCPK4mrzg=,lQMeMb5uRfYIVOyN7EuizOVzbJQ=
6,12,hP120N99wBIJD5O3QRWhb0D8eCs=,6LKAgaBFOVhLCwUuLMOUF0sNeUc=
5,12,hP120N99wBIJD5O3QRWhb0D8eCs=,6LKAgaBFOVhLCwUuLMOUF0sNeUc=
6,9,hZysVQ7sT/USqfsiy9qtFiyqDm0=,/4BV2R3E5f66NG8CHb1cHik+AKk=
4,7,9KBHHVeMex1q09OjJ1aVKYPKk3g=,QLA7yyLMBwQ7JDUgOGQlIU7LuQk=
4,12,hP120N99wBIJD5O3QRWhb0D8eCs=,6LKAgaBFOVhLCwUuLMOUF0sNeUc=
7,11,9KBHHVeMex1q09OjJ1aVKYPKk3g=,/4BV2R3E5f66NG8CHb1cHik+AKk=
6,11,9KBHHVeMex1q09OjJ1aVKYPKk3g=,/4BV2R3E5f66NG8CHb1cHik+AKk=
5,9,hZysVQ7sT/USqfsiy9qtFiyqDm0=,/4BV2R3E5f66NG8CHb1cHik+AKk=
5,11,9KBHHVeMex1q09OjJ1aVKYPKk3g=,/4BV2R3E5f66NG8CHb1cHik+AKk=
4,9,tHh+ZVRHiTBGCbdFoBalTij5kHU=,/4BV2R3E5f66NG8CHb1cHik+AKk=
3,10,oxRzZE+4xq8GE9F3oOJCPK4mrzg=,lQMeMb5uRfYIVOyN7EuizOVzbJQ=
7,8,tHh+ZVRHiTBGCbdFoBalTij5kHU=,/4BV2R3E5f66NG8CHb1cHik+AKk=
4,11,9KBHHVeMex1q09OjJ1aVKYPKk3g=,/4BV2R3E5f66NG8CHb1cHik+AKk=
8,10,hZysVQ7sT/USqfsiy9qtFiyqDm0=,/4BV2R3E5f66NG8CHb1cHik+AKk=
3,9,oxRzZE+4xq8GE9F3oOJCPK4mrzg=,lQMeMb5uRfYIVOyN7EuizOVzbJQ=
6,8,hZysVQ7sT/USqfsiy9qtFiyqDm0=,/4BV2R3E5f66NG8CHb1cHik+AKk=
5,8,hZysVQ7sT/USqfsiy9qtFiyqDm0=,/4BV2R3E5f66NG8CHb1cHik+AKk=
7,10,hZysVQ7sT/USqfsiy9qtFiyqDm0=,/4BV2R3E5f66NG8CHb1cHik+AKk=
4,8,9KBHHVeMex1q09OjJ1aVKYPKk3g=,/4BV2R3E5f66NG8CHb1cHik+AKk=
7,7,tHh+ZVRHiTBGCbdFoBalTij5kHU=,QLA7yyLMBwQ7JDUgOGQlIU7LuQk=
8,8,tHh+ZVRHiTBGCbdFoBalTij5kHU=,/4BV2R3E5f66NG8CHb1cHik+AKk=
6,10,hZysVQ7sT/USqfsiy9qtFiyqDm0=,/4BV2R3E5f66NG8CHb1cHik+AKk=
5,10,hZysVQ7sT/USqfsiy9qtFiyqDm0=,/4BV2R3E5f66NG8CHb1cHik+AKk=
4,4,9KBHHVeMex1q09OjJ1aVKYPKk3g=,QLA7yyLMBwQ7JDUgOGQlIU7LuQk=
5,16,G0YKumr26YTUC8ssSbekU/ZjzGI=,MXS6gknCP8I0Qla29UlRNMR2Nv4=
4,16,G0YKumr26YTUC8ssSbekU/ZjzGI=,MXS6gknCP8I0Qla29UlRNMR2Nv4=
6,18,G0YKumr26YTUC8ssSbekU/ZjzGI=,MXS6gknCP8I0Qla29UlRNMR2Nv4=
5,18,G0YKumr26YTUC8ssSbekU/ZjzGI=,MXS6gknCP8I0Qla29UlRNMR2Nv4=
15,22,s0J+M/KDWB724vbzZFmdAxBtNJg=,qVBJmxs35Hj5lEAU0cFvg3YTx6g=
15,19,s0J+M/KDWB724vbzZFmdAxBtNJg=,qVBJmxs35Hj5lEAU0cFvg3YTx6g=
4,18,G0YKumr26YTUC8ssSbekU/ZjzGI=,MXS6gknCP8I0Qla29UlRNMR2Nv4=
14,22,jNWp48EsOLlnCQzTuOvYrrYRbOA=,qVBJmxs35Hj5lEAU0cFvg3YTx6g=
14,19,jNWp48EsOLlnCQzTuOvYrrYRbOA=,qVBJmxs35Hj5lEAU0cFvg3YTx6g=
6,17,G0YKumr26YTUC8ssSbekU/ZjzGI=,MXS6gknCP8I0Qla29UlRNMR2Nv4=
13,22,jNWp48EsOLlnCQzTuOvYrrYRbOA=,qVBJmxs35Hj5lEAU0cFvg3YTx6g=
13,19,jNWp48EsOLlnCQzTuOvYrrYRbOA=,qVBJmxs35Hj5lEAU0cFvg3YTx6g=
5,17,G0YKumr26YTUC8ssSbekU/ZjzGI=,MXS6gknCP8I0Qla29UlRNMR2Nv4=
15,21,s0J+M/KDWB724vbzZFmdAxBtNJg=,qVBJmxs35Hj5lEAU0cFvg3YTx6g=
15,18,gtwuzm6IFHd/MOyrHogs2yyAxrU=,qVBJmxs35Hj5lEAU0cFvg3YTx6g=
4,17,G0YKumr26YTUC8ssSbekU/ZjzGI=,MXS6gknCP8I0Qla29UlRNMR2Nv4=
14,21,jNWp48EsOLlnCQzTuOvYrrYRbOA=,qVBJmxs35Hj5lEAU0cFvg3YTx6g=
14,18,jNWp48EsOLlnCQzTuOvYrrYRbOA=,qVBJmxs35Hj5lEAU0cFvg3YTx6g=
6,16,G0YKumr26YTUC8ssSbekU/ZjzGI=,MXS6gknCP8I0Qla29UlRNMR2Nv4=
13,21,jNWp48EsOLlnCQzTuOvYrrYRbOA=,qVBJmxs35Hj5lEAU0cFvg3YTx6g=
13,18,jNWp48EsOLlnCQzTuOvYrrYRbOA=,qVBJmxs35Hj5lEAU0cFvg3YTx6g=
15,17,gtwuzm6IFHd/MOyrHogs2yyAxrU=,qVBJmxs35Hj5lEAU0cFvg3YTx6g=
14,17,jNWp48EsOLlnCQzTuOvYrrYRbOA=,qVBJmxs35Hj5lEAU0cFvg3YTx6g=
13,17,jNWp48EsOLlnCQzTuOvYrrYRbOA=,qVBJmxs35Hj5lEAU0cFvg3YTx6g=
15,16,s0J+M/KDWB724vbzZFmdAxBtNJg=,qVBJmxs35Hj5lEAU0cFvg3YTx6g=
14,16,s0J+M/KDWB724vbzZFmdAxBtNJg=,qVBJmxs35Hj5lEAU0cFvg3YTx6g=
13,16,s0J+M/KDWB724vbzZFmdAxBtNJg=,qVBJmxs35Hj5lEAU0cFvg3YTx6g=
15,20,gtwuzm6IFHd/MOyrHogs2yyAxrU=,qVBJmxs35Hj5lEAU0cFvg3YTx6g=
8,16,s0J+M/KDWB724vbzZFmdAxBtNJg=,qVBJmxs35Hj5lEAU0cFvg3YTx6g=
14,20,jNWp48EsOLlnCQzTuOvYrrYRbOA=,qVBJmxs35Hj5lEAU0cFvg3YTx6g=
13,20,jNWp48EsOLlnCQzTuOvYrrYRbOA=,qVBJmxs35Hj5lEAU0cFvg3YTx6g=
11,18,jNWp48EsOLlnCQzTuOvYrrYRbOA=,qVBJmxs35Hj5lEAU0cFvg3YTx6g=
10,18,jNWp48EsOLlnCQzTuOvYrrYRbOA=,qVBJmxs35Hj5lEAU0cFvg3YTx6g=
9,18,jNWp48EsOLlnCQzTuOvYrrYRbOA=,qVBJmxs35Hj5lEAU0cFvg3YTx6g=
2,22,gtwuzm6IFHd/MOyrHogs2yyAxrU=,qVBJmxs35Hj5lEAU0cFvg3YTx6g=
1,22,gtwuzm6IFHd/MOyrHogs2yyAxrU=,qVBJmxs35Hj5lEAU0cFvg3YTx6g=
0,22,s0J+M/KDWB724vbzZFmdAxBtNJg=,qVBJmxs35Hj5lEAU0cFvg3YTx6g=
2,21,gtwuzm6IFHd/MOyrHogs2yyAxrU=,qVBJmxs35Hj5lEAU0cFvg3YTx6g=
1,21,gtwuzm6IFHd/MOyrHogs2yyAxrU=,qVBJmxs35Hj5lEAU0cFvg3YTx6g=
0,21,s0J+M/KDWB724vbzZFmdAxBtNJg=,qVBJmxs35Hj5lEAU0cFvg3YTx6g=
2,20,s0J+M/KDWB724vbzZFmdAxBtNJg=,qVBJmxs35Hj5lEAU0cFvg3YTx6g=
1,20,s0J+M/KDWB724vbzZFmdAxBtNJg=,qVBJmxs35Hj5lEAU0cFvg3YTx6g=
0,20,s0J+M/KDWB724vbzZFmdAxBtNJg=,qVBJmxs35Hj5lEAU0cFvg3YTx6g=
12,18,jNWp48EsOLlnCQzTuOvYrrYRbOA=,qVBJmxs35Hj5lEAU0cFvg3YTx6g=
8,18,s0J+M/KDWB724vbzZFmdAxBtNJg=,qVBJmxs35Hj5lEAU0cFvg3YTx6g=
11,17,jNWp48EsOLlnCQzTuOvYrrYRbOA=,qVBJmxs35Hj5lEAU0cFvg3YTx6g=
10,17,jNWp48EsOLlnCQzTuOvYrrYRbOA=,qVBJmxs35Hj5lEAU0cFvg3YTx6g=
9,17,jNWp48EsOLlnCQzTuOvYrrYRbOA=,qVBJmxs35Hj5lEAU0cFvg3YTx6g=
12,17,jNWp48EsOLlnCQzTuOvYrrYRbOA=,qVBJmxs35Hj5lEAU0cFvg3YTx6g=
6,22,gtwuzm6IFHd/MOyrHogs2yyAxrU=,qVBJmxs35Hj5lEAU0cFvg3YTx6g=
5,22,gtwuzm6IFHd/MOyrHogs2yyAxrU=,qVBJmxs35Hj5lEAU0cFvg3YTx6g=
7,18,NW6A9W5mTfwr882woi7fTnsy8wk=,MXS6gknCP8I0Qla29UlRNMR2Nv4=
4,22,gtwuzm6IFHd/MOyrHogs2yyAxrU=,qVBJmxs35Hj5lEAU0cFvg3YTx6g=
12,16,s0J+M/KDWB724vbzZFmdAxBtNJg=,qVBJmxs35Hj5lEAU0cFvg3YTx6g=
6,21,gtwuzm6IFHd/MOyrHogs2yyAxrU=,qVBJmxs35Hj5lEAU0cFvg3YTx6g=
7,17,NW6A9W5mTfwr882woi7fTnsy8wk=,MXS6gknCP8I0Qla29UlRNMR2Nv4=
5,21,gtwuzm6IFHd/MOyrHogs2yyAxrU=,qVBJmxs35Hj5lEAU0cFvg3YTx6g=
4,21,gtwuzm6IFHd/MOyrHogs2yyAxrU=,qVBJmxs35Hj5lEAU0cFvg3YTx6g=
8,17,s0J+M/KDWB724vbzZFmdAxBtNJg=,qVBJmxs35Hj5lEAU0cFvg3YTx6g=
6,20,s0J+M/KDWB724vbzZFmdAxBtNJg=,qVBJmxs35Hj5lEAU0cFvg3YTx6g=
11,16,s0J+M/KDWB724vbzZFmdAxBtNJg=,qVBJmxs35Hj5lEAU0cFvg3YTx6g=
5,20,s0J+M/KDWB724vbzZFmdAxBtNJg=,qVBJmxs35Hj5lEAU0cFvg3YTx6g=
10,16,s0J+M/KDWB724vbzZFmdAxBtNJg=,qVBJmxs35Hj5lEAU0cFvg3YTx6g=
4,20,s0J+M/KDWB724vbzZFmdAxBtNJg=,qVBJmxs35Hj5lEAU0cFvg3YTx6g=
3,22,gtwuzm6IFHd/MOyrHogs2yyAxrU=,qVBJmxs35Hj5lEAU0cFvg3YTx6g=
6,19,NW6A9W5mTfwr882woi7fTnsy8wk=,MXS6gknCP8I0Qla29UlRNMR2Nv4=
9,16,s0J+M/KDWB724vbzZFmdAxBtNJg=,qVBJmxs35Hj5lEAU0cFvg3YTx6g=
5,19,NW6A9W5mTfwr882woi7fTnsy8wk=,MXS6gknCP8I0Qla29UlRNMR2Nv4=
8,22,gtwuzm6IFHd/MOyrHogs2yyAxrU=,qVBJmxs35Hj5lEAU0cFvg3YTx6g=
4,19,NW6A9W5mTfwr882woi7fTnsy8wk=,MXS6gknCP8I0Qla29UlRNMR2Nv4=
7,16,NW6A9W5mTfwr882woi7fTnsy8wk=,MXS6gknCP8I0Qla29UlRNMR2Nv4=
3,21,gtwuzm6IFHd/MOyrHogs2yyAxrU=,qVBJmxs35Hj5lEAU0cFvg3YTx6g=
11,21,jNWp48EsOLlnCQzTuOvYrrYRbOA=,qVBJmxs35Hj5lEAU0cFvg3YTx6g=
3,20,s0J+M/KDWB724vbzZFmdAxBtNJg=,qVBJmxs35Hj5lEAU0cFvg3YTx6g=
10,21,jNWp48EsOLlnCQzTuOvYrrYRbOA=,qVBJmxs35Hj5lEAU0cFvg3YTx6g=
9,21,jNWp48EsOLlnCQzTuOvYrrYRbOA=,qVBJmxs35Hj5lEAU0cFvg3YTx6g=
8,21,gtwuzm6IFHd/MOyrHogs2yyAxrU=,qVBJmxs35Hj5lEAU0cFvg3YTx6g=
11,20,jNWp48EsOLlnCQzTuOvYrrYRbOA=,qVBJmxs35Hj5lEAU0cFvg3YTx6g=
10,20,jNWp48EsOLlnCQzTuOvYrrYRbOA=,qVBJmxs35Hj5lEAU0cFvg3YTx6g=
9,20,jNWp48EsOLlnCQzTuOvYrrYRbOA=,qVBJmxs35Hj5lEAU0cFvg3YTx6g=
2,26,gtwuzm6IFHd/MOyrHogs2yyAxrU=,qVBJmxs35Hj5lEAU0cFvg3YTx6g=
12,19,jNWp48EsOLlnCQzTuOvYrrYRbOA=,qVBJmxs35Hj5lEAU0cFvg3YTx6g=
1,26,gtwuzm6IFHd/MOyrHogs2yyAxrU=,qVBJmxs35Hj5lEAU0cFvg3YTx6g=
12,22,jNWp48EsOLlnCQzTuOvYrrYRbOA=,qVBJmxs35Hj5lEAU0cFvg3YTx6g=
0,26,s0J+M/KDWB724vbzZFmdAxBtNJg=,qVBJmxs35Hj5lEAU0cFvg3YTx6g=
8,20,s0J+M/KDWB724vbzZFmdAxBtNJg=,qVBJmxs35Hj5lEAU0cFvg3YTx6g=
2,25,gtwuzm6IFHd/MOyrHogs2yyAxrU=,qVBJmxs35Hj5lEAU0cFvg3YTx6g=
1,25,gtwuzm6IFHd/MOyrHogs2yyAxrU=,qVBJmxs35Hj5lEAU0cFvg3YTx6g=
0,25,s0J+M/KDWB724vbzZFmdAxBtNJg=,qVBJmxs35Hj5lEAU0cFvg3YTx6g=
2,24,gtwuzm6IFHd/MOyrHogs2yyAxrU=,qVBJmxs35Hj5lEAU0cFvg3YTx6g=
1,24,gtwuzm6IFHd/MOyrHogs2yyAxrU=,qVBJmxs35Hj5lEAU0cFvg3YTx6g=
0,24,s0J+M/KDWB724vbzZFmdAxBtNJg=,qVBJmxs35Hj5lEAU0cFvg3YTx6g=
11,19,jNWp48EsOLlnCQzTuOvYrrYRbOA=,qVBJmxs35Hj5lEAU0cFvg3YTx6g=
2,23,gtwuzm6IFHd/MOyrHogs2yyAxrU=,qVBJmxs35Hj5lEAU0cFvg3YTx6g=
10,19,jNWp48EsOLlnCQzTuOvYrrYRbOA=,qVBJmxs35Hj5lEAU0cFvg3YTx6g=
1,23,gtwuzm6IFHd/MOyrHogs2yyAxrU=,qVBJmxs35Hj5lEAU0cFvg3YTx6g=
0,23,s0J+M/KDWB724vbzZFmdAxBtNJg=,qVBJmxs35Hj5lEAU0cFvg3YTx6g=
9,19,gtwuzm6IFHd/MOyrHogs2yyAxrU=,qVBJmxs35Hj5lEAU0cFvg3YTx6g=
8,19,s0J+M/KDWB724vbzZFmdAxBtNJg=,qVBJmxs35Hj5lEAU0cFvg3YTx6g=
7,21,gtwuzm6IFHd/MOyrHogs2yyAxrU=,qVBJmxs35Hj5lEAU0cFvg3YTx6g=
7,20,s0J+M/KDWB724vbzZFmdAxBtNJg=,qVBJmxs35Hj5lEAU0cFvg3YTx6g=
12,21,gtwuzm6IFHd/MOyrHogs2yyAxrU=,qVBJmxs35Hj5lEAU0cFvg3YTx6g=
7,19,NW6A9W5mTfwr882woi7fTnsy8wk=,MXS6gknCP8I0Qla29UlRNMR2Nv4=
11,22,jNWp48EsOLlnCQzTuOvYrrYRbOA=,qVBJmxs35Hj5lEAU0cFvg3YTx6g=
10,22,jNWp48EsOLlnCQzTuOvYrrYRbOA=,qVBJmxs35Hj5lEAU0cFvg3YTx6g=
9,22,jNWp48EsOLlnCQzTuOvYrrYRbOA=,qVBJmxs35Hj5lEAU0cFvg3YTx6g=
12,20,jNWp48EsOLlnCQzTuOvYrrYRbOA=,qVBJmxs35Hj5lEAU0cFvg3YTx6g=
7,22,gtwuzm6IFHd/MOyrHogs2yyAxrU=,qVBJmxs35Hj5lEAU0cFvg3YTx6g=
10,31,NW6A9W5mTfwr882woi7fTnsy8wk=,MXS6gknCP8I0Qla29UlRNMR2Nv4=
4,25,gtwuzm6IFHd/MOyrHogs2yyAxrU=,qVBJmxs35Hj5lEAU0cFvg3YTx6g=
2,28,s0J+M/KDWB724vbzZFmdAxBtNJg=,qVBJmxs35Hj5lEAU0cFvg3YTx6g=
9,31,NW6A9W5mTfwr882woi7fTnsy8wk=,MXS6gknCP8I0Qla29UlRNMR2Nv4=
3,27,s0J+M/KDWB724vbzZFmdAxBtNJg=,qVBJmxs35Hj5lEAU0cFvg3YTx6g=
10,30,NW6A9W5mTfwr882woi7fTnsy8wk=,MXS6gknCP8I0Qla29UlRNMR2Nv4=
6,24,gtwuzm6IFHd/MOyrHogs2yyAxrU=,qVBJmxs35Hj5lEAU0cFvg3YTx6g=
3,31,gtwuzm6IFHd/MOyrHogs2yyAxrU=,qVBJmxs35Hj5lEAU0cFvg3YTx6g=
1,28,s0J+M/KDWB724vbzZFmdAxBtNJg=,qVBJmxs35Hj5lEAU0cFvg3YTx6g=
9,30,NW6A9W5mTfwr882woi7fTnsy8wk=,MXS6gknCP8I0Qla29UlRNMR2Nv4=
10,29,NW6A9W5mTfwr882woi7fTnsy8wk=,MXS6gknCP8I0Qla29UlRNMR2Nv4=
5,24,gtwuzm6IFHd/MOyrHogs2yyAxrU=,qVBJmxs35Hj5lEAU0cFvg3YTx6g=
0,28,s0J+M/KDWB724vbzZFmdAxBtNJg=,qVBJmxs35Hj5lEAU0cFvg3YTx6g=
9,29,NW6A9W5mTfwr882woi7fTnsy8wk=,MXS6gknCP8I0Qla29UlRNMR2Nv4=
4,29,gtwuzm6IFHd/MOyrHogs2yyAxrU=,qVBJmxs35Hj5lEAU0cFvg3YTx6g=
6,28,gtwuzm6IFHd/MOyrHogs2yyAxrU=,qVBJmxs35Hj5lEAU0cFvg3YTx6g=
4,24,gtwuzm6IFHd/MOyrHogs2yyAxrU=,qVBJmxs35Hj5lEAU0cFvg3YTx6g=
7,31,gtwuzm6IFHd/MOyrHogs2yyAxrU=,qVBJmxs35Hj5lEAU0cFvg3YTx6g=
2,27,s0J+M/KDWB724vbzZFmdAxBtNJg=,qVBJmxs35Hj5lEAU0cFvg3YTx6g=
6,23,gtwuzm6IFHd/MOyrHogs2yyAxrU=,qVBJmxs35Hj5lEAU0cFvg3YTx6g=
8,31,NW6A9W5mTfwr882woi7fTnsy8wk=,MXS6gknCP8I0Qla29UlRNMR2Nv4=
1,27,s0J+M/KDWB724vbzZFmdAxBtNJg=,qVBJmxs35Hj5lEAU0cFvg3YTx6g=
5,28,gtwuzm6IFHd/MOyrHogs2yyAxrU=,qVBJmxs35Hj5lEAU0cFvg3YTx6g=
5,23,gtwuzm6IFHd/MOyrHogs2yyAxrU=,qVBJmxs35Hj5lEAU0cFvg3YTx6g=
6,31,gtwuzm6IFHd/MOyrHogs2yyAxrU=,qVBJmxs35Hj5lEAU0cFvg3YTx6g=
2,31,gtwuzm6IFHd/MOyrHogs2yyAxrU=,qVBJmxs35Hj5lEAU0cFvg3YTx6g=
5,31,gtwuzm6IFHd/MOyrHogs2yyAxrU=,qVBJmxs35Hj5lEAU0cFvg3YTx6g=
1,31,gtwuzm6IFHd/MOyrHogs2yyAxrU=,qVBJmxs35Hj5lEAU0cFvg3YTx6g=
4,31,gtwuzm6IFHd/MOyrHogs2yyAxrU=,qVBJmxs35Hj5lEAU0cFvg3YTx6g=
3,26,gtwuzm6IFHd/MOyrHogs2yyAxrU=,qVBJmxs35Hj5lEAU0cFvg3YTx6g=
7,30,gtwuzm6IFHd/MOyrHogs2yyAxrU=,qVBJmxs35Hj5lEAU0cFvg3YTx6g=
0,31,s0J+M/KDWB724vbzZFmdAxBtNJg=,qVBJmxs35Hj5lEAU0cFvg3YTx6g=
3,30,gtwuzm6IFHd/MOyrHogs2yyAxrU=,qVBJmxs35Hj5lEAU0cFvg3YTx6g=
8,30,fpVv8/4djSBFIW6Six48HOEAlMM=,MXS6gknCP8I0Qla29UlRNMR2Nv4=
3,25,gtwuzm6IFHd/MOyrHogs2yyAxrU=,qVBJmxs35Hj5lEAU0cFvg3YTx6g=
6,30,gtwuzm6IFHd/MOyrHogs2yyAxrU=,qVBJmxs35Hj5lEAU0cFvg3YTx6g=
0,27,s0J+M/KDWB724vbzZFmdAxBtNJg=,qVBJmxs35Hj5lEAU0cFvg3YTx6g=
3,24,gtwuzm6IFHd/MOyrHogs2yyAxrU=,qVBJmxs35Hj5lEAU0cFvg3YTx6g=
2,30,gtwuzm6IFHd/MOyrHogs2yyAxrU=,qVBJmxs35Hj5lEAU0cFvg3YTx6g=
4,28,gtwuzm6IFHd/MOyrHogs2yyAxrU=,qVBJmxs35Hj5lEAU0cFvg3YTx6g=
3,23,gtwuzm6IFHd/MOyrHogs2yyAxrU=,qVBJmxs35Hj5lEAU0cFvg3YTx6g=
1,30,gtwuzm6IFHd/MOyrHogs2yyAxrU=,qVBJmxs35Hj5lEAU0cFvg3YTx6g=
6,27,gtwuzm6IFHd/MOyrHogs2yyAxrU=,qVBJmxs35Hj5lEAU0cFvg3YTx6g=
4,23,gtwuzm6IFHd/MOyrHogs2yyAxrU=,qVBJmxs35Hj5lEAU0cFvg3YTx6g=
0,30,s0J+M/KDWB724vbzZFmdAxBtNJg=,qVBJmxs35Hj5lEAU0cFvg3YTx6g=
3,29,s0J+M/KDWB724vbzZFmdAxBtNJg=,qVBJmxs35Hj5lEAU0cFvg3YTx6g=
6,26,gtwuzm6IFHd/MOyrHogs2yyAxrU=,qVBJmxs35Hj5lEAU0cFvg3YTx6g=
2,29,s0J+M/KDWB724vbzZFmdAxBtNJg=,qVBJmxs35Hj5lEAU0cFvg3YTx6g=
5,27,gtwuzm6IFHd/MOyrHogs2yyAxrU=,qVBJmxs35Hj5lEAU0cFvg3YTx6g=
5,26,gtwuzm6IFHd/MOyrHogs2yyAxrU=,qVBJmxs35Hj5lEAU0cFvg3YTx6g=
10,28,fpVv8/4djSBFIW6Six48HOEAlMM=,MXS6gknCP8I0Qla29UlRNMR2Nv4=
1,29,s0J+M/KDWB724vbzZFmdAxBtNJg=,qVBJmxs35Hj5lEAU0cFvg3YTx6g=
9,28,fpVv8/4djSBFIW6Six48HOEAlMM=,MXS6gknCP8I0Qla29UlRNMR2Nv4=
7,28,gtwuzm6IFHd/MOyrHogs2yyAxrU=,qVBJmxs35Hj5lEAU0cFvg3YTx6g=
4,26,gtwuzm6IFHd/MOyrHogs2yyAxrU=,qVBJmxs35Hj5lEAU0cFvg3YTx6g=
0,29,s0J+M/KDWB724vbzZFmdAxBtNJg=,qVBJmxs35Hj5lEAU0cFvg3YTx6g=
4,27,s0J+M/KDWB724vbzZFmdAxBtNJg=,qVBJmxs35Hj5lEAU0cFvg3YTx6g=
8,25,gtwuzm6IFHd/MOyrHogs2yyAxrU=,qVBJmxs35Hj5lEAU0cFvg3YTx6g=
8,29,fpVv8/4djSBFIW6Six48HOEAlMM=,MXS6gknCP8I0Qla29UlRNMR2Nv4=
6,25,gtwuzm6IFHd/MOyrHogs2yyAxrU=,qVBJmxs35Hj5lEAU0cFvg3YTx6g=
7,24,gtwuzm6IFHd/MOyrHogs2yyAxrU=,qVBJmxs35Hj5lEAU0cFvg3YTx6g=
3,28,s0J+M/KDWB724vbzZFmdAxBtNJg=,qVBJmxs35Hj5lEAU0cFvg3YTx6g=
8,28,fpVv8/4djSBFIW6Six48HOEAlMM=,MXS6gknCP8I0Qla29UlRNMR2Nv4=
5,30,gtwuzm6IFHd/MOyrHogs2yyAxrU=,qVBJmxs35Hj5lEAU0cFvg3YTx6g=
5,25,gtwuzm6IFHd/MOyrHogs2yyAxrU=,qVBJmxs35Hj5lEAU0cFvg3YTx6g=
14,26,s0J+M/KDWB724vbzZFmdAxBtNJg=,qVBJmxs35Hj5lEAU0cFvg3YTx6g=
4,30,s0J+M/KDWB724vbzZFmdAxBtNJg=,qVBJmxs35Hj5lEAU0cFvg3YTx6g=
15,31,fpVv8/4djSBFIW6Six48HOEAlMM=,MXS6gknCP8I0Qla29UlRNMR2Nv4=
13,26,s0J+M/KDWB724vbzZFmdAxBtNJg=,qVBJmxs35Hj5lEAU0cFvg3YTx6g=
7,23,gtwuzm6IFHd/MOyrHogs2yyAxrU=,qVBJmxs35Hj5lEAU0cFvg3YTx6g=
7,29,gtwuzm6IFHd/MOyrHogs2yyAxrU=,qVBJmxs35Hj5lEAU0cFvg3YTx6g=
12,26,s0J+M/KDWB724vbzZFmdAxBtNJg=,qVBJmxs35Hj5lEAU0cFvg3YTx6g=
11,31,fpVv8/4djSBFIW6Six48HOEAlMM=,MXS6gknCP8I0Qla29UlRNMR2Nv4=
15,25,s0J+M/KDWB724vbzZFmdAxBtNJg=,qVBJmxs35Hj5lEAU0cFvg3YTx6g=
11,28,fpVv8/4djSBFIW6Six48HOEAlMM=,MXS6gknCP8I0Qla29UlRNMR2Nv4=
6,29,gtwuzm6IFHd/MOyrHogs2yyAxrU=,qVBJmxs35Hj5lEAU0cFvg3YTx6g=
10,24,gtwuzm6IFHd/MOyrHogs2yyAxrU=,qVBJmxs35Hj5lEAU0cFvg3YTx6g=
5,29,gtwuzm6IFHd/MOyrHogs2yyAxrU=,qVBJmxs35Hj5lEAU0cFvg3YTx6g=
11,24,s0J+M/KDWB724vbzZFmdAxBtNJg=,qVBJmxs35Hj5lEAU0cFvg3YTx6g=
14,29,fpVv8/4djSBFIW6Six48HOEAlMM=,MXS6gknCP8I0Qla29UlRNMR2Nv4=
13,29,fpVv8/4djSBFIW6Six48HOEAlMM=,MXS6gknCP8I0Qla29UlRNMR2Nv4=
9,24,gtwuzm6IFHd/MOyrHogs2yyAxrU=,qVBJmxs35Hj5lEAU0cFvg3YTx6g=
14,25,s0J+M/KDWB724vbzZFmdAxBtNJg=,qVBJmxs35Hj5lEAU0cFvg3YTx6g=
12,29,fpVv8/4djSBFIW6Six48HOEAlMM=,MXS6gknCP8I0Qla29UlRNMR2Nv4=
15,28,fpVv8/4djSBFIW6Six48HOEAlMM=,MXS6gknCP8I0Qla29UlRNMR2Nv4=
11,23,s0J+M/KDWB724vbzZFmdAxBtNJg=,qVBJmxs35Hj5lEAU0cFvg3YTx6g=
11,30,fpVv8/4djSBFIW6Six48HOEAlMM=,MXS6gknCP8I0Qla29UlRNMR2Nv4=
8,24,gtwuzm6IFHd/MOyrHogs2yyAxrU=,qVBJmxs35Hj5lEAU0cFvg3YTx6g=
11,27,s0J+M/KDWB724vbzZFmdAxBtNJg=,qVBJmxs35Hj5lEAU0cFvg3YTx6g=
10,27,gtwuzm6IFHd/MOyrHogs2yyAxrU=,qVBJmxs35Hj5lEAU0cFvg3YTx6g=
14,28,fpVv8/4djSBFIW6Six48HOEAlMM=,MXS6gknCP8I0Qla29UlRNMR2Nv4=
11,26,s0J+M/KDWB724vbzZFmdAxBtNJg=,qVBJmxs35Hj5lEAU0cFvg3YTx6g=
9,27,gtwuzm6IFHd/MOyrHogs2yyAxrU=,qVBJmxs35Hj5lEAU0cFvg3YTx6g=
14,31,fpVv8/4djSBFIW6Six48HOEAlMM=,MXS6gknCP8I0Qla29UlRNMR2Nv4=
13,25,s0J+M/KDWB724vbzZFmdAxBtNJg=,qVBJmxs35Hj5lEAU0cFvg3YTx6g=
13,31,fpVv8/4djSBFIW6Six48HOEAlMM=,MXS6gknCP8I0Qla29UlRNMR2Nv4=
12,25,s0J+M/KDWB724vbzZFmdAxBtNJg=,qVBJmxs35Hj5lEAU0cFvg3YTx6g=
8,27,gtwuzm6IFHd/MOyrHogs2yyAxrU=,qVBJmxs35Hj5lEAU0cFvg3YTx6g=
12,31,fpVv8/4djSBFIW6Six48HOEAlMM=,MXS6gknCP8I0Qla29UlRNMR2Nv4=
15,24,s0J+M/KDWB724vbzZFmdAxBtNJg=,qVBJmxs35Hj5lEAU0cFvg3YTx6g=
14,24,s0J+M/KDWB724vbzZFmdAxBtNJg=,qVBJmxs35Hj5lEAU0cFvg3YTx6g=
10,26,gtwuzm6IFHd/MOyrHogs2yyAxrU=,qVBJmxs35Hj5lEAU0cFvg3YTx6g=
13,28,fpVv8/4djSBFIW6Six48HOEAlMM=,MXS6gknCP8I0Qla29UlRNMR2Nv4=
13,24,s0J+M/KDWB724vbzZFmdAxBtNJg=,qVBJmxs35Hj5lEAU0cFvg3YTx6g=
12,28,fpVv8/4djSBFIW6Six48HOEAlMM=,MXS6gknCP8I0Qla29UlRNMR2Nv4=
11,29,fpVv8/4djSBFIW6Six48HOEAlMM=,MXS6gknCP8I0Qla29UlRNMR2Nv4=
10,23,gtwuzm6IFHd/MOyrHogs2yyAxrU=,qVBJmxs35Hj5lEAU0cFvg3YTx6g=
15,27,s0J+M/KDWB724vbzZFmdAxBtNJg=,qVBJmxs35Hj5lEAU0cFvg3YTx6g=
12,24,s0J+M/KDWB724vbzZFmdAxBtNJg=,qVBJmxs35Hj5lEAU0cFvg3YTx6g=
15,30,fpVv8/4djSBFIW6Six48HOEAlMM=,MXS6gknCP8I0Qla29UlRNMR2Nv4=
14,30,fpVv8/4djSBFIW6Six48HOEAlMM=,MXS6gknCP8I0Qla29UlRNMR2Nv4=
13,30,fpVv8/4djSBFIW6Six48HOEAlMM=,MXS6gknCP8I0Qla29UlRNMR2Nv4=
11,25,s0J+M/KDWB724vbzZFmdAxBtNJg=,qVBJmxs35Hj5lEAU0cFvg3YTx6g=
9,26,gtwuzm6IFHd/MOyrHogs2yyAxrU=,qVBJmxs35Hj5lEAU0cFvg3YTx6g=
14,27,s0J+M/KDWB724vbzZFmdAxBtNJg=,qVBJmxs35Hj5lEAU0cFvg3YTx6g=
15,23,s0J+M/KDWB724vbzZFmdAxBtNJg=,qVBJmxs35Hj5lEAU0cFvg3YTx6g=
12,30,fpVv8/4djSBFIW6Six48HOEAlMM=,MXS6gknCP8I0Qla29UlRNMR2Nv4=
14,23,s0J+M/KDWB724vbzZFmdAxBtNJg=,qVBJmxs35Hj5lEAU0cFvg3YTx6g=
9,23,gtwuzm6IFHd/MOyrHogs2yyAxrU=,qVBJmxs35Hj5lEAU0cFvg3YTx6g=
13,23,s0J+M/KDWB724vbzZFmdAxBtNJg=,qVBJmxs35Hj5lEAU0cFvg3YTx6g=
15,29,fpVv8/4djSBFIW6Six48HOEAlMM=,MXS6gknCP8I0Qla29UlRNMR2Nv4=
13,27,s0J+M/KDWB724vbzZFmdAxBtNJg=,qVBJmxs35Hj5lEAU0cFvg3YTx6g=
7,27,gtwuzm6IFHd/MOyrHogs2yyAxrU=,qVBJmxs35Hj5lEAU0cFvg3YTx6g=
12,27,s0J+M/KDWB724vbzZFmdAxBtNJg=,qVBJmxs35Hj5lEAU0cFvg3YTx6g=
12,23,s0J+M/KDWB724vbzZFmdAxBtNJg=,qVBJmxs35Hj5lEAU0cFvg3YTx6g=
15,26,s0J+M/KDWB724vbzZFmdAxBtNJg=,qVBJmxs35Hj5lEAU0cFvg3YTx6g=
8,23,gtwuzm6IFHd/MOyrHogs2yyAxrU=,qVBJmxs35Hj5lEAU0cFvg3YTx6g=
8,26,gtwuzm6IFHd/MOyrHogs2yyAxrU=,qVBJmxs35Hj5lEAU0cFvg3YTx6g=
10,25,gtwuzm6IFHd/MOyrHogs2yyAxrU=,qVBJmxs35Hj5lEAU0cFvg3YTx6g=
9,25,gtwuzm6IFHd/MOyrHogs2yyAxrU=,qVBJmxs35Hj5lEAU0cFvg3YTx6g=
7,26,gtwuzm6IFHd/MOyrHogs2yyAxrU=,qVBJmxs35Hj5lEAU0cFvg3YTx6g=
7,25,gtwuzm6IFHd/MOyrHogs2yyAxrU=,qVBJmxs35Hj5lEAU0cFvg3YTx6g=
23,15,IS4a6I3/U/tSeXoETQ33gSs0fDg=,lQMeMb5uRfYIVOyN7EuizOVzbJQ=
22,15,IS4a6I3/U/tSeXoETQ33gSs0fDg=,lQMeMb5uRfYIVOyN7EuizOVzbJQ=
21,15,IS4a6I3/U/tSeXoETQ33gSs0fDg=,lQMeMb5uRfYIVOyN7EuizOVzbJQ=
23,14,IS4a6I3/U/tSeXoETQ33gSs0fDg=,lQMeMb5uRfYIVOyN7EuizOVzbJQ=
22,14,HRkEUZrFrXlV60lBlVcpzqPHN3w=,lQMeMb5uRfYIVOyN7EuizOVzbJQ=
21,14,HRkEUZrFrXlV60lBlVcpzqPHN3w=,lQMeMb5uRfYIVOyN7EuizOVzbJQ=
23,13,IS4a6I3/U/tSeXoETQ33gSs0fDg=,lQMeMb5uRfYIVOyN7EuizOVzbJQ=
22,13,HRkEUZrFrXlV60lBlVcpzqPHN3w=,lQMeMb5uRfYIVOyN7EuizOVzbJQ=
21,13,HRkEUZrFrXlV60lBlVcpzqPHN3w=,lQMeMb5uRfYIVOyN7EuizOVzbJQ=
19,13,s0J+M/KDWB724vbzZFmdAxBtNJg=,qVBJmxs35Hj5lEAU0cFvg3YTx6g=
23,12,IS4a6I3/U/tSeXoETQ33gSs0fDg=,lQMeMb5uRfYIVOyN7EuizOVzbJQ=
18,13,s0J+M/KDWB724vbzZFmdAxBtNJg=,qVBJmxs35Hj5lEAU0cFvg3YTx6g=
22,12,IS4a6I3/U/tSeXoETQ33gSs0fDg=,lQMeMb5uRfYIVOyN7EuizOVzbJQ=
19,15,s0J+M/KDWB724vbzZFmdAxBtNJg=,qVBJmxs35Hj5lEAU0cFvg3YTx6g=
21,12,IS4a6I3/U/tSeXoETQ33gSs0fDg=,lQMeMb5uRfYIVOyN7EuizOVzbJQ=
18,15,s0J+M/KDWB724vbzZFmdAxBtNJg=,qVBJmxs35Hj5lEAU0cFvg3YTx6g=
23,11,pCH4LejmTZT77cQbbWwZyknRClg=,MXS6gknCP8I0Qla29UlRNMR2Nv4=
22,11,pCH4LejmTZT77cQbbWwZyknRClg=,MXS6gknCP8I0Qla29UlRNMR2Nv4=
23,8,pCH4LejmTZT77cQbbWwZyknRClg=,MXS6gknCP8I0Qla29UlRNMR2Nv4=
21,11,pCH4LejmTZT77cQbbWwZyknRClg=,MXS6gknCP8I0Qla29UlRNMR2Nv4=
23,10,pCH4LejmTZT77cQbbWwZyknRClg=,MXS6gknCP8I0Qla29UlRNMR2Nv4=
17,13,s0J+M/KDWB724vbzZFmdAxBtNJg=,qVBJmxs35Hj5lEAU0cFvg3YTx6g=
22,10,pCH4LejmTZT77cQbbWwZyknRClg=,MXS6gknCP8I0Qla29UlRNMR2Nv4=
21,10,pCH4LejmTZT77cQbbWwZyknRClg=,MXS6gknCP8I0Qla29UlRNMR2Nv4=
23,9,pCH4LejmTZT77cQbbWwZyknRClg=,MXS6gknCP8I0Qla29UlRNMR2Nv4=
22,9,pCH4LejmTZT77cQbbWwZyknRClg=,MXS6gknCP8I0Qla29UlRNMR2Nv4=
22,8,pCH4LejmTZT77cQbbWwZyknRClg=,MXS6gknCP8I0Qla29UlRNMR2Nv4=
20,9,pCH4LejmTZT77cQbbWwZyknRClg=,MXS6gknCP8I0Qla29UlRNMR2Nv4=
21,9,pCH4LejmTZT77cQbbWwZyknRClg=,MXS6gknCP8I0Qla29UlRNMR2Nv4=
21,8,pCH4LejmTZT77cQbbWwZyknRClg=,MXS6gknCP8I0Qla29UlRNMR2Nv4=
16,13,s0J+M/KDWB724vbzZFmdAxBtNJg=,qVBJmxs35Hj5lEAU0cFvg3YTx6g=
20,12,IS4a6I3/U/tSeXoETQ33gSs0fDg=,lQMeMb5uRfYIVOyN7EuizOVzbJQ=
23,7,pCH4LejmTZT77cQbbWwZyknRClg=,MXS6gknCP8I0Qla29UlRNMR2Nv4=
17,15,s0J+M/KDWB724vbzZFmdAxBtNJg=,qVBJmxs35Hj5lEAU0cFvg3YTx6g=
16,15,s0J+M/KDWB724vbzZFmdAxBtNJg=,qVBJmxs35Hj5lEAU0cFvg3YTx6g=
20,11,pCH4LejmTZT77cQbbWwZyknRClg=,MXS6gknCP8I0Qla29UlRNMR2Nv4=
22,7,pCH4LejmTZT77cQbbWwZyknRClg=,MXS6gknCP8I0Qla29UlRNMR2Nv4=
19,14,s0J+M/KDWB724vbzZFmdAxBtNJg=,qVBJmxs35Hj5lEAU0cFvg3YTx6g=
18,14,s0J+M/KDWB724vbzZFmdAxBtNJg=,qVBJmxs35Hj5lEAU0cFvg3YTx6g=
19,12,s0J+M/KDWB724vbzZFmdAxBtNJg=,qVBJmxs35Hj5lEAU0cFvg3YTx6g=
21,7,pCH4LejmTZT77cQbbWwZyknRClg=,MXS6gknCP8I0Qla29UlRNMR2Nv4=
17,14,s0J+M/KDWB724vbzZFmdAxBtNJg=,qVBJmxs35Hj5lEAU0cFvg3YTx6g=
23,6,pCH4LejmTZT77cQbbWwZyknRClg=,MXS6gknCP8I0Qla29UlRNMR2Nv4=
16,14,s0J+M/KDWB724vbzZFmdAxBtNJg=,qVBJmxs35Hj5lEAU0cFvg3YTx6g=
19,9,IS4a6I3/U/tSeXoETQ33gSs0fDg=,lQMeMb5uRfYIVOyN7EuizOVzbJQ=
20,15,IS4a6I3/U/tSeXoETQ33gSs0fDg=,lQMeMb5uRfYIVOyN7EuizOVzbJQ=
22,6,pCH4LejmTZT77cQbbWwZyknRClg=,MXS6gknCP8I0Qla29UlRNMR2Nv4=
18,9,IS4a6I3/U/tSeXoETQ33gSs0fDg=,lQMeMb5uRfYIVOyN7EuizOVzbJQ=
20,14,IS4a6I3/U/tSeXoETQ33gSs0fDg=,lQMeMb5uRfYIVOyN7EuizOVzbJQ=
20,13,IS4a6I3/U/tSeXoETQ33gSs0fDg=,lQMeMb5uRfYIVOyN7EuizOVzbJQ=
21,6,pCH4LejmTZT77cQbbWwZyknRClg=,MXS6gknCP8I0Qla29UlRNMR2Nv4=
23,5,pCH4LejmTZT77cQbbWwZyknRClg=,MXS6gknCP8I0Qla29UlRNMR2Nv4=
17,9,IS4a6I3/U/tSeXoETQ33gSs0fDg=,lQMeMb5uRfYIVOyN7EuizOVzbJQ=
22,5,pCH4LejmTZT77cQbbWwZyknRClg=,MXS6gknCP8I0Qla29UlRNMR2Nv4=
16,9,IS4a6I3/U/tSeXoETQ33gSs0fDg=,lQMeMb5uRfYIVOyN7EuizOVzbJQ=
21,5,pCH4LejmTZT77cQbbWwZyknRClg=,MXS6gknCP8I0Qla29UlRNMR2Nv4=
18,12,s0J+M/KDWB724vbzZFmdAxBtNJg=,qVBJmxs35Hj5lEAU0cFvg3YTx6g=
20,10,pCH4LejmTZT77cQbbWwZyknRClg=,MXS6gknCP8I0Qla29UlRNMR2Nv4=
17,12,s0J+M/KDWB724vbzZFmdAxBtNJg=,qVBJmxs35Hj5lEAU0cFvg3YTx6g=
16,12,s0J+M/KDWB724vbzZFmdAxBtNJg=,qVBJmxs35Hj5lEAU0cFvg3YTx6g=
19,11,IS4a6I3/U/tSeXoETQ33gSs0fDg=,lQMeMb5uRfYIVOyN7EuizOVzbJQ=
23,0,pCH4LejmTZT77cQbbWwZyknRClg=,MXS6gknCP8I0Qla29UlRNMR2Nv4=
20,1,pCH4LejmTZT77cQbbWwZyknRClg=,MXS6gknCP8I0Qla29UlRNMR2Nv4=
22,0,pCH4LejmTZT77cQbbWwZyknRClg=,MXS6gknCP8I0Qla29UlRNMR2Nv4=
20,0,pCH4LejmTZT77cQbbWwZyknRClg=,MXS6gknCP8I0Qla29UlRNMR2Nv4=
21,0,pCH4LejmTZT77cQbbWwZyknRClg=,MXS6gknCP8I0Qla29UlRNMR2Nv4=
19,2,IS4a6I3/U/tSeXoETQ33gSs0fDg=,lQMeMb5uRfYIVOyN7EuizOVzbJQ=
23,3,pCH4LejmTZT77cQbbWwZyknRClg=,MXS6gknCP8I0Qla29UlRNMR2Nv4=
18,2,IS4a6I3/U/tSeXoETQ33gSs0fDg=,lQMeMb5uRfYIVOyN7EuizOVzbJQ=
18,11,IS4a6I3/U/tSeXoETQ33gSs0fDg=,lQMeMb5uRfYIVOyN7EuizOVzbJQ=
22,3,pCH4LejmTZT77cQbbWwZyknRClg=,MXS6gknCP8I0Qla29UlRNMR2Nv4=
17,2,IS4a6I3/U/tSeXoETQ33gSs0fDg=,lQMeMb5uRfYIVOyN7EuizOVzbJQ=
21,3,pCH4LejmTZT77cQbbWwZyknRClg=,MXS6gknCP8I0Qla29UlRNMR2Nv4=
23,2,pCH4LejmTZT77cQbbWwZyknRClg=,MXS6gknCP8I0Qla29UlRNMR2Nv4=
22,2,pCH4LejmTZT77cQbbWwZyknRClg=,MXS6gknCP8I0Qla29UlRNMR2Nv4=
21,2,pCH4LejmTZT77cQbbWwZyknRClg=,MXS6gknCP8I0Qla29UlRNMR2Nv4=
16,2,CoXs2OenQgvLYomrMaLtl/qCZfY=,lQMeMb5uRfYIVOyN7EuizOVzbJQ=
17,11,IS4a6I3/U/tSeXoETQ33gSs0fDg=,lQMeMb5uRfYIVOyN7EuizOVzbJQ=
23,1,pCH4LejmTZT77cQbbWwZyknRClg=,MXS6gknCP8I0Qla29UlRNMR2Nv4=
19,1,CoXs2OenQgvLYomrMaLtl/qCZfY=,lQMeMb5uRfYIVOyN7EuizOVzbJQ=
18,1,CoXs2OenQgvLYomrMaLtl/qCZfY=,lQMeMb5uRfYIVOyN7EuizOVzbJQ=
22,1,pCH4LejmTZT77cQbbWwZyknRClg=,MXS6gknCP8I0Qla29UlRNMR2Nv4=
23,4,pCH4LejmTZT77cQbbWwZyknRClg=,MXS6gknCP8I0Qla29UlRNMR2Nv4=
20,4,pCH4LejmTZT77cQbbWwZyknRClg=,MXS6gknCP8I0Qla29UlRNMR2Nv4=
17,1,IS4a6I3/U/tSeXoETQ33gSs0fDg=,lQMeMb5uRfYIVOyN7EuizOVzbJQ=
16,11,IS4a6I3/U/tSeXoETQ33gSs0fDg=,lQMeMb5uRfYIVOyN7EuizOVzbJQ=
21,1,pCH4LejmTZT77cQbbWwZyknRClg=,MXS6gknCP8I0Qla29UlRNMR2Nv4=
16,1,IS4a6I3/U/tSeXoETQ33gSs0fDg=,lQMeMb5uRfYIVOyN7EuizOVzbJQ=
20,2,pCH4LejmTZT77cQbbWwZyknRClg=,MXS6gknCP8I0Qla29UlRNMR2Nv4=
22,4,pCH4LejmTZT77cQbbWwZyknRClg=,MXS6gknCP8I0Qla29UlRNMR2Nv4=
19,0,IS4a6I3/U/tSeXoETQ33gSs0fDg=,lQMeMb5uRfYIVOyN7EuizOVzbJQ=
19,4,IS4a6I3/U/tSeXoETQ33gSs0fDg=,lQMeMb5uRfYIVOyN7EuizOVzbJQ=
19,10,IS4a6I3/U/tSeXoETQ33gSs0fDg=,lQMeMb5uRfYIVOyN7EuizOVzbJQ=
18,0,IS4a6I3/U/tSeXoETQ33gSs0fDg=,lQMeMb5uRfYIVOyN7EuizOVzbJQ=
21,4,pCH4LejmTZT77cQbbWwZyknRClg=,MXS6gknCP8I0Qla29UlRNMR2Nv4=
17,0,IS4a6I3/U/tSeXoETQ33gSs0fDg=,lQMeMb5uRfYIVOyN7EuizOVzbJQ=
18,10,IS4a6I3/U/tSeXoETQ33gSs0fDg=,lQMeMb5uRfYIVOyN7EuizOVzbJQ=
18,4,IS4a6I3/U/tSeXoETQ33gSs0fDg=,lQMeMb5uRfYIVOyN7EuizOVzbJQ=
16,0,CoXs2OenQgvLYomrMaLtl/qCZfY=,lQMeMb5uRfYIVOyN7EuizOVzbJQ=
17,10,IS4a6I3/U/tSeXoETQ33gSs0fDg=,lQMeMb5uRfYIVOyN7EuizOVzbJQ=
20,8,pCH4LejmTZT77cQbbWwZyknRClg=,MXS6gknCP8I0Qla29UlRNMR2Nv4=
16,10,IS4a6I3/U/tSeXoETQ33gSs0fDg=,lQMeMb5uRfYIVOyN7EuizOVzbJQ=
17,4,IS4a6I3/U/tSeXoETQ33gSs0fDg=,lQMeMb5uRfYIVOyN7EuizOVzbJQ=
20,3,pCH4LejmTZT77cQbbWwZyknRClg=,MXS6gknCP8I0Qla29UlRNMR2Nv4=
16,4,CoXs2OenQgvLYomrMaLtl/qCZfY=,lQMeMb5uRfYIVOyN7EuizOVzbJQ=
19,3,IS4a6I3/U/tSeXoETQ33gSs0fDg=,lQMeMb5uRfYIVOyN7EuizOVzbJQ=
19,8,IS4a6I3/U/tSeXoETQ33gSs0fDg=,lQMeMb5uRfYIVOyN7EuizOVzbJQ=
18,8,IS4a6I3/U/tSeXoETQ33gSs0fDg=,lQMeMb5uRfYIVOyN7EuizOVzbJQ=
17,8,IS4a6I3/U/tSeXoETQ33gSs0fDg=,lQMeMb5uRfYIVOyN7EuizOVzbJQ=
18,3,IS4a6I3/U/tSeXoETQ33gSs0fDg=,lQMeMb5uRfYIVOyN7EuizOVzbJQ=
17,3,IS4a6I3/U/tSeXoETQ33gSs0fDg=,lQMeMb5uRfYIVOyN7EuizOVzbJQ=
16,8,IS4a6I3/U/tSeXoETQ33gSs0fDg=,lQMeMb5uRfYIVOyN7EuizOVzbJQ=
19,7,IS4a6I3/U/tSeXoETQ33gSs0fDg=,lQMeMb5uRfYIVOyN7EuizOVzbJQ=
16,3,IS4a6I3/U/tSeXoETQ33gSs0fDg=,lQMeMb5uRfYIVOyN7EuizOVzbJQ=
18,7,CoXs2OenQgvLYomrMaLtl/qCZfY=,lQMeMb5uRfYIVOyN7EuizOVzbJQ=
17,7,IS4a6I3/U/tSeXoETQ33gSs0fDg=,lQMeMb5uRfYIVOyN7EuizOVzbJQ=
20,7,3W1BH1Hda/fKVrElJKsA3sYT+L0=,MXS6gknCP8I0Qla29UlRNMR2Nv4=
20,6,3W1BH1Hda/fKVrElJKsA3sYT+L0=,MXS6gknCP8I0Qla29UlRNMR2Nv4=
16,7,IS4a6I3/U/tSeXoETQ33gSs0fDg=,lQMeMb5uRfYIVOyN7EuizOVzbJQ=
19,6,IS4a6I3/U/tSeXoETQ33gSs0fDg=,lQMeMb5uRfYIVOyN7EuizOVzbJQ=
18,6,IS4a6I3/U/tSeXoETQ33gSs0fDg=,lQMeMb5uRfYIVOyN7EuizOVzbJQ=
17,6,IS4a6I3/U/tSeXoETQ33gSs0fDg=,lQMeMb5uRfYIVOyN7EuizOVzbJQ=
16,6,CoXs2OenQgvLYomrMaLtl/qCZfY=,lQMeMb5uRfYIVOyN7EuizOVzbJQ=
19,5,IS4a6I3/U/tSeXoETQ33gSs0fDg=,lQMeMb5uRfYIVOyN7EuizOVzbJQ=
18,5,IS4a6I3/U/tSeXoETQ33gSs0fDg=,lQMeMb5uRfYIVOyN7EuizOVzbJQ=
17,5,CoXs2OenQgvLYomrMaLtl/qCZfY=,lQMeMb5uRfYIVOyN7EuizOVzbJQ=
16,5,CoXs2OenQgvLYomrMaLtl/qCZfY=,lQMeMb5uRfYIVOyN7EuizOVzbJQ=
20,5,3W1BH1Hda/fKVrElJKsA3sYT+L0=,MXS6gknCP8I0Qla29UlRNMR2Nv4=
1,14,ux3dHaKbOJS2NCdwkiJOQaTHuzE=,PIU8LRkCtv4XGwYpE44rMxcHm84=
2,12,ux3dHaKbOJS2NCdwkiJOQaTHuzE=,PIU8LRkCtv4XGwYpE44rMxcHm84=
1,12,ux3dHaKbOJS2NCdwkiJOQaTHuzE=,PIU8LRkCtv4XGwYpE44rMxcHm84=
1,13,ux3dHaKbOJS2NCdwkiJOQaTHuzE=,PIU8LRkCtv4XGwYpE44rMxcHm84=
2,14,ux3dHaKbOJS2NCdwkiJOQaTHuzE=,PIU8LRkCtv4XGwYpE44rMxcHm84=
2,13,ux3dHaKbOJS2NCdwkiJOQaTHuzE=,PIU8LRkCtv4XGwYpE44rMxcHm84=
3,14,ux3dHaKbOJS2NCdwkiJOQaTHuzE=,PIU8LRkCtv4XGwYpE44rMxcHm84=
3,12,ux3dHaKbOJS2NCdwkiJOQaTHuzE=,PIU8LRkCtv4XGwYpE44rMxcHm84=
3,13,ux3dHaKbOJS2NCdwkiJOQaTHuzE=,PIU8LRkCtv4XGwYpE44rMxcHm84=
2,15,ux3dHaKbOJS2NCdwkiJOQaTHuzE=,PIU8LRkCtv4XGwYpE44rMxcHm84=
0,14,ux3dHaKbOJS2NCdwkiJOQaTHuzE=,PIU8LRkCtv4XGwYpE44rMxcHm84=
0,12,ux3dHaKbOJS2NCdwkiJOQaTHuzE=,PIU8LRkCtv4XGwYpE44rMxcHm84=
1,15,ux3dHaKbOJS2NCdwkiJOQaTHuzE=,PIU8LRkCtv4XGwYpE44rMxcHm84=
0,13,ux3dHaKbOJS2NCdwkiJOQaTHuzE=,PIU8LRkCtv4XGwYpE44rMxcHm84=
3,15,ux3dHaKbOJS2NCdwkiJOQaTHuzE=,PIU8LRkCtv4XGwYpE44rMxcHm84=
0,15,ux3dHaKbOJS2NCdwkiJOQaTHuzE=,PIU8LRkCtv4XGwYpE44rMxcHm84=
19,25,FYV5b55uSAuwJZctD3mqv9lpRzc=,qVBJmxs35Hj5lEAU0cFvg3YTx6g=
18,25,FYV5b55uSAuwJZctD3mqv9lpRzc=,qVBJmxs35Hj5lEAU0cFvg3YTx6g=
17,25,FYV5b55uSAuwJZctD3mqv9lpRzc=,qVBJmxs35Hj5lEAU0cFvg3YTx6g=
19,27,FYV5b55uSAuwJZctD3mqv9lpRzc=,qVBJmxs35Hj5lEAU0cFvg3YTx6g=
18,27,FYV5b55uSAuwJZctD3mqv9lpRzc=,qVBJmxs35Hj5lEAU0cFvg3YTx6g=
19,23,FYV5b55uSAuwJZctD3mqv9lpRzc=,qVBJmxs35Hj5lEAU0cFvg3YTx6g=
17,27,FYV5b55uSAuwJZctD3mqv9lpRzc=,qVBJmxs35Hj5lEAU0cFvg3YTx6g=
17,22,FYV5b55uSAuwJZctD3mqv9lpRzc=,qVBJmxs35Hj5lEAU0cFvg3YTx6g=
16,25,FYV5b55uSAuwJZctD3mqv9lpRzc=,qVBJmxs35Hj5lEAU0cFvg3YTx6g=
16,22,FYV5b55uSAuwJZctD3mqv9lpRzc=,qVBJmxs35Hj5lEAU0cFvg3YTx6g=
16,27,FYV5b55uSAuwJZctD3mqv9lpRzc=,qVBJmxs35Hj5lEAU0cFvg3YTx6g=
17,20,FYV5b55uSAuwJZctD3mqv9lpRzc=,qVBJmxs35Hj5lEAU0cFvg3YTx6g=
19,26,FYV5b55uSAuwJZctD3mqv9lpRzc=,qVBJmxs35Hj5lEAU0cFvg3YTx6g=
19,21,FYV5b55uSAuwJZctD3mqv9lpRzc=,qVBJmxs35Hj5lEAU0cFvg3YTx6g=
18,21,FYV5b55uSAuwJZctD3mqv9lpRzc=,qVBJmxs35Hj5lEAU0cFvg3YTx6g=
18,26,FYV5b55uSAuwJZctD3mqv9lpRzc=,qVBJmxs35Hj5lEAU0cFvg3YTx6g=
16,20,FYV5b55uSAuwJZctD3mqv9lpRzc=,qVBJmxs35Hj5lEAU0cFvg3YTx6g=
17,21,FYV5b55uSAuwJZctD3mqv9lpRzc=,qVBJmxs35Hj5lEAU0cFvg3YTx6g=
19,18,FYV5b55uSAuwJZctD3mqv9lpRzc=,qVBJmxs35Hj5lEAU0cFvg3YTx6g=
17,26,FYV5b55uSAuwJZctD3mqv9lpRzc=,qVBJmxs35Hj5lEAU0cFvg3YTx6g=
17,18,FYV5b55uSAuwJZctD3mqv9lpRzc=,qVBJmxs35Hj5lEAU0cFvg3YTx6g=
19,24,FYV5b55uSAuwJZctD3mqv9lpRzc=,qVBJmxs35Hj5lEAU0cFvg3YTx6g=
16,26,FYV5b55uSAuwJZctD3mqv9lpRzc=,qVBJmxs35Hj5lEAU0cFvg3YTx6g=
19,16,FYV5b55uSAuwJZctD3mqv9lpRzc=,qVBJmxs35Hj5lEAU0cFvg3YTx6g=
16,21,FYV5b55uSAuwJZctD3mqv9lpRzc=,qVBJmxs35Hj5lEAU0cFvg3YTx6g=
18,23,FYV5b55uSAuwJZctD3mqv9lpRzc=,qVBJmxs35Hj5lEAU0cFvg3YTx6g=
17,23,FYV5b55uSAuwJZctD3mqv9lpRzc=,qVBJmxs35Hj5lEAU0cFvg3YTx6g=
16,18,FYV5b55uSAuwJZctD3mqv9lpRzc=,qVBJmxs35Hj5lEAU0cFvg3YTx6g=
16,23,FYV5b55uSAuwJZctD3mqv9lpRzc=,qVBJmxs35Hj5lEAU0cFvg3YTx6g=
18,24,FYV5b55uSAuwJZctD3mqv9lpRzc=,qVBJmxs35Hj5lEAU0cFvg3YTx6g=
18,16,FYV5b55uSAuwJZctD3mqv9lpRzc=,qVBJmxs35Hj5lEAU0cFvg3YTx6g=
17,16,FYV5b55uSAuwJZctD3mqv9lpRzc=,qVBJmxs35Hj5lEAU0cFvg3YTx6g=
19,22,FYV5b55uSAuwJZctD3mqv9lpRzc=,qVBJmxs35Hj5lEAU0cFvg3YTx6g=
18,18,FYV5b55uSAuwJZctD3mqv9lpRzc=,qVBJmxs35Hj5lEAU0cFvg3YTx6g=
18,22,FYV5b55uSAuwJZctD3mqv9lpRzc=,qVBJmxs35Hj5lEAU0cFvg3YTx6g=
19,19,FYV5b55uSAuwJZctD3mqv9lpRzc=,qVBJmxs35Hj5lEAU0cFvg3YTx6g=
17,24,FYV5b55uSAuwJZctD3mqv9lpRzc=,qVBJmxs35Hj5lEAU0cFvg3YTx6g=
18,19,FYV5b55uSAuwJZctD3mqv9lpRzc=,qVBJmxs35Hj5lEAU0cFvg3YTx6g=
16,24,FYV5b55uSAuwJZctD3mqv9lpRzc=,qVBJmxs35Hj5lEAU0cFvg3YTx6g=
17,19,FYV5b55uSAuwJZctD3mqv9lpRzc=,qVBJmxs35Hj5lEAU0cFvg3YTx6g=
19,20,FYV5b55uSAuwJZctD3mqv9lpRzc=,qVBJmxs35Hj5lEAU0cFvg3YTx6g=
16,16,FYV5b55uSAuwJZctD3mqv9lpRzc=,qVBJmxs35Hj5lEAU0cFvg3YTx6g=
18,20,FYV5b55uSAuwJZctD3mqv9lpRzc=,qVBJmxs35Hj5lEAU0cFvg3YTx6g=
16,19,FYV5b55uSAuwJZctD3mqv9lpRzc=,qVBJmxs35Hj5lEAU0cFvg3YTx6g=
19,17,FYV5b55uSAuwJZctD3mqv9lpRzc=,qVBJmxs35Hj5lEAU0cFvg3YTx6g=
18,17,FYV5b55uSAuwJZctD3mqv9lpRzc=,qVBJmxs35Hj5lEAU0cFvg3YTx6g=
17,17,FYV5b55uSAuwJZctD3mqv9lpRzc=,qVBJmxs35Hj5lEAU0cFvg3YTx6g=
16,17,FYV5b55uSAuwJZctD3mqv9lpRzc=,qVBJmxs35Hj5lEAU0cFvg3YTx6g=
